CustomerID,Age,Gender,Tenure,MonthlyCharges,TotalCharges,ContractType,PaymentMethod,InternetService,OnlineSecurity,TechSupport,StreamingTV,PaperlessBilling,SeniorCitizen,Partner,Dependents,PhoneService,MultipleLines,Churn
1,56,Male,49,76.52,5964.81,Two year,Credit card,Fiber optic,Yes,No internet service,Yes,Yes,0,No,No,Yes,Yes,0
2,69,Female,70,46.1,4035.15,Two year,Credit card,DSL,Yes,Yes,Yes,Yes,0,No,Yes,Yes,No phone service,0
3,46,Female,49,33.98,7191.58,Month-to-month,Bank transfer,Fiber optic,No,No internet service,No internet service,Yes,0,No,Yes,Yes,No phone service,0
4,32,Male,3,77.22,7734.48,Month-to-month,Bank transfer,No,Yes,No internet service,No internet service,No,0,Yes,No,Yes,Yes,1
5,60,Male,5,36.03,2961.75,Month-to-month,Mailed check,DSL,No,Yes,Yes,No,1,No,No,Yes,No,1
6,25,Female,61,83.24,5243.16,Two year,Credit card,DSL,No,No internet service,No internet service,No,0,No,No,Yes,No phone service,0
7,38,Female,26,101.28,5331.48,One year,Mailed check,Fiber optic,Yes,No,Yes,Yes,0,No,No,Yes,No,0
8,56,Female,5,127.56,3288.72,Two year,Electronic check,DSL,No internet service,No,Yes,No,0,No,No,Yes,Yes,0
9,36,Female,15,108.22,2602.65,Two year,Credit card,No,No internet service,No internet service,Yes,Yes,0,No,Yes,Yes,No phone service,0
10,40,Female,16,28.48,7476.58,One year,Bank transfer,Fiber optic,No internet service,No internet service,Yes,No,0,Yes,No,Yes,Yes,0
11,28,Female,1,59.97,6340.85,Two year,Credit card,Fiber optic,No,Yes,No internet service,Yes,0,Yes,No,Yes,Yes,0
12,28,Female,16,57.44,1004.27,Two year,Mailed check,DSL,No,Yes,No,No,0,No,No,Yes,Yes,0
13,41,Male,37,138.95,1047.08,Two year,Bank transfer,DSL,Yes,No internet service,No,Yes,0,Yes,Yes,Yes,No phone service,0
14,53,Female,3,132.81,7388.09,One year,Electronic check,DSL,No,Yes,Yes,Yes,0,No,Yes,No,Yes,0
15,57,Female,52,68.12,743.14,Two year,Electronic check,Fiber optic,No internet service,No,No internet service,No,0,Yes,No,Yes,No,0
16,41,Male,47,29.25,5538.53,Month-to-month,Mailed check,Fiber optic,Yes,No,No,No,0,Yes,No,Yes,Yes,0
17,20,Female,13,136.23,1891.39,One year,Credit card,DSL,No internet service,No,No,No,1,Yes,Yes,Yes,No phone service,0
18,39,Female,55,135.46,377.96,Month-to-month,Electronic check,No,Yes,Yes,Yes,No,0,Yes,No,Yes,No phone service,0
19,19,Male,21,131.12,571.14,Month-to-month,Mailed check,Fiber optic,No internet service,Yes,Yes,Yes,0,No,No,Yes,No phone service,0
20,41,Female,66,129.86,3050.82,Two year,Bank transfer,DSL,Yes,Yes,No internet service,No,0,Yes,No,Yes,No,0
21,61,Male,54,82.43,712.95,One year,Bank transfer,DSL,No internet service,Yes,No,Yes,0,No,Yes,Yes,No phone service,0
22,47,Male,27,43.07,4813.45,Month-to-month,Mailed check,DSL,No,No internet service,Yes,No,1,Yes,No,No,No,0
23,55,Male,38,82.07,5213.31,Month-to-month,Credit card,DSL,No internet service,No internet service,Yes,No,0,Yes,Yes,Yes,Yes,0
24,19,Male,58,84.3,3050.4,Two year,Credit card,Fiber optic,Yes,No internet service,No internet service,Yes,0,Yes,Yes,Yes,No,0
25,38,Female,62,83.69,5968.74,Two year,Credit card,No,No internet service,No internet service,Yes,No,0,No,No,Yes,Yes,0
26,50,Male,46,90.04,3971.34,Month-to-month,Credit card,No,No,No,Yes,No,0,Yes,Yes,Yes,Yes,0
27,29,Male,11,53.5,3498.81,Two year,Mailed check,No,Yes,Yes,Yes,No,0,Yes,No,Yes,Yes,0
28,39,Female,8,67.61,3315.21,Month-to-month,Mailed check,DSL,No,No,Yes,No,0,Yes,No,Yes,No phone service,1
29,61,Male,71,76.44,3505.74,One year,Bank transfer,DSL,No internet service,Yes,Yes,No,0,No,Yes,Yes,No,0
30,42,Male,64,37.05,7746.31,One year,Bank transfer,No,Yes,No internet service,No internet service,No,1,Yes,No,No,No phone service,0
31,66,Male,21,79.2,5483.12,Two year,Credit card,Fiber optic,No internet service,No,Yes,Yes,0,Yes,Yes,Yes,No phone service,0
32,44,Male,63,125.36,2590.16,Two year,Electronic check,DSL,Yes,Yes,No,Yes,0,No,No,No,No,0
33,59,Female,64,127.65,5897.49,Month-to-month,Electronic check,DSL,No,No internet service,Yes,No,1,Yes,No,Yes,Yes,0
34,45,Male,20,73.5,2709.11,One year,Bank transfer,Fiber optic,No,Yes,Yes,Yes,0,Yes,No,Yes,No,0
35,33,Female,8,87.45,1093.15,Month-to-month,Bank transfer,Fiber optic,No,Yes,No,No,0,No,No,Yes,No phone service,1
36,32,Female,58,24.37,3855.35,One year,Mailed check,No,No internet service,No internet service,No,No,0,Yes,No,Yes,No,0
37,64,Male,46,107.68,6033.09,One year,Bank transfer,DSL,Yes,No,Yes,No,1,No,Yes,Yes,Yes,0
38,68,Male,31,72.6,3083.51,Month-to-month,Bank transfer,DSL,No,Yes,No internet service,Yes,0,No,Yes,Yes,No phone service,0
39,61,Male,9,77.91,6966.48,Month-to-month,Credit card,Fiber optic,No internet service,No internet service,No,Yes,1,No,No,Yes,No,0
40,69,Male,15,133.58,3156.93,Month-to-month,Electronic check,DSL,No internet service,Yes,No internet service,No,0,Yes,No,Yes,Yes,0
41,20,Female,26,80.04,2863.73,One year,Electronic check,Fiber optic,Yes,Yes,Yes,No,0,No,No,No,No phone service,0
42,54,Female,10,22.75,7986.13,One year,Mailed check,Fiber optic,No,Yes,Yes,No,0,No,Yes,Yes,No phone service,0
43,68,Female,29,49.57,3911.53,Month-to-month,Electronic check,DSL,No internet service,No,No,Yes,0,Yes,No,Yes,Yes,0
44,24,Male,36,81.83,6461.25,Two year,Credit card,Fiber optic,No,No,No,Yes,0,Yes,Yes,Yes,No,0
45,38,Female,37,75.17,6459.41,Month-to-month,Credit card,DSL,Yes,No,No internet service,No,0,Yes,No,Yes,Yes,0
46,26,Male,71,131.85,7418.32,One year,Mailed check,Fiber optic,No,No,Yes,No,1,No,No,No,No phone service,0
47,56,Male,23,90.48,770.67,One year,Bank transfer,Fiber optic,No,No internet service,No,No,0,No,No,No,Yes,0
48,35,Male,41,109.65,2242.64,Month-to-month,Bank transfer,DSL,No internet service,No,No,No,0,No,No,Yes,No phone service,0
49,21,Male,28,81.01,6165.21,Month-to-month,Credit card,Fiber optic,No internet service,Yes,No,Yes,1,Yes,No,No,Yes,0
50,42,Male,48,77.16,4544.55,Two year,Mailed check,Fiber optic,Yes,No internet service,No internet service,Yes,0,No,No,Yes,No,0
51,31,Female,38,78.02,4520.96,One year,Credit card,DSL,Yes,Yes,Yes,Yes,0,No,No,Yes,Yes,0
52,67,Female,31,73.42,1413.1,Month-to-month,Electronic check,DSL,Yes,No,No,Yes,0,Yes,No,Yes,No phone service,0
53,26,Male,14,90.02,2321.11,Month-to-month,Electronic check,DSL,No internet service,Yes,No,No,0,No,No,Yes,No,0
54,43,Female,29,52.56,4218.54,Two year,Credit card,Fiber optic,Yes,Yes,No,Yes,0,Yes,No,Yes,No phone service,0
55,19,Male,51,135.84,2289.73,Month-to-month,Bank transfer,DSL,Yes,Yes,Yes,No,1,Yes,No,Yes,No,0
56,37,Male,49,63.3,1761.23,Two year,Electronic check,Fiber optic,No internet service,Yes,No internet service,Yes,0,No,No,Yes,No phone service,0
57,45,Male,43,39.18,793.27,Month-to-month,Mailed check,No,Yes,No,No internet service,Yes,0,No,No,No,No phone service,0
58,64,Female,5,32.55,1330.24,One year,Bank transfer,Fiber optic,No internet service,Yes,Yes,Yes,0,No,Yes,Yes,No phone service,0
59,24,Male,42,21.74,6174.06,Month-to-month,Electronic check,DSL,Yes,Yes,No internet service,No,0,No,Yes,Yes,No,0
60,61,Male,7,74.97,5778.36,Two year,Credit card,DSL,No internet service,Yes,No internet service,Yes,1,Yes,No,Yes,No phone service,0
61,25,Female,42,44.39,462.09,One year,Bank transfer,DSL,No,Yes,No,Yes,0,Yes,No,Yes,Yes,0
62,64,Female,36,22.81,1705.94,One year,Bank transfer,DSL,No internet service,No,No internet service,Yes,1,No,No,Yes,No phone service,0
63,52,Female,27,87.6,4527.6,Month-to-month,Electronic check,Fiber optic,No internet service,Yes,No,Yes,1,Yes,No,Yes,No phone service,0
64,31,Male,58,108.4,2648.76,Month-to-month,Mailed check,DSL,No internet service,No internet service,No internet service,Yes,0,Yes,No,Yes,No,0
65,34,Male,46,31.15,6603.67,Month-to-month,Electronic check,Fiber optic,Yes,No internet service,No,Yes,0,No,No,Yes,No phone service,0
66,53,Female,66,79.92,6301.42,Month-to-month,Electronic check,DSL,No internet service,Yes,Yes,No,0,Yes,No,Yes,No phone service,0
67,67,Male,25,116.67,7143.49,Two year,Electronic check,DSL,No internet service,Yes,Yes,No,0,No,No,Yes,No phone service,0
68,57,Female,27,148.15,4547.16,One year,Electronic check,DSL,Yes,No,No internet service,No,0,No,No,Yes,No phone service,0
69,21,Female,1,106.73,2881.4,Month-to-month,Electronic check,DSL,No,No internet service,No,No,1,Yes,No,Yes,No phone service,1
70,19,Male,42,51.83,4887.91,Two year,Credit card,DSL,No internet service,No,Yes,Yes,0,No,No,Yes,Yes,0
71,23,Male,52,113.15,804.18,Two year,Electronic check,Fiber optic,Yes,Yes,Yes,No,0,Yes,No,Yes,Yes,0
72,59,Female,25,97.73,175.73,One year,Mailed check,Fiber optic,No,No internet service,No internet service,No,0,Yes,No,Yes,No,0
73,21,Female,54,47.53,235.04,One year,Bank transfer,DSL,No internet service,No internet service,No,No,0,Yes,No,No,No,0
74,46,Female,67,130.64,3319.59,Two year,Credit card,Fiber optic,No,No,No,Yes,0,Yes,Yes,Yes,Yes,0
75,35,Female,6,75.56,1901.81,One year,Mailed check,DSL,No internet service,Yes,Yes,Yes,0,No,No,Yes,No,0
76,43,Male,58,145.06,1342.97,One year,Electronic check,DSL,No internet service,No internet service,No internet service,Yes,0,No,No,Yes,Yes,0
77,61,Female,70,113.98,4961.08,One year,Mailed check,No,No,No,Yes,No,0,Yes,No,Yes,Yes,0
78,51,Female,53,103.79,7961.25,Month-to-month,Bank transfer,No,No,No internet service,Yes,No,0,Yes,No,Yes,No,1
79,27,Female,66,114.69,1504.25,Two year,Mailed check,No,No,Yes,No internet service,Yes,0,No,No,Yes,No,0
80,53,Male,58,82.15,4416.73,One year,Electronic check,DSL,No internet service,Yes,No internet service,Yes,0,No,No,Yes,No phone service,0
81,31,Male,2,85.68,1045.85,One year,Bank transfer,No,No internet service,Yes,No internet service,No,0,Yes,Yes,Yes,Yes,0
82,48,Female,22,130.66,7480.47,Month-to-month,Electronic check,Fiber optic,Yes,No,No,No,0,No,No,Yes,Yes,0
83,65,Male,37,108.52,2404.87,Month-to-month,Electronic check,Fiber optic,Yes,Yes,No internet service,Yes,0,Yes,Yes,Yes,Yes,0
84,32,Male,20,136.64,7038.88,Month-to-month,Credit card,No,Yes,No,No internet service,Yes,0,No,No,Yes,No,1
85,25,Male,24,135.81,2336.3,Month-to-month,Bank transfer,No,No internet service,No internet service,Yes,No,0,Yes,No,Yes,Yes,0
86,31,Female,65,146.94,6467.81,One year,Bank transfer,Fiber optic,No,Yes,No internet service,Yes,0,No,No,No,Yes,0
87,40,Female,65,111.03,1754.11,Month-to-month,Electronic check,No,Yes,No,No internet service,Yes,0,No,Yes,Yes,No,1
88,57,Male,1,85.3,2413.04,Month-to-month,Mailed check,Fiber optic,No internet service,No,Yes,Yes,0,No,No,Yes,Yes,1
89,38,Female,3,41.62,1620.56,One year,Bank transfer,Fiber optic,No,No,No,Yes,0,Yes,No,Yes,Yes,0
90,33,Female,46,111.7,2187.65,One year,Mailed check,DSL,Yes,Yes,No internet service,Yes,1,Yes,No,No,No phone service,0
91,62,Male,55,57.91,6695.44,Month-to-month,Mailed check,No,No,No,Yes,No,0,Yes,No,Yes,No phone service,0
92,35,Male,64,56.78,5148.36,Month-to-month,Bank transfer,Fiber optic,No,Yes,No,No,1,No,No,Yes,No phone service,0
93,64,Female,45,50.98,3306.45,Two year,Mailed check,No,Yes,Yes,No,Yes,0,Yes,No,Yes,Yes,0
94,41,Male,26,133.77,7775.02,Month-to-month,Bank transfer,Fiber optic,Yes,No internet service,No internet service,No,0,No,Yes,Yes,No phone service,0
95,43,Female,65,132.84,3772.41,Two year,Credit card,Fiber optic,No internet service,No internet service,No,No,0,Yes,No,No,No,0
96,42,Female,24,102.03,7761.1,Month-to-month,Bank transfer,Fiber optic,No,Yes,No internet service,Yes,0,Yes,No,No,No phone service,0
97,62,Male,35,81.49,1653.04,One year,Bank transfer,Fiber optic,Yes,No internet service,No,Yes,0,Yes,No,No,No,0
98,58,Female,24,107.37,7246.64,Month-to-month,Bank transfer,Fiber optic,Yes,No,No,No,1,No,No,Yes,No,1
99,46,Female,28,98.94,209.2,Two year,Credit card,DSL,No,Yes,No,No,0,Yes,No,No,No,0
100,32,Male,16,74.05,4407.9,Month-to-month,Mailed check,Fiber optic,No,No internet service,No internet service,No,0,No,No,Yes,Yes,0
101,62,Male,59,69.35,3442.11,Month-to-month,Credit card,Fiber optic,No,No,No,Yes,0,No,No,Yes,No,0
102,18,Male,54,69.76,4248.19,Month-to-month,Mailed check,DSL,Yes,Yes,Yes,Yes,0,No,Yes,Yes,Yes,0
103,42,Female,16,96.59,4472.21,Two year,Bank transfer,DSL,Yes,No,Yes,No,1,No,No,Yes,No,0
104,24,Male,15,104.2,3173.35,Two year,Bank transfer,DSL,No internet service,Yes,No,Yes,0,Yes,Yes,Yes,Yes,0
105,26,Male,11,78.73,7985.76,Month-to-month,Credit card,DSL,No,No internet service,No internet service,No,0,No,No,Yes,No,1
106,41,Male,65,145.93,7814.41,Month-to-month,Credit card,No,Yes,No,Yes,Yes,1,No,No,Yes,No,0
107,18,Male,68,30.9,7697.79,One year,Credit card,No,Yes,No internet service,No,Yes,0,Yes,No,Yes,Yes,0
108,61,Female,43,65.12,7834.77,Two year,Credit card,Fiber optic,No,No,Yes,Yes,0,No,No,Yes,No phone service,0
109,25,Female,69,74.48,6364.8,One year,Bank transfer,DSL,Yes,No,Yes,No,0,No,No,Yes,No,0
110,41,Male,13,22.2,7909.86,Two year,Bank transfer,Fiber optic,No,No,Yes,Yes,0,Yes,Yes,Yes,No,0
111,28,Female,10,67.44,7149.65,Month-to-month,Electronic check,Fiber optic,Yes,No,Yes,Yes,0,No,No,Yes,No phone service,1
112,68,Male,41,55.58,3385.87,Month-to-month,Credit card,Fiber optic,No,No internet service,Yes,Yes,0,Yes,No,Yes,No,0
113,34,Male,50,85.78,6299.74,Month-to-month,Credit card,Fiber optic,No,No,No,Yes,0,No,No,Yes,Yes,0
114,25,Female,71,63.73,7305.34,One year,Mailed check,DSL,Yes,No internet service,Yes,Yes,0,No,No,Yes,Yes,0
115,52,Female,59,114.4,5729.59,Month-to-month,Mailed check,Fiber optic,No,No,No,No,1,Yes,No,Yes,No,1
116,52,Male,39,86.29,3439.98,Month-to-month,Bank transfer,Fiber optic,No internet service,Yes,Yes,Yes,0,No,No,No,No,0
117,50,Male,3,36.87,619.74,Month-to-month,Electronic check,No,No internet service,Yes,No internet service,Yes,1,Yes,Yes,Yes,Yes,0
118,22,Female,7,117.51,6496.61,One year,Credit card,Fiber optic,No,No,No,No,0,No,Yes,Yes,No phone service,1
119,59,Male,49,32.9,7626.67,Month-to-month,Electronic check,Fiber optic,No internet service,Yes,No internet service,Yes,0,Yes,No,Yes,No,0
120,56,Female,26,129.08,2963.46,Month-to-month,Electronic check,Fiber optic,Yes,No,No internet service,Yes,0,No,No,Yes,Yes,0
121,58,Male,33,141.08,1300.06,Two year,Bank transfer,Fiber optic,Yes,No internet service,Yes,Yes,0,Yes,No,No,No phone service,0
122,45,Male,48,61.92,2679.38,Month-to-month,Electronic check,DSL,No,Yes,Yes,Yes,0,No,No,No,No,0
123,24,Female,2,140.4,4702.72,Month-to-month,Credit card,Fiber optic,Yes,No,Yes,No,0,No,No,Yes,No,1
124,26,Female,71,123.09,2603.74,One year,Bank transfer,DSL,Yes,No,Yes,Yes,0,Yes,No,Yes,No phone service,0
125,25,Female,32,139.92,4923.89,Two year,Electronic check,DSL,No internet service,No internet service,Yes,Yes,0,No,No,No,No,0
126,29,Female,4,106.62,7738.13,One year,Bank transfer,DSL,Yes,No internet service,No internet service,Yes,0,No,No,Yes,No,0
127,51,Female,20,50.63,5398.8,Month-to-month,Bank transfer,DSL,Yes,No,No internet service,Yes,0,No,No,Yes,Yes,0
128,50,Female,36,136.29,2965.01,Two year,Mailed check,DSL,No internet service,No,Yes,No,0,Yes,Yes,Yes,No phone service,0
129,65,Female,32,43.95,7492.45,One year,Bank transfer,Fiber optic,No,No,Yes,Yes,0,No,Yes,No,No,0
130,40,Male,28,47.7,4568.52,Month-to-month,Electronic check,DSL,No,No,No,Yes,0,No,No,Yes,Yes,0
131,41,Male,1,55.24,1114.14,One year,Mailed check,Fiber optic,No internet service,No,No,No,0,No,Yes,Yes,No,0
132,54,Male,60,59.55,4041.95,One year,Credit card,Fiber optic,No internet service,No,No internet service,Yes,1,Yes,No,Yes,Yes,0
133,52,Female,56,86.88,5263.73,One year,Credit card,DSL,Yes,No internet service,No internet service,No,0,Yes,Yes,Yes,No,0
134,61,Female,35,112.75,6722.21,Two year,Credit card,No,Yes,Yes,No internet service,Yes,0,Yes,No,Yes,No,0
135,57,Female,30,140.41,7498.17,One year,Credit card,Fiber optic,No,No,Yes,No,0,No,No,Yes,No,0
136,39,Male,54,31.5,2607.59,Two year,Credit card,No,No,No,No internet service,No,0,No,Yes,Yes,No,0
137,44,Female,36,144.07,1328.55,One year,Electronic check,Fiber optic,No internet service,No internet service,No internet service,No,1,No,No,Yes,No,0
138,52,Female,55,139.77,683.25,Month-to-month,Bank transfer,Fiber optic,Yes,Yes,No internet service,No,0,Yes,No,Yes,No phone service,0
139,18,Male,58,27.02,5933.0,One year,Mailed check,No,No internet service,No internet service,No,Yes,1,Yes,No,Yes,No phone service,0
140,52,Female,65,66.84,6381.75,Month-to-month,Bank transfer,DSL,No,No internet service,No internet service,Yes,0,No,Yes,No,No phone service,0
141,54,Male,69,125.71,3334.05,Month-to-month,Bank transfer,Fiber optic,No,No,No internet service,No,0,Yes,No,Yes,Yes,1
142,64,Male,51,99.5,3227.81,One year,Electronic check,Fiber optic,No internet service,No,No,No,0,No,No,Yes,No phone service,0
143,31,Female,22,121.28,7638.47,One year,Electronic check,No,Yes,No internet service,No internet service,No,0,Yes,No,Yes,No,0
144,20,Female,53,113.47,7341.78,Month-to-month,Electronic check,DSL,Yes,No,Yes,Yes,0,Yes,No,Yes,No,1
145,18,Female,36,84.58,1942.8,Month-to-month,Mailed check,Fiber optic,No internet service,No,No,No,0,No,Yes,Yes,No phone service,0
146,22,Male,68,25.36,6268.38,Month-to-month,Electronic check,DSL,No,No,No internet service,Yes,0,No,No,Yes,Yes,0
147,43,Male,36,95.95,5019.33,Two year,Bank transfer,No,No internet service,Yes,No,Yes,0,No,Yes,Yes,No,0
148,31,Male,52,26.31,1318.36,Month-to-month,Mailed check,Fiber optic,No internet service,Yes,No internet service,No,0,Yes,Yes,Yes,Yes,0
149,56,Female,53,98.48,2918.49,One year,Electronic check,No,Yes,No,No internet service,No,0,Yes,No,Yes,No,0
150,44,Female,50,124.05,1502.04,One year,Electronic check,No,No,No internet service,No,Yes,0,Yes,No,Yes,Yes,0
151,26,Female,41,96.05,2431.73,Month-to-month,Electronic check,Fiber optic,No,Yes,Yes,No,0,Yes,Yes,Yes,Yes,0
152,32,Female,18,149.61,4960.88,Month-to-month,Bank transfer,Fiber optic,Yes,No internet service,No,No,1,Yes,No,Yes,Yes,0
153,32,Male,22,79.26,3064.6,Month-to-month,Electronic check,Fiber optic,No,No,Yes,Yes,0,Yes,No,Yes,No,0
154,43,Male,66,117.35,3213.07,Two year,Bank transfer,Fiber optic,No,No internet service,Yes,No,0,No,No,Yes,No,0
155,59,Male,21,106.74,4363.21,One year,Mailed check,Fiber optic,Yes,No internet service,No,No,0,Yes,Yes,Yes,No phone service,0
156,30,Male,44,148.89,789.07,One year,Electronic check,DSL,No,Yes,No internet service,Yes,1,Yes,Yes,Yes,Yes,0
157,68,Female,47,112.72,5936.5,One year,Credit card,Fiber optic,No,No internet service,Yes,No,0,Yes,No,No,Yes,0
158,49,Female,39,41.32,3273.51,Month-to-month,Credit card,No,No internet service,No internet service,No,No,0,Yes,No,Yes,No,0
159,56,Female,29,144.22,3895.14,Month-to-month,Bank transfer,DSL,No,Yes,No internet service,Yes,0,Yes,No,No,Yes,1
160,66,Male,54,106.81,7796.97,Two year,Electronic check,Fiber optic,No internet service,No,No internet service,No,0,No,No,Yes,Yes,0
161,69,Male,17,27.71,2820.5,Two year,Electronic check,DSL,No internet service,No internet service,No internet service,Yes,0,Yes,No,Yes,No,0
162,49,Female,60,105.48,5220.93,One year,Credit card,Fiber optic,No internet service,No,No,No,0,No,No,Yes,No,0
163,21,Female,31,134.81,3200.78,One year,Mailed check,DSL,Yes,No,No,Yes,1,No,Yes,Yes,No,0
164,47,Male,49,95.02,7164.83,Month-to-month,Mailed check,Fiber optic,Yes,No,No internet service,Yes,0,Yes,Yes,Yes,No,0
165,54,Female,2,66.02,6789.37,Month-to-month,Bank transfer,DSL,No,Yes,No internet service,No,0,Yes,No,Yes,No,1
166,40,Male,48,126.72,2008.83,One year,Credit card,Fiber optic,No internet service,No,No internet service,Yes,0,No,No,Yes,No,0
167,56,Male,14,121.73,5564.79,Two year,Bank transfer,Fiber optic,No,No internet service,No internet service,No,0,Yes,Yes,Yes,Yes,0
168,62,Male,59,90.74,614.86,Month-to-month,Bank transfer,Fiber optic,No,No,No,Yes,1,Yes,No,Yes,No,0
169,32,Female,58,40.07,7709.16,Month-to-month,Mailed check,Fiber optic,No,No,No internet service,No,0,Yes,No,Yes,No phone service,0
170,60,Female,58,52.63,2857.02,Month-to-month,Credit card,No,No,No,Yes,Yes,0,Yes,Yes,Yes,Yes,0
171,46,Male,51,116.0,6671.56,Month-to-month,Bank transfer,Fiber optic,No,No internet service,Yes,Yes,1,Yes,No,Yes,No phone service,0
172,53,Female,2,124.79,2615.61,One year,Mailed check,DSL,No internet service,No,No,No,0,No,No,Yes,No,0
173,30,Male,41,56.3,5098.89,Two year,Mailed check,DSL,No internet service,No,Yes,No,0,No,Yes,Yes,No,0
174,49,Male,16,67.84,7870.37,Two year,Electronic check,DSL,No internet service,No,Yes,Yes,0,No,No,Yes,Yes,0
175,24,Male,4,30.09,7026.32,Two year,Credit card,Fiber optic,No internet service,Yes,Yes,Yes,0,No,Yes,Yes,No,0
176,68,Male,12,112.75,1366.89,One year,Credit card,Fiber optic,Yes,No internet service,No,Yes,0,No,Yes,No,Yes,0
177,39,Female,29,20.47,4425.16,Month-to-month,Electronic check,No,No internet service,Yes,Yes,Yes,0,Yes,Yes,Yes,Yes,0
178,45,Male,7,26.05,2853.4,Two year,Bank transfer,Fiber optic,No internet service,No internet service,No internet service,Yes,0,Yes,No,Yes,No,0
179,19,Male,14,20.56,3531.28,Month-to-month,Mailed check,Fiber optic,No internet service,No,Yes,Yes,0,Yes,No,Yes,Yes,0
180,59,Female,12,103.89,2747.95,Two year,Mailed check,DSL,Yes,No internet service,Yes,Yes,0,No,No,Yes,Yes,0
181,62,Male,5,74.26,2754.08,One year,Mailed check,DSL,No,No internet service,Yes,Yes,0,Yes,No,Yes,Yes,0
182,23,Male,32,58.68,4386.17,Month-to-month,Electronic check,No,Yes,No internet service,No internet service,No,0,Yes,No,Yes,No,0
183,45,Female,43,138.65,1616.52,One year,Mailed check,DSL,No internet service,No internet service,No,No,0,No,No,Yes,Yes,0
184,45,Female,69,45.06,4345.42,Month-to-month,Bank transfer,No,No internet service,Yes,No,No,0,No,Yes,Yes,No phone service,0
185,61,Female,45,70.62,2303.83,Month-to-month,Bank transfer,DSL,Yes,No internet service,Yes,No,1,No,Yes,Yes,Yes,0
186,61,Male,9,142.24,2382.96,Month-to-month,Electronic check,No,No,Yes,No internet service,Yes,1,Yes,No,Yes,Yes,1
187,37,Female,49,75.52,5936.11,Two year,Bank transfer,Fiber optic,Yes,Yes,Yes,Yes,0,No,No,Yes,No,0
188,47,Female,33,92.11,333.79,One year,Credit card,Fiber optic,Yes,No,No,No,0,No,No,No,Yes,0
189,28,Male,18,30.44,3109.47,Month-to-month,Credit card,No,No internet service,No internet service,No,Yes,0,No,No,Yes,No,0
190,45,Male,9,122.72,3319.52,Month-to-month,Mailed check,DSL,Yes,No,No internet service,Yes,0,Yes,No,Yes,Yes,1
191,42,Male,62,74.96,3932.37,One year,Mailed check,DSL,Yes,No internet service,No internet service,No,0,No,Yes,Yes,No phone service,0
192,56,Male,57,124.07,5385.19,Month-to-month,Credit card,DSL,Yes,Yes,No,No,0,No,No,Yes,No,0
193,50,Male,29,52.99,3020.53,One year,Bank transfer,DSL,Yes,Yes,No,No,1,No,No,No,No phone service,0
194,18,Female,25,74.92,1783.78,One year,Electronic check,Fiber optic,Yes,Yes,No,Yes,1,No,No,Yes,Yes,0
195,44,Female,15,122.25,7090.5,Month-to-month,Mailed check,No,Yes,No internet service,Yes,Yes,0,No,No,Yes,No phone service,0
196,69,Female,6,146.6,7850.21,Month-to-month,Mailed check,DSL,No internet service,No internet service,No,No,0,No,No,Yes,Yes,1
197,30,Male,42,27.75,258.12,One year,Credit card,No,No internet service,No internet service,No,No,0,Yes,No,Yes,Yes,0
198,58,Male,29,125.62,4417.09,Month-to-month,Credit card,No,No internet service,No internet service,No internet service,No,0,Yes,Yes,Yes,Yes,0
199,20,Male,4,59.09,2799.45,Month-to-month,Electronic check,Fiber optic,No internet service,No internet service,No,No,0,No,No,Yes,Yes,1
200,56,Female,57,91.6,2288.22,Month-to-month,Mailed check,No,Yes,No,No,Yes,0,Yes,Yes,Yes,Yes,0
201,23,Female,49,57.71,2752.08,Month-to-month,Bank transfer,Fiber optic,Yes,No internet service,No internet service,No,0,Yes,Yes,Yes,Yes,0
202,25,Male,44,99.75,5147.13,Two year,Bank transfer,Fiber optic,Yes,No,No,Yes,0,Yes,No,Yes,No,0
203,44,Female,14,65.99,1606.66,One year,Credit card,Fiber optic,Yes,No internet service,No internet service,No,0,No,Yes,Yes,Yes,0
204,26,Male,3,63.37,7311.6,One year,Electronic check,Fiber optic,No internet service,No internet service,No internet service,Yes,1,No,No,Yes,Yes,0
205,54,Female,62,24.93,3782.3,Month-to-month,Credit card,DSL,No internet service,No internet service,No internet service,Yes,0,Yes,Yes,Yes,Yes,0
206,50,Female,64,39.1,2672.06,Month-to-month,Electronic check,DSL,Yes,No internet service,No internet service,No,0,Yes,No,Yes,No phone service,0
207,68,Female,45,139.22,6147.7,Month-to-month,Bank transfer,Fiber optic,Yes,Yes,No internet service,Yes,0,Yes,No,Yes,No phone service,0
208,59,Male,58,149.78,229.14,Two year,Electronic check,DSL,Yes,Yes,No internet service,No,0,Yes,No,Yes,No,0
209,61,Female,20,121.47,3511.64,Month-to-month,Bank transfer,No,Yes,No,No internet service,No,0,No,No,Yes,No phone service,0
210,41,Female,58,57.29,2906.9,One year,Electronic check,Fiber optic,No,No,No,No,0,Yes,No,Yes,No,0
211,32,Male,57,72.32,2771.86,Month-to-month,Credit card,Fiber optic,No,No internet service,Yes,Yes,0,No,Yes,Yes,Yes,0
212,49,Female,68,116.14,2762.86,Two year,Bank transfer,DSL,No,No internet service,No,No,0,Yes,No,Yes,Yes,0
213,49,Male,52,145.91,347.04,Two year,Mailed check,Fiber optic,No,No internet service,No internet service,Yes,0,No,No,Yes,No,0
214,41,Male,37,79.21,1301.72,Month-to-month,Mailed check,DSL,Yes,No internet service,No internet service,No,1,No,No,Yes,No,0
215,58,Male,8,127.84,1220.89,One year,Bank transfer,DSL,Yes,Yes,No,Yes,0,No,No,No,No,0
216,69,Male,44,146.76,7910.02,Month-to-month,Mailed check,No,Yes,No,Yes,No,0,No,No,Yes,Yes,1
217,66,Male,5,133.55,275.11,One year,Bank transfer,DSL,No,No,No,No,0,No,No,Yes,No phone service,1
218,66,Female,69,49.53,1419.88,Month-to-month,Credit card,Fiber optic,No,No,No,Yes,0,No,Yes,Yes,Yes,0
219,69,Male,31,21.04,7795.98,Month-to-month,Credit card,DSL,Yes,Yes,No,Yes,0,No,Yes,Yes,No,0
220,29,Male,45,83.97,5063.23,Month-to-month,Electronic check,No,No,No internet service,Yes,Yes,0,Yes,Yes,Yes,Yes,0
221,56,Male,9,89.08,3660.27,Two year,Mailed check,Fiber optic,No internet service,Yes,No internet service,No,0,No,No,No,Yes,0
222,19,Male,32,46.16,722.21,Two year,Mailed check,Fiber optic,No,Yes,Yes,Yes,1,Yes,No,Yes,Yes,0
223,20,Female,33,57.01,5390.32,Month-to-month,Mailed check,Fiber optic,No,No,No,Yes,0,Yes,No,Yes,No phone service,0
224,66,Male,67,119.47,1188.64,One year,Bank transfer,Fiber optic,No,Yes,No,Yes,0,Yes,No,No,No phone service,0
225,54,Female,30,81.15,5402.37,Month-to-month,Credit card,DSL,No,No,Yes,Yes,0,Yes,No,Yes,Yes,0
226,66,Male,29,61.26,7835.49,Month-to-month,Mailed check,Fiber optic,Yes,Yes,Yes,No,0,Yes,No,Yes,Yes,0
227,34,Female,3,100.94,4302.58,Two year,Electronic check,DSL,No internet service,No,No internet service,Yes,0,Yes,No,Yes,No,0
228,66,Male,57,104.86,1791.27,Month-to-month,Mailed check,Fiber optic,Yes,No,No internet service,Yes,0,Yes,No,Yes,Yes,1
229,19,Male,30,120.02,5039.74,One year,Electronic check,Fiber optic,No,No internet service,Yes,No,0,No,No,Yes,No phone service,0
230,19,Female,9,40.37,4152.14,Month-to-month,Mailed check,No,No,No,No internet service,No,0,Yes,Yes,Yes,No phone service,1
231,45,Male,26,116.4,4311.81,Month-to-month,Mailed check,DSL,No,Yes,No,No,0,Yes,No,Yes,Yes,1
232,40,Female,2,97.93,3877.04,Month-to-month,Credit card,DSL,No,No,Yes,Yes,0,Yes,Yes,No,No phone service,1
233,54,Male,62,27.48,5422.55,Two year,Electronic check,No,No,Yes,No internet service,Yes,0,Yes,No,Yes,No phone service,0
234,49,Female,3,121.07,4618.37,One year,Mailed check,No,No internet service,No,No,Yes,0,Yes,Yes,Yes,No phone service,0
235,50,Male,46,69.8,7897.26,Month-to-month,Electronic check,No,Yes,No internet service,Yes,Yes,0,Yes,No,No,Yes,0
236,18,Male,68,62.95,6624.32,Two year,Electronic check,Fiber optic,No,No internet service,No internet service,Yes,0,No,Yes,Yes,No,0
237,36,Female,25,78.25,2191.12,Two year,Credit card,DSL,No internet service,Yes,No,No,0,Yes,No,Yes,No phone service,0
238,19,Male,51,65.0,5833.48,Month-to-month,Credit card,No,Yes,No,Yes,Yes,0,Yes,Yes,Yes,No,0
239,61,Male,13,63.98,1792.97,Month-to-month,Electronic check,DSL,Yes,Yes,No internet service,Yes,0,Yes,No,Yes,Yes,0
240,43,Male,44,125.05,6280.54,Month-to-month,Credit card,DSL,Yes,No internet service,No,Yes,1,Yes,Yes,Yes,No,0
241,49,Male,35,36.19,1265.71,Month-to-month,Mailed check,DSL,No,Yes,No,Yes,0,Yes,Yes,Yes,No,0
242,23,Male,55,146.18,3841.08,One year,Mailed check,Fiber optic,No,Yes,No,Yes,0,No,No,Yes,No,0
243,49,Male,9,92.14,6345.79,Month-to-month,Credit card,DSL,No internet service,No,No,Yes,0,Yes,No,Yes,Yes,1
244,21,Female,2,43.78,2312.89,Month-to-month,Electronic check,Fiber optic,No internet service,No internet service,Yes,No,0,Yes,No,Yes,Yes,1
245,28,Female,61,37.06,6713.24,Month-to-month,Mailed check,DSL,Yes,No internet service,No,No,0,No,Yes,Yes,Yes,0
246,34,Female,41,96.9,5188.79,Month-to-month,Bank transfer,DSL,No,No,Yes,No,0,Yes,No,Yes,Yes,0
247,55,Male,44,102.29,3240.43,One year,Electronic check,Fiber optic,Yes,No,Yes,No,0,No,Yes,Yes,No phone service,0
248,41,Female,64,26.89,3444.99,One year,Electronic check,Fiber optic,Yes,No,No internet service,No,0,No,Yes,Yes,Yes,0
249,22,Male,31,51.59,7415.33,Month-to-month,Bank transfer,No,No internet service,No internet service,Yes,No,0,No,No,Yes,No,0
250,69,Male,47,123.41,1820.55,Month-to-month,Bank transfer,No,No,No internet service,No,Yes,0,Yes,No,Yes,No,1
251,51,Male,2,26.45,5577.56,Month-to-month,Electronic check,DSL,No internet service,No,Yes,Yes,0,Yes,No,Yes,Yes,1
252,23,Male,69,131.16,5687.62,Two year,Bank transfer,No,No,Yes,Yes,No,0,No,Yes,Yes,No phone service,0
253,39,Female,58,105.56,7387.35,Month-to-month,Credit card,Fiber optic,Yes,No internet service,No internet service,No,0,No,Yes,Yes,No phone service,0
254,28,Male,44,76.48,5734.0,Month-to-month,Credit card,Fiber optic,Yes,No,Yes,Yes,0,Yes,Yes,Yes,Yes,0
255,65,Female,56,65.04,4717.29,Month-to-month,Electronic check,Fiber optic,Yes,No,No internet service,Yes,0,Yes,Yes,Yes,No phone service,0
256,33,Male,43,22.5,7229.93,Month-to-month,Credit card,No,No,Yes,Yes,No,0,No,No,Yes,No,0
257,50,Female,34,127.28,6650.14,Month-to-month,Mailed check,DSL,Yes,No,No internet service,No,0,No,No,Yes,No phone service,0
258,26,Female,30,38.55,5762.53,One year,Credit card,DSL,No,Yes,Yes,No,0,Yes,Yes,Yes,No phone service,0
259,23,Female,71,60.24,357.37,Two year,Credit card,Fiber optic,No,Yes,No,Yes,0,No,No,Yes,Yes,0
260,33,Female,70,93.98,3050.81,Month-to-month,Bank transfer,DSL,No internet service,No internet service,Yes,No,0,No,No,Yes,No,0
261,46,Female,55,51.98,5091.93,One year,Credit card,Fiber optic,Yes,No,No internet service,No,0,No,Yes,Yes,No phone service,0
262,20,Female,67,84.63,4225.78,One year,Electronic check,Fiber optic,No internet service,No internet service,No internet service,No,1,No,No,Yes,No phone service,0
263,37,Male,13,125.21,2622.61,Month-to-month,Credit card,No,No,No internet service,No,No,0,No,No,Yes,No,1
264,53,Female,3,81.17,1240.95,Month-to-month,Credit card,DSL,Yes,No internet service,No,Yes,0,Yes,No,Yes,No phone service,0
265,36,Male,26,143.37,4468.67,Month-to-month,Electronic check,DSL,Yes,No,No internet service,No,0,Yes,Yes,Yes,No,0
266,43,Female,57,130.18,2358.75,Two year,Electronic check,Fiber optic,No,No,No,Yes,0,Yes,No,Yes,No phone service,0
267,20,Male,24,63.3,1940.7,Two year,Bank transfer,Fiber optic,Yes,No,Yes,Yes,1,Yes,No,Yes,Yes,0
268,36,Female,53,72.0,3251.77,Month-to-month,Mailed check,No,No,No internet service,Yes,No,1,No,No,Yes,No phone service,0
269,37,Female,70,75.03,6305.38,Month-to-month,Credit card,No,Yes,Yes,No,No,0,Yes,No,Yes,No phone service,0
270,49,Male,43,101.4,3954.04,One year,Mailed check,No,Yes,No internet service,Yes,Yes,1,No,No,Yes,No phone service,0
271,24,Female,60,57.28,1810.29,Month-to-month,Bank transfer,Fiber optic,No,Yes,Yes,Yes,0,Yes,No,Yes,No,0
272,69,Female,58,146.0,1023.53,One year,Electronic check,Fiber optic,No internet service,No,No,Yes,0,No,Yes,Yes,No,0
273,58,Female,49,99.13,4042.0,Month-to-month,Electronic check,DSL,No,No,No internet service,Yes,1,No,No,Yes,Yes,0
274,50,Male,42,71.92,6375.49,Two year,Electronic check,Fiber optic,Yes,No internet service,Yes,Yes,0,Yes,Yes,Yes,Yes,0
275,57,Female,66,103.85,5257.26,One year,Bank transfer,No,No,Yes,No,No,0,No,No,Yes,Yes,0
276,56,Male,11,71.4,1933.98,Month-to-month,Credit card,DSL,No,No,No internet service,No,0,No,No,Yes,Yes,1
277,35,Female,18,126.31,3549.98,One year,Bank transfer,DSL,No,No,Yes,No,0,Yes,No,No,Yes,0
278,57,Female,52,93.82,6856.32,Month-to-month,Electronic check,No,Yes,No internet service,Yes,Yes,0,Yes,No,Yes,No,0
279,18,Male,46,25.46,1503.48,Month-to-month,Credit card,DSL,No internet service,No internet service,No,Yes,0,No,Yes,Yes,Yes,0
280,28,Female,44,42.98,4303.44,One year,Electronic check,DSL,No internet service,No internet service,Yes,Yes,1,Yes,No,Yes,No phone service,0
281,45,Female,22,132.45,2914.23,Month-to-month,Electronic check,No,Yes,Yes,No internet service,Yes,0,No,No,Yes,Yes,0
282,42,Male,53,93.18,1081.02,One year,Bank transfer,DSL,No internet service,Yes,No,No,0,Yes,No,Yes,Yes,0
283,67,Female,59,143.54,494.24,Month-to-month,Bank transfer,DSL,No,No,No,No,1,No,No,Yes,Yes,1
284,40,Male,30,29.41,4491.38,One year,Mailed check,Fiber optic,No,No internet service,No,Yes,0,Yes,No,Yes,Yes,0
285,48,Male,8,58.38,263.92,Month-to-month,Electronic check,Fiber optic,No internet service,No,No,Yes,0,Yes,No,Yes,No,1
286,47,Male,57,45.16,917.22,One year,Credit card,Fiber optic,No internet service,Yes,No internet service,No,0,Yes,No,Yes,Yes,0
287,59,Female,20,92.0,2845.76,Month-to-month,Electronic check,Fiber optic,No internet service,No,No internet service,No,0,No,No,Yes,No,0
288,52,Male,25,69.76,443.81,Month-to-month,Credit card,Fiber optic,No,No,No internet service,No,0,Yes,No,Yes,Yes,0
289,24,Male,19,40.45,3263.52,Month-to-month,Mailed check,Fiber optic,No,No internet service,No internet service,Yes,0,Yes,Yes,Yes,No,0
290,33,Female,5,103.56,1129.88,Month-to-month,Electronic check,DSL,Yes,No,No internet service,No,0,No,No,Yes,Yes,1
291,43,Male,27,89.72,2864.0,Month-to-month,Credit card,DSL,Yes,No internet service,No internet service,Yes,0,Yes,No,Yes,No phone service,0
292,65,Female,40,55.72,6350.16,Month-to-month,Credit card,Fiber optic,No,No,No,No,0,No,Yes,Yes,No,0
293,69,Female,26,82.37,5048.28,Two year,Mailed check,Fiber optic,No,No,No,No,0,Yes,No,Yes,No,0
294,66,Female,27,116.95,3618.67,Month-to-month,Bank transfer,Fiber optic,Yes,Yes,No,No,0,Yes,Yes,No,Yes,0
295,19,Female,62,46.69,825.48,One year,Mailed check,Fiber optic,Yes,Yes,No internet service,Yes,0,Yes,No,Yes,No,0
296,18,Male,50,58.08,4991.28,One year,Credit card,Fiber optic,No,No,No,Yes,0,No,No,No,No,0
297,65,Male,42,64.99,1393.31,Month-to-month,Mailed check,DSL,No internet service,No,No internet service,No,0,Yes,Yes,Yes,No,0
298,29,Male,29,117.07,705.03,One year,Bank transfer,No,No,No internet service,No,Yes,0,No,No,Yes,No phone service,0
299,22,Male,39,130.1,5345.57,Two year,Electronic check,No,No internet service,Yes,No internet service,No,0,Yes,No,Yes,Yes,0
300,54,Male,60,68.93,7305.27,Month-to-month,Mailed check,Fiber optic,No,Yes,No internet service,Yes,0,Yes,No,Yes,No phone service,0
301,49,Female,41,58.56,3738.69,Two year,Mailed check,DSL,Yes,No,No internet service,No,0,No,Yes,No,No phone service,0
302,26,Male,33,135.63,423.87,Month-to-month,Electronic check,Fiber optic,Yes,No internet service,Yes,Yes,0,No,No,No,Yes,0
303,58,Male,16,149.92,7054.35,One year,Mailed check,Fiber optic,Yes,Yes,Yes,Yes,0,Yes,No,Yes,No phone service,0
304,52,Male,23,107.15,629.09,Month-to-month,Bank transfer,DSL,No,No,No internet service,No,0,No,Yes,Yes,No phone service,1
305,36,Female,7,148.7,6953.35,Month-to-month,Credit card,Fiber optic,No,No,No,No,1,No,No,No,No,1
306,65,Female,26,105.8,3195.37,One year,Mailed check,Fiber optic,No,No,No internet service,Yes,1,Yes,No,Yes,No,0
307,33,Male,12,115.35,2986.62,Month-to-month,Electronic check,No,No internet service,No,No internet service,No,0,No,No,Yes,Yes,1
308,20,Female,5,70.53,4388.1,Month-to-month,Electronic check,DSL,No,No,Yes,No,0,No,No,Yes,Yes,1
309,37,Male,69,76.29,7660.97,Month-to-month,Mailed check,DSL,No internet service,Yes,No internet service,No,0,Yes,No,Yes,No phone service,0
310,41,Male,49,38.74,7200.05,One year,Electronic check,Fiber optic,No internet service,Yes,Yes,No,0,Yes,No,Yes,Yes,0
311,50,Female,26,126.96,3815.61,One year,Credit card,No,No internet service,No internet service,No,Yes,0,No,No,Yes,Yes,0
312,41,Female,5,141.04,5597.0,Month-to-month,Credit card,Fiber optic,Yes,No,No,No,1,No,No,Yes,No,1
313,69,Male,22,101.05,4685.39,Month-to-month,Electronic check,Fiber optic,No internet service,No internet service,No,Yes,1,No,Yes,Yes,No phone service,0
314,28,Male,13,64.67,5578.35,One year,Mailed check,DSL,No internet service,No,No internet service,Yes,0,Yes,Yes,No,No,0
315,66,Female,28,40.02,6651.69,One year,Mailed check,Fiber optic,Yes,No,Yes,Yes,0,No,Yes,Yes,No,0
316,25,Male,33,54.47,372.5,Month-to-month,Electronic check,No,No internet service,No,No internet service,Yes,0,Yes,No,Yes,No,0
317,53,Female,23,53.2,2673.5,Month-to-month,Credit card,Fiber optic,No,No internet service,No,No,0,Yes,No,Yes,No phone service,0
318,55,Male,18,99.76,7678.7,Month-to-month,Credit card,No,No,No,No internet service,Yes,0,No,Yes,No,No phone service,0
319,57,Female,30,142.85,7599.76,Two year,Mailed check,Fiber optic,Yes,No internet service,Yes,No,0,No,No,Yes,No phone service,0
320,37,Male,26,26.28,188.65,One year,Credit card,No,Yes,Yes,Yes,No,0,No,No,Yes,No,0
321,52,Male,16,20.13,1691.38,Month-to-month,Bank transfer,DSL,No internet service,No,No,Yes,0,No,No,Yes,Yes,0
322,65,Female,39,98.02,7950.78,Two year,Credit card,DSL,No internet service,No internet service,No,No,0,No,No,Yes,No phone service,0
323,42,Male,33,56.93,3993.32,Month-to-month,Mailed check,DSL,No internet service,Yes,No,Yes,0,Yes,No,Yes,Yes,0
324,52,Male,26,134.47,4625.64,Month-to-month,Credit card,Fiber optic,Yes,No,No internet service,No,0,No,No,Yes,No,0
325,42,Female,48,62.54,1414.72,Two year,Credit card,DSL,No internet service,Yes,Yes,No,0,No,No,Yes,No phone service,0
326,46,Male,65,57.67,7165.25,Two year,Electronic check,Fiber optic,No,No,No internet service,No,0,Yes,No,Yes,Yes,0
327,35,Male,38,55.04,1926.99,One year,Bank transfer,No,No,No internet service,No,Yes,1,Yes,No,Yes,No phone service,0
328,63,Male,2,38.83,1598.22,Month-to-month,Electronic check,Fiber optic,No internet service,No,Yes,Yes,0,Yes,No,No,No,1
329,35,Female,6,95.6,1902.17,Month-to-month,Credit card,DSL,Yes,No,No,Yes,0,Yes,No,No,No phone service,1
330,19,Female,46,41.87,7365.01,Two year,Credit card,No,No,No internet service,Yes,No,0,Yes,No,Yes,No,0
331,52,Female,50,75.2,5652.49,One year,Electronic check,Fiber optic,Yes,No internet service,Yes,Yes,0,No,No,Yes,No,0
332,33,Male,38,79.93,6171.91,Month-to-month,Bank transfer,Fiber optic,No,No internet service,No,No,0,Yes,No,Yes,Yes,0
333,58,Male,18,22.66,3078.59,Month-to-month,Mailed check,No,No internet service,No,Yes,No,0,Yes,No,Yes,No,0
334,53,Male,27,22.18,7282.5,Two year,Electronic check,No,No internet service,Yes,Yes,No,1,Yes,Yes,Yes,No,0
335,50,Male,41,87.63,6336.32,Two year,Credit card,Fiber optic,Yes,No internet service,No,No,0,No,Yes,Yes,No phone service,0
336,21,Female,17,110.48,6029.72,One year,Credit card,No,No internet service,Yes,Yes,Yes,0,Yes,No,Yes,No,0
337,50,Male,62,142.48,7770.43,One year,Mailed check,Fiber optic,Yes,No internet service,No,Yes,0,No,No,Yes,No,0
338,31,Male,29,43.29,2992.95,Month-to-month,Credit card,Fiber optic,Yes,No internet service,No internet service,No,0,No,No,Yes,No,0
339,38,Male,58,33.42,4926.69,One year,Credit card,Fiber optic,No,No,No internet service,No,1,No,No,Yes,No,0
340,65,Female,70,26.77,7288.44,One year,Mailed check,Fiber optic,No,No internet service,No,No,0,No,No,Yes,Yes,0
341,37,Male,22,76.69,6348.02,Month-to-month,Credit card,Fiber optic,No internet service,Yes,Yes,Yes,0,No,Yes,Yes,No phone service,0
342,25,Male,6,101.01,4550.69,Two year,Credit card,Fiber optic,Yes,No,No internet service,No,0,Yes,No,Yes,No phone service,0
343,24,Male,26,129.27,702.09,Two year,Bank transfer,DSL,No,No internet service,No,Yes,0,No,No,Yes,No,0
344,20,Male,39,108.74,5256.52,Month-to-month,Electronic check,Fiber optic,No internet service,Yes,No,Yes,0,No,No,Yes,Yes,0
345,34,Male,12,47.09,4259.79,Two year,Bank transfer,Fiber optic,No internet service,No,Yes,Yes,0,Yes,No,Yes,Yes,0
346,50,Female,14,80.03,1555.03,One year,Bank transfer,No,No,Yes,Yes,No,0,Yes,No,Yes,No,0
347,65,Male,22,138.35,7069.8,One year,Credit card,DSL,No internet service,No,Yes,Yes,0,No,No,Yes,No,0
348,29,Male,51,62.48,2811.66,Two year,Electronic check,No,No,No,No,Yes,0,Yes,No,Yes,No phone service,0
349,68,Male,23,84.83,3161.09,Month-to-month,Electronic check,No,Yes,No,No internet service,Yes,0,No,No,Yes,No phone service,0
350,39,Male,48,144.61,5411.97,One year,Credit card,Fiber optic,No internet service,No internet service,No,Yes,0,Yes,No,No,No phone service,0
351,39,Male,71,115.51,3961.51,Month-to-month,Bank transfer,Fiber optic,Yes,No,Yes,Yes,0,No,No,Yes,No phone service,0
352,63,Male,50,117.21,805.32,One year,Bank transfer,Fiber optic,No,No internet service,Yes,No,0,No,No,Yes,No,0
353,47,Male,13,52.8,3160.79,Month-to-month,Bank transfer,No,Yes,No internet service,No,No,0,No,No,Yes,No,0
354,55,Male,10,73.91,846.28,Month-to-month,Electronic check,Fiber optic,No,No internet service,Yes,Yes,0,Yes,No,Yes,No phone service,1
355,55,Male,55,30.7,1606.93,Month-to-month,Credit card,DSL,No internet service,No internet service,Yes,No,0,Yes,No,Yes,No phone service,0
356,62,Male,9,98.85,156.68,Month-to-month,Electronic check,Fiber optic,No internet service,No,No,Yes,1,Yes,No,Yes,No,1
357,68,Female,52,33.48,1532.37,Month-to-month,Bank transfer,Fiber optic,No internet service,No internet service,No internet service,No,0,Yes,No,Yes,No phone service,0
358,25,Female,2,128.67,2710.53,Month-to-month,Electronic check,DSL,Yes,Yes,Yes,No,1,No,Yes,Yes,No,1
359,44,Female,25,125.89,4351.93,One year,Electronic check,Fiber optic,Yes,Yes,No internet service,Yes,0,Yes,No,No,No phone service,0
360,44,Female,13,89.37,7362.29,Two year,Credit card,DSL,Yes,No,No internet service,Yes,0,Yes,Yes,No,No,0
361,51,Male,51,38.35,4368.58,Two year,Credit card,Fiber optic,No,No internet service,No internet service,No,0,No,Yes,Yes,Yes,0
362,38,Female,58,23.33,5674.27,Two year,Electronic check,Fiber optic,No internet service,Yes,No internet service,No,0,No,No,Yes,No,0
363,47,Female,34,123.57,2925.65,Two year,Mailed check,No,Yes,Yes,Yes,No,0,Yes,Yes,Yes,Yes,0
364,50,Male,35,98.02,6037.88,Month-to-month,Credit card,Fiber optic,No,No internet service,Yes,Yes,0,No,Yes,Yes,Yes,0
365,45,Female,3,112.42,5001.7,One year,Mailed check,Fiber optic,Yes,No internet service,No,Yes,1,Yes,Yes,Yes,No phone service,0
366,64,Female,59,59.49,3732.37,One year,Credit card,No,No,No,Yes,No,0,Yes,No,No,Yes,0
367,50,Male,70,86.23,1630.77,Month-to-month,Bank transfer,Fiber optic,No internet service,Yes,No,Yes,0,Yes,No,Yes,No phone service,0
368,22,Male,48,117.13,2497.97,One year,Mailed check,No,Yes,No,No internet service,No,1,No,No,Yes,Yes,0
369,65,Male,64,80.13,5005.47,Month-to-month,Bank transfer,DSL,No internet service,Yes,No,Yes,0,No,Yes,Yes,Yes,0
370,36,Female,19,98.18,3465.84,Two year,Bank transfer,No,Yes,No internet service,No,Yes,1,No,No,Yes,No phone service,0
371,21,Female,67,122.66,7126.15,One year,Electronic check,DSL,No,Yes,Yes,Yes,0,No,No,Yes,No,0
372,52,Male,5,47.98,1955.24,Two year,Bank transfer,No,No internet service,Yes,No,No,0,No,Yes,Yes,No phone service,0
373,66,Male,67,28.57,677.27,Month-to-month,Bank transfer,DSL,Yes,Yes,No internet service,No,0,Yes,No,Yes,Yes,0
374,34,Female,11,89.14,4755.85,Month-to-month,Bank transfer,DSL,Yes,No internet service,Yes,No,0,Yes,No,Yes,No phone service,1
375,61,Male,68,28.08,7099.8,Two year,Bank transfer,DSL,No internet service,No internet service,Yes,Yes,0,No,No,Yes,No phone service,0
376,45,Female,69,119.65,2981.44,Month-to-month,Electronic check,DSL,No,Yes,Yes,Yes,0,Yes,No,Yes,Yes,1
377,47,Male,1,113.5,5216.92,Month-to-month,Electronic check,Fiber optic,No internet service,Yes,No internet service,No,0,Yes,No,Yes,Yes,1
378,46,Male,63,134.62,1928.16,One year,Bank transfer,Fiber optic,Yes,No internet service,No,No,0,No,No,Yes,Yes,0
379,63,Female,29,103.14,4511.93,Two year,Mailed check,No,No internet service,No internet service,Yes,Yes,0,No,Yes,Yes,No phone service,0
380,23,Male,12,28.74,6315.66,Month-to-month,Credit card,Fiber optic,No internet service,No internet service,No,Yes,0,No,Yes,Yes,No phone service,0
381,52,Male,41,52.91,6949.55,Month-to-month,Mailed check,DSL,No,Yes,No internet service,Yes,0,Yes,No,Yes,No phone service,0
382,58,Male,2,125.03,930.44,One year,Bank transfer,Fiber optic,No,No,No internet service,Yes,1,No,Yes,Yes,No,1
383,54,Female,37,41.73,2915.36,Month-to-month,Electronic check,DSL,No internet service,No,No internet service,Yes,0,Yes,No,Yes,No phone service,0
384,41,Male,45,110.8,5153.19,Month-to-month,Bank transfer,No,No,No internet service,Yes,Yes,0,No,Yes,Yes,No,1
385,46,Male,48,121.43,374.31,Two year,Bank transfer,Fiber optic,No,No,Yes,No,0,No,No,Yes,Yes,0
386,66,Male,24,62.91,5555.86,One year,Electronic check,Fiber optic,Yes,Yes,No,Yes,0,No,No,Yes,No,0
387,63,Male,22,61.9,4271.47,Two year,Mailed check,DSL,No,No,No,No,0,No,Yes,No,No phone service,0
388,48,Male,11,92.51,2379.67,Month-to-month,Credit card,DSL,No internet service,No,Yes,Yes,0,No,No,Yes,Yes,1
389,52,Male,58,131.97,6535.77,One year,Bank transfer,Fiber optic,No internet service,No,No internet service,Yes,0,Yes,No,Yes,No,0
390,50,Female,46,49.11,2391.4,Two year,Electronic check,Fiber optic,Yes,No internet service,No internet service,No,0,Yes,No,Yes,Yes,0
391,69,Female,29,142.36,7932.18,One year,Credit card,No,Yes,Yes,Yes,Yes,0,No,Yes,Yes,Yes,0
392,38,Male,35,97.89,6549.32,Month-to-month,Credit card,Fiber optic,Yes,No internet service,No,No,0,No,No,Yes,No,0
393,49,Female,15,148.98,5693.05,Two year,Credit card,No,No internet service,No,No internet service,No,0,Yes,Yes,Yes,Yes,0
394,40,Female,60,31.65,584.65,One year,Electronic check,No,No internet service,No internet service,Yes,No,0,No,No,Yes,Yes,0
395,50,Male,42,36.45,7244.05,Two year,Bank transfer,DSL,No,Yes,No,Yes,0,No,No,Yes,No phone service,0
396,20,Female,43,127.46,6341.44,Month-to-month,Electronic check,No,Yes,Yes,No,No,0,Yes,No,Yes,Yes,0
397,35,Female,49,132.42,1909.3,One year,Bank transfer,DSL,No,Yes,No internet service,No,0,Yes,No,No,No,0
398,42,Female,64,77.91,3198.76,Two year,Mailed check,Fiber optic,No,Yes,No internet service,Yes,0,Yes,No,Yes,No,0
399,59,Female,32,112.83,2222.19,One year,Credit card,Fiber optic,No internet service,No,No internet service,No,0,Yes,Yes,Yes,No phone service,0
400,48,Female,64,132.78,7876.89,Month-to-month,Bank transfer,Fiber optic,No,No,No internet service,No,0,Yes,No,Yes,No phone service,1
401,20,Female,2,25.61,6848.15,Month-to-month,Mailed check,DSL,Yes,No,No,Yes,0,No,No,Yes,No,1
402,57,Female,24,94.61,7448.78,Month-to-month,Electronic check,Fiber optic,Yes,No,Yes,No,0,Yes,No,Yes,No,0
403,63,Female,66,130.95,6331.32,Month-to-month,Credit card,No,No internet service,No,No,Yes,0,Yes,No,Yes,No phone service,0
404,41,Male,38,71.76,3705.15,One year,Bank transfer,No,No internet service,No internet service,No internet service,No,0,Yes,No,Yes,No,0
405,67,Male,31,59.31,1722.93,Month-to-month,Credit card,Fiber optic,No internet service,Yes,Yes,Yes,0,Yes,No,Yes,Yes,0
406,49,Female,26,123.44,1743.83,Month-to-month,Credit card,DSL,Yes,No,No,No,0,Yes,Yes,Yes,No phone service,1
407,64,Female,29,63.65,1298.29,Month-to-month,Credit card,No,No internet service,Yes,Yes,No,0,No,No,Yes,No phone service,0
408,39,Male,67,20.41,4418.53,Month-to-month,Electronic check,No,Yes,Yes,No,Yes,0,No,No,Yes,No phone service,0
409,40,Female,25,144.74,7367.74,One year,Credit card,Fiber optic,No,No,Yes,No,0,Yes,No,Yes,No phone service,0
410,19,Female,48,96.98,7935.2,One year,Bank transfer,DSL,No internet service,No,No,No,0,No,No,No,Yes,0
411,44,Male,65,126.54,2369.67,Two year,Electronic check,No,No internet service,Yes,No,No,1,No,No,Yes,No phone service,0
412,59,Male,53,127.29,5608.78,Month-to-month,Mailed check,No,No internet service,Yes,No internet service,Yes,0,No,No,Yes,No phone service,0
413,19,Male,67,28.63,4817.07,One year,Bank transfer,DSL,Yes,Yes,No,Yes,0,No,Yes,No,No,0
414,43,Female,18,42.21,3962.6,Month-to-month,Electronic check,No,No,No internet service,No internet service,Yes,0,No,No,No,No phone service,0
415,34,Female,9,60.45,5359.57,Month-to-month,Bank transfer,Fiber optic,No internet service,No internet service,No,No,0,Yes,No,Yes,No,0
416,57,Male,38,61.69,3033.77,One year,Bank transfer,No,No,Yes,Yes,Yes,0,No,Yes,Yes,No,0
417,50,Male,21,105.64,7561.43,Two year,Mailed check,Fiber optic,No internet service,No internet service,Yes,No,0,Yes,No,Yes,No,0
418,26,Female,65,101.01,5673.05,Month-to-month,Electronic check,Fiber optic,Yes,Yes,No internet service,Yes,0,Yes,No,Yes,Yes,0
419,60,Male,21,84.3,6058.19,Month-to-month,Credit card,DSL,No,Yes,No,Yes,0,No,Yes,Yes,No phone service,0
420,65,Female,27,47.46,2015.13,One year,Bank transfer,No,No,No,No internet service,Yes,0,Yes,Yes,Yes,No phone service,0
421,56,Female,70,69.66,1431.8,One year,Bank transfer,Fiber optic,No internet service,Yes,Yes,Yes,0,Yes,No,Yes,No,0
422,46,Male,44,90.67,3215.29,Month-to-month,Bank transfer,No,No,No,No,No,0,No,No,Yes,No phone service,0
423,59,Male,28,80.84,6156.71,One year,Bank transfer,DSL,Yes,No,No internet service,Yes,0,Yes,No,Yes,No,0
424,43,Female,45,36.55,7516.49,Two year,Bank transfer,Fiber optic,No,Yes,Yes,No,0,No,No,Yes,No phone service,0
425,52,Male,17,104.44,3475.91,Month-to-month,Electronic check,Fiber optic,No,No internet service,Yes,Yes,0,No,No,Yes,No,1
426,67,Male,40,29.5,6215.84,Month-to-month,Bank transfer,DSL,No,Yes,No,No,0,Yes,Yes,Yes,No,0
427,42,Male,3,69.17,3816.22,Month-to-month,Bank transfer,DSL,No,Yes,No,No,0,No,No,No,No,1
428,41,Male,66,112.3,2432.3,One year,Bank transfer,DSL,No internet service,No internet service,No,Yes,0,No,Yes,Yes,Yes,0
429,30,Female,46,22.6,5940.19,Month-to-month,Credit card,Fiber optic,No internet service,No,No internet service,No,0,No,Yes,Yes,No,0
430,24,Female,30,94.1,6405.8,Two year,Credit card,Fiber optic,No,No internet service,No internet service,No,0,No,Yes,Yes,Yes,0
431,53,Female,69,63.49,1702.44,One year,Electronic check,DSL,No,Yes,No,Yes,0,No,No,Yes,Yes,0
432,62,Female,9,21.15,2510.84,Month-to-month,Bank transfer,DSL,Yes,Yes,No,Yes,0,No,No,Yes,No,1
433,37,Male,11,44.75,4008.74,Month-to-month,Bank transfer,Fiber optic,No internet service,No internet service,No,Yes,1,No,No,Yes,Yes,0
434,18,Male,69,142.32,1573.52,One year,Mailed check,DSL,No internet service,No internet service,Yes,No,0,Yes,No,Yes,No phone service,0
435,25,Female,66,87.75,7437.79,Month-to-month,Credit card,Fiber optic,No internet service,No internet service,No,Yes,0,No,No,Yes,Yes,0
436,63,Female,31,149.64,4771.54,Two year,Mailed check,Fiber optic,No,No,No internet service,Yes,0,No,No,Yes,Yes,0
437,33,Male,33,88.23,1057.51,Month-to-month,Bank transfer,Fiber optic,No internet service,No internet service,Yes,No,0,No,No,Yes,Yes,0
438,31,Female,39,90.71,1553.84,Month-to-month,Bank transfer,Fiber optic,Yes,Yes,No,Yes,0,Yes,Yes,No,Yes,0
439,29,Female,46,70.94,7639.41,One year,Mailed check,DSL,Yes,No internet service,No internet service,Yes,0,Yes,No,Yes,No,0
440,68,Male,37,60.31,5931.53,Month-to-month,Electronic check,DSL,Yes,Yes,Yes,No,0,No,No,Yes,No phone service,0
441,40,Female,60,52.7,5901.8,One year,Electronic check,No,Yes,No,Yes,Yes,0,No,No,Yes,No phone service,0
442,32,Male,31,64.64,672.74,Month-to-month,Mailed check,No,Yes,No,No internet service,No,0,No,No,Yes,Yes,0
443,45,Male,11,79.78,7172.86,One year,Bank transfer,Fiber optic,No internet service,No internet service,No internet service,Yes,0,Yes,Yes,Yes,No phone service,0
444,51,Female,2,44.96,3605.51,One year,Mailed check,DSL,No,Yes,Yes,No,0,Yes,No,Yes,No,0
445,19,Male,27,49.23,5311.77,One year,Credit card,Fiber optic,No,No,No internet service,No,1,No,No,Yes,Yes,0
446,49,Female,2,55.3,7681.54,One year,Electronic check,No,No,No internet service,Yes,Yes,0,Yes,No,Yes,Yes,0
447,40,Male,21,78.4,890.1,Month-to-month,Mailed check,Fiber optic,No,No,Yes,Yes,0,No,Yes,Yes,Yes,0
448,39,Female,58,104.87,3909.98,Month-to-month,Electronic check,No,No internet service,No internet service,Yes,No,0,No,No,Yes,No phone service,0
449,68,Female,5,131.3,491.94,Month-to-month,Credit card,DSL,No internet service,Yes,Yes,No,0,No,No,Yes,Yes,1
450,42,Female,52,57.33,4046.41,Month-to-month,Bank transfer,Fiber optic,No internet service,No internet service,No,No,0,Yes,No,Yes,Yes,0
451,39,Male,45,43.88,2092.85,Two year,Bank transfer,Fiber optic,Yes,Yes,No internet service,Yes,0,Yes,Yes,Yes,No phone service,0
452,39,Male,20,69.25,7297.42,Month-to-month,Bank transfer,Fiber optic,No,No,No,No,1,Yes,No,Yes,No,0
453,66,Female,61,136.27,3248.09,One year,Electronic check,Fiber optic,No internet service,Yes,No,No,0,No,No,No,No phone service,0
454,69,Male,38,21.28,5107.59,Month-to-month,Credit card,Fiber optic,No internet service,Yes,No,Yes,0,No,No,Yes,No,0
455,59,Female,20,108.12,6896.27,One year,Mailed check,No,No internet service,No,No,Yes,0,Yes,No,Yes,No,0
456,23,Female,25,82.03,7871.17,One year,Bank transfer,No,No,Yes,Yes,No,0,No,Yes,Yes,No,0
457,32,Male,2,40.94,4080.17,Month-to-month,Electronic check,DSL,No,Yes,Yes,No,0,Yes,Yes,Yes,Yes,1
458,60,Female,32,61.73,3700.49,One year,Bank transfer,Fiber optic,Yes,No internet service,Yes,No,1,Yes,No,Yes,No,0
459,54,Male,26,49.24,698.34,Month-to-month,Credit card,No,Yes,Yes,Yes,Yes,0,No,No,Yes,Yes,0
460,50,Female,70,134.12,200.64,Month-to-month,Mailed check,DSL,Yes,No internet service,No,Yes,0,Yes,Yes,Yes,No phone service,0
461,25,Male,41,82.64,4909.54,One year,Bank transfer,Fiber optic,No,Yes,Yes,No,0,No,No,Yes,No,0
462,61,Female,67,93.2,617.17,Month-to-month,Credit card,DSL,Yes,No,No,Yes,1,No,No,Yes,Yes,0
463,61,Female,1,97.18,3104.99,One year,Electronic check,DSL,Yes,Yes,Yes,Yes,1,No,No,Yes,Yes,0
464,22,Male,51,103.15,128.49,Month-to-month,Credit card,No,No internet service,Yes,No internet service,Yes,0,Yes,No,Yes,No,0
465,56,Female,5,84.42,4960.3,One year,Electronic check,Fiber optic,No,Yes,No internet service,Yes,0,Yes,Yes,Yes,No,0
466,21,Female,13,22.32,3460.78,Month-to-month,Bank transfer,Fiber optic,Yes,No internet service,No internet service,Yes,0,Yes,No,Yes,No,0
467,23,Male,19,63.51,1103.46,One year,Bank transfer,DSL,Yes,No,No internet service,Yes,1,Yes,No,No,Yes,0
468,62,Female,12,43.9,2441.3,Two year,Credit card,DSL,No,No,Yes,No,0,No,Yes,Yes,Yes,0
469,49,Male,48,108.42,4600.32,Month-to-month,Electronic check,No,Yes,Yes,No internet service,No,0,Yes,No,Yes,No,0
470,69,Female,25,27.37,5288.04,Month-to-month,Credit card,Fiber optic,No,Yes,No internet service,Yes,0,Yes,No,Yes,No phone service,0
471,47,Male,57,93.29,3752.45,Two year,Credit card,DSL,No,No internet service,No,No,0,No,No,Yes,Yes,0
472,64,Female,35,47.38,6451.28,Month-to-month,Bank transfer,No,No,No,No internet service,No,0,No,Yes,Yes,Yes,0
473,52,Female,5,143.35,988.28,One year,Bank transfer,Fiber optic,Yes,Yes,Yes,No,0,No,No,Yes,No phone service,0
474,57,Female,22,63.62,767.91,Two year,Bank transfer,Fiber optic,Yes,Yes,No,Yes,0,No,No,Yes,No phone service,0
475,69,Male,57,62.28,449.53,One year,Credit card,Fiber optic,Yes,No,Yes,Yes,1,Yes,Yes,Yes,No phone service,0
476,33,Male,47,140.04,4333.04,Month-to-month,Credit card,DSL,No,Yes,No,No,0,No,Yes,Yes,Yes,1
477,30,Male,54,74.26,5679.23,Month-to-month,Mailed check,Fiber optic,Yes,Yes,Yes,No,1,Yes,No,Yes,No phone service,0
478,67,Male,3,145.17,1131.12,Month-to-month,Mailed check,Fiber optic,No internet service,No,No internet service,No,0,Yes,No,Yes,No phone service,1
479,59,Female,53,23.14,5147.67,Month-to-month,Credit card,DSL,No,No internet service,No,No,0,Yes,No,Yes,Yes,0
480,47,Female,31,59.82,3867.89,Month-to-month,Mailed check,Fiber optic,Yes,Yes,No internet service,No,0,No,No,Yes,Yes,0
481,36,Male,69,106.61,7900.02,One year,Credit card,Fiber optic,No,Yes,Yes,No,1,No,No,Yes,Yes,0
482,34,Male,33,135.81,5768.04,Month-to-month,Bank transfer,Fiber optic,Yes,No,Yes,Yes,0,Yes,Yes,Yes,No phone service,1
483,36,Male,50,53.33,5294.04,Two year,Electronic check,DSL,No,No,No,No,0,Yes,No,Yes,No,0
484,45,Female,16,140.96,4606.55,Two year,Bank transfer,No,No internet service,No internet service,Yes,Yes,0,No,Yes,Yes,No,0
485,43,Male,39,97.24,7979.19,Two year,Credit card,No,No,No internet service,Yes,No,0,No,No,Yes,Yes,0
486,54,Male,46,124.13,7845.63,Month-to-month,Bank transfer,DSL,No,Yes,No,No,0,Yes,Yes,Yes,No phone service,1
487,43,Female,47,71.64,4351.11,One year,Credit card,No,No,No internet service,No internet service,No,0,Yes,Yes,Yes,No phone service,0
488,40,Female,44,47.58,3695.95,Month-to-month,Credit card,Fiber optic,Yes,No internet service,No,Yes,0,No,No,Yes,No phone service,0
489,26,Male,9,138.46,3750.71,Month-to-month,Mailed check,Fiber optic,No,No internet service,Yes,Yes,0,No,No,Yes,Yes,1
490,29,Female,50,141.31,3483.9,One year,Credit card,No,Yes,Yes,Yes,No,0,Yes,Yes,Yes,No,0
491,18,Male,60,84.68,4298.05,Two year,Electronic check,DSL,No,No internet service,No,Yes,0,No,No,Yes,No phone service,0
492,18,Female,15,20.84,2261.32,Month-to-month,Mailed check,DSL,Yes,No internet service,No,Yes,0,No,No,Yes,No,0
493,64,Male,36,34.27,7421.63,Month-to-month,Electronic check,DSL,Yes,No internet service,No internet service,Yes,0,No,No,Yes,No,0
494,51,Male,63,94.49,3972.82,Month-to-month,Credit card,Fiber optic,Yes,No,Yes,No,0,Yes,No,Yes,No phone service,0
495,49,Male,69,23.09,6751.86,One year,Bank transfer,DSL,Yes,No internet service,Yes,No,0,No,No,No,Yes,0
496,65,Male,41,71.6,3854.9,Two year,Credit card,Fiber optic,No,No internet service,No internet service,No,0,No,No,Yes,No,0
497,42,Female,24,59.44,5774.49,Month-to-month,Credit card,DSL,No,No,No,Yes,0,No,Yes,Yes,No,0
498,57,Female,49,112.87,2761.37,Month-to-month,Bank transfer,Fiber optic,Yes,No,No,Yes,0,No,Yes,Yes,No,0
499,62,Female,18,27.23,5035.97,Two year,Bank transfer,DSL,Yes,Yes,No internet service,No,0,No,No,No,No,0
500,18,Female,7,83.54,4037.13,Month-to-month,Electronic check,Fiber optic,Yes,Yes,No,No,0,No,Yes,Yes,No,0
501,33,Male,4,95.28,3000.2,One year,Mailed check,DSL,No internet service,No,No internet service,Yes,0,No,No,Yes,No phone service,0
502,56,Male,69,100.25,7064.29,Month-to-month,Mailed check,Fiber optic,No internet service,Yes,No,No,0,No,No,Yes,Yes,0
503,22,Female,60,72.67,990.42,Month-to-month,Mailed check,No,No,No internet service,No,No,0,Yes,No,Yes,No,0
504,39,Female,55,59.57,3946.69,One year,Electronic check,DSL,No internet service,Yes,No,No,0,Yes,Yes,Yes,Yes,0
505,46,Female,16,108.72,1635.52,One year,Electronic check,Fiber optic,No internet service,No internet service,No internet service,No,0,No,No,Yes,Yes,0
506,20,Female,29,130.18,6902.34,Month-to-month,Bank transfer,No,Yes,No internet service,No internet service,Yes,1,Yes,No,Yes,No phone service,0
507,29,Female,23,110.17,2102.41,Month-to-month,Mailed check,No,Yes,No internet service,No internet service,No,0,No,Yes,Yes,Yes,0
508,43,Male,14,141.17,5104.1,Month-to-month,Credit card,Fiber optic,No internet service,No,Yes,No,0,No,No,Yes,Yes,0
509,33,Male,49,113.24,1407.95,One year,Electronic check,DSL,No internet service,Yes,Yes,Yes,0,Yes,No,Yes,Yes,0
510,68,Male,33,119.4,3298.82,Two year,Credit card,DSL,No internet service,Yes,No internet service,Yes,0,Yes,Yes,Yes,Yes,0
511,54,Female,25,41.83,7204.92,Two year,Mailed check,Fiber optic,Yes,No,Yes,No,1,No,No,Yes,No,0
512,39,Female,21,74.54,1411.91,Month-to-month,Mailed check,Fiber optic,No,No,Yes,No,0,No,No,Yes,No phone service,0
513,46,Female,17,83.06,5339.25,Two year,Electronic check,Fiber optic,No internet service,Yes,No,Yes,0,No,No,Yes,No phone service,0
514,31,Female,23,53.32,1715.63,Month-to-month,Electronic check,Fiber optic,No,No,No,No,0,Yes,No,No,No phone service,0
515,45,Male,57,88.71,3384.42,Month-to-month,Bank transfer,DSL,No,No,No,Yes,0,Yes,No,Yes,Yes,0
516,22,Male,58,57.8,4370.87,One year,Credit card,DSL,No internet service,No internet service,Yes,No,0,No,Yes,Yes,Yes,0
517,64,Female,14,109.38,4660.72,Month-to-month,Bank transfer,No,No,No internet service,Yes,No,0,No,No,Yes,No,0
518,66,Male,20,81.14,4859.84,Month-to-month,Bank transfer,No,Yes,No internet service,No internet service,No,0,No,Yes,No,Yes,0
519,47,Male,30,79.64,5157.04,Month-to-month,Credit card,Fiber optic,No internet service,No,Yes,No,1,Yes,Yes,Yes,Yes,0
520,63,Female,19,147.87,2246.97,One year,Mailed check,DSL,No internet service,No,Yes,No,0,No,No,Yes,No phone service,0
521,69,Female,53,71.02,3270.8,One year,Credit card,No,No internet service,No internet service,No internet service,No,0,No,No,Yes,Yes,0
522,22,Female,56,67.1,394.82,Month-to-month,Mailed check,DSL,No internet service,No internet service,No internet service,Yes,0,No,No,Yes,No phone service,0
523,29,Female,23,61.42,6173.18,Two year,Bank transfer,Fiber optic,Yes,Yes,No internet service,Yes,1,Yes,No,No,No phone service,0
524,33,Female,62,136.32,6713.09,One year,Mailed check,DSL,Yes,No internet service,No,No,1,No,Yes,Yes,No phone service,0
525,43,Female,33,84.57,1673.97,One year,Mailed check,Fiber optic,No,No internet service,No internet service,Yes,0,No,No,Yes,Yes,0
526,43,Male,18,98.0,1691.41,Month-to-month,Mailed check,Fiber optic,No internet service,Yes,No,Yes,1,Yes,No,Yes,Yes,0
527,65,Male,33,43.51,432.09,Month-to-month,Credit card,No,No internet service,Yes,Yes,Yes,0,Yes,No,Yes,No,0
528,38,Female,32,90.32,7766.03,Month-to-month,Mailed check,Fiber optic,No,Yes,Yes,No,1,Yes,No,Yes,No phone service,0
529,56,Male,61,55.7,6476.77,One year,Credit card,No,Yes,Yes,No,Yes,1,Yes,No,Yes,No,0
530,53,Female,54,114.98,2949.56,One year,Electronic check,Fiber optic,No internet service,No,No,Yes,0,No,Yes,Yes,Yes,0
531,50,Female,17,128.23,3907.08,Two year,Electronic check,Fiber optic,No,Yes,No,Yes,0,Yes,Yes,Yes,Yes,0
532,47,Female,19,112.93,2406.54,Month-to-month,Bank transfer,Fiber optic,Yes,Yes,Yes,No,0,Yes,Yes,Yes,Yes,0
533,54,Female,70,114.93,4818.23,Month-to-month,Bank transfer,DSL,No,No,Yes,No,0,No,No,Yes,No,1
534,40,Male,34,86.62,5766.74,Month-to-month,Credit card,Fiber optic,No,Yes,No internet service,Yes,0,Yes,Yes,Yes,Yes,0
535,27,Female,25,112.58,3634.21,Month-to-month,Mailed check,No,Yes,Yes,No internet service,No,0,Yes,No,Yes,Yes,0
536,22,Male,68,74.95,7001.39,One year,Mailed check,DSL,No internet service,Yes,Yes,No,0,No,No,Yes,Yes,0
537,53,Female,11,104.69,4184.5,Two year,Electronic check,DSL,Yes,No,No internet service,No,0,No,No,Yes,No,0
538,51,Female,16,53.68,1239.6,One year,Credit card,DSL,No internet service,No internet service,No internet service,No,1,No,Yes,No,No,0
539,69,Female,61,29.07,5016.1,One year,Mailed check,No,Yes,Yes,No,Yes,0,No,Yes,Yes,Yes,0
540,48,Male,7,73.75,3751.62,One year,Mailed check,DSL,No internet service,Yes,Yes,No,0,Yes,No,Yes,No phone service,0
541,27,Female,16,80.03,7491.81,Month-to-month,Credit card,DSL,No internet service,Yes,No,Yes,1,No,No,Yes,No,0
542,36,Female,16,53.33,3195.96,Two year,Bank transfer,DSL,No,Yes,Yes,Yes,0,No,Yes,Yes,No,0
543,49,Female,40,114.6,3282.64,One year,Credit card,DSL,No,No,Yes,No,0,No,Yes,Yes,No phone service,0
544,18,Male,12,29.56,5241.11,Month-to-month,Credit card,Fiber optic,No internet service,No internet service,No,No,1,Yes,Yes,Yes,No,0
545,22,Male,35,48.96,4263.19,One year,Mailed check,No,Yes,Yes,Yes,No,0,No,Yes,Yes,No phone service,0
546,62,Male,21,117.31,3058.15,One year,Electronic check,DSL,No internet service,Yes,No,Yes,0,Yes,No,Yes,No phone service,0
547,21,Female,50,76.83,7919.22,Month-to-month,Mailed check,DSL,Yes,No,No,No,0,Yes,Yes,Yes,No phone service,0
548,33,Male,43,111.69,2487.27,Month-to-month,Mailed check,No,No internet service,No internet service,Yes,No,1,No,Yes,Yes,No phone service,0
549,41,Female,17,93.77,2292.48,Month-to-month,Mailed check,No,Yes,No internet service,Yes,No,0,Yes,No,Yes,No phone service,0
550,33,Male,32,143.59,6928.98,Month-to-month,Credit card,DSL,No,No internet service,No,Yes,0,No,No,No,No,0
551,19,Male,41,97.71,126.65,Month-to-month,Credit card,DSL,Yes,Yes,No internet service,No,0,Yes,No,No,Yes,0
552,66,Female,6,21.93,1689.9,One year,Mailed check,No,No,Yes,No internet service,Yes,0,No,Yes,Yes,No phone service,0
553,45,Male,27,65.87,4764.53,Month-to-month,Mailed check,Fiber optic,Yes,Yes,Yes,No,0,No,No,Yes,No,0
554,49,Female,20,38.6,1383.36,One year,Electronic check,No,No,No,Yes,No,0,No,No,Yes,Yes,0
555,44,Female,25,140.2,7887.85,Two year,Bank transfer,DSL,Yes,No,No internet service,No,1,Yes,No,Yes,Yes,0
556,37,Male,66,33.52,3767.15,One year,Mailed check,Fiber optic,No internet service,No,Yes,No,0,No,No,Yes,No,0
557,41,Female,9,70.4,4819.18,One year,Credit card,Fiber optic,Yes,Yes,Yes,Yes,0,Yes,No,Yes,Yes,0
558,29,Female,53,49.39,1366.95,Two year,Bank transfer,No,No,Yes,No internet service,Yes,1,Yes,No,Yes,Yes,0
559,67,Male,61,130.07,2386.09,One year,Bank transfer,No,No,Yes,Yes,Yes,0,No,No,Yes,No phone service,0
560,52,Male,38,60.11,4955.54,Month-to-month,Electronic check,DSL,Yes,No internet service,No internet service,Yes,0,Yes,No,Yes,No phone service,0
561,50,Female,3,148.95,4441.47,Month-to-month,Bank transfer,Fiber optic,No internet service,No,No internet service,No,0,Yes,No,Yes,No,1
562,50,Male,70,25.02,6296.48,One year,Mailed check,DSL,Yes,No,No internet service,Yes,0,No,No,Yes,No phone service,0
563,68,Female,55,36.68,2226.94,One year,Mailed check,No,Yes,No internet service,Yes,No,0,Yes,No,No,Yes,0
564,60,Female,1,49.2,5262.98,Two year,Credit card,Fiber optic,No,No internet service,No,Yes,0,Yes,No,Yes,Yes,0
565,54,Male,70,125.44,2398.71,One year,Mailed check,No,No internet service,No internet service,No,Yes,0,No,Yes,Yes,No phone service,0
566,29,Male,45,134.21,4735.35,Two year,Mailed check,DSL,No internet service,Yes,No,No,0,No,No,No,No,0
567,20,Male,47,29.29,4879.74,Month-to-month,Electronic check,DSL,No internet service,No internet service,Yes,No,1,No,No,Yes,No,0
568,18,Male,26,24.22,1062.53,One year,Bank transfer,DSL,No internet service,Yes,Yes,No,0,No,Yes,Yes,No phone service,0
569,50,Female,14,116.79,4434.2,Two year,Electronic check,DSL,Yes,Yes,Yes,Yes,0,Yes,No,Yes,No,0
570,57,Female,54,37.34,194.31,Month-to-month,Bank transfer,Fiber optic,No internet service,No,Yes,Yes,0,Yes,No,Yes,No,0
571,27,Male,71,37.29,4059.56,Month-to-month,Electronic check,No,No internet service,No internet service,No,No,0,No,Yes,Yes,Yes,0
572,60,Male,46,22.91,5610.42,Month-to-month,Credit card,Fiber optic,No internet service,Yes,No internet service,Yes,0,Yes,No,Yes,No phone service,0
573,61,Female,31,26.48,675.38,One year,Electronic check,Fiber optic,No,Yes,Yes,No,0,No,Yes,Yes,No phone service,0
574,46,Female,59,54.28,7515.82,Month-to-month,Electronic check,No,No,No internet service,Yes,No,1,No,Yes,Yes,Yes,0
575,30,Female,29,28.45,3724.17,One year,Credit card,No,No,Yes,Yes,No,0,Yes,No,Yes,Yes,0
576,29,Female,17,67.95,7513.49,Month-to-month,Mailed check,Fiber optic,No internet service,Yes,No internet service,Yes,0,No,No,Yes,No phone service,0
577,48,Male,14,128.26,948.45,Month-to-month,Mailed check,DSL,Yes,Yes,No,No,0,Yes,No,Yes,No phone service,0
578,63,Female,36,62.42,7604.23,Two year,Credit card,DSL,Yes,No internet service,Yes,No,0,Yes,No,Yes,Yes,0
579,19,Female,58,114.62,962.66,Month-to-month,Credit card,Fiber optic,No,Yes,No,No,0,Yes,No,Yes,No,0
580,68,Male,24,32.21,3745.82,Month-to-month,Electronic check,Fiber optic,No,No,Yes,Yes,0,No,No,Yes,Yes,0
581,67,Female,63,105.72,7510.14,Month-to-month,Credit card,Fiber optic,No internet service,No internet service,No,Yes,1,Yes,No,Yes,No,0
582,52,Female,25,61.18,1938.39,One year,Credit card,Fiber optic,No,No,Yes,No,0,Yes,No,Yes,No phone service,0
583,40,Male,59,117.47,374.8,Month-to-month,Bank transfer,No,No,No,No,Yes,1,Yes,No,No,No phone service,1
584,34,Male,32,37.71,6365.57,One year,Bank transfer,No,No,No,Yes,Yes,0,No,No,Yes,No phone service,0
585,43,Male,18,136.72,4807.48,Two year,Mailed check,No,No,Yes,Yes,Yes,0,Yes,No,Yes,No phone service,0
586,25,Female,37,51.54,4159.98,Month-to-month,Credit card,No,Yes,Yes,No,Yes,0,No,No,Yes,No phone service,0
587,46,Female,26,65.91,371.31,Month-to-month,Electronic check,DSL,No internet service,No,No,Yes,0,Yes,No,Yes,Yes,0
588,43,Male,9,143.52,5260.53,Month-to-month,Mailed check,DSL,Yes,No,No internet service,Yes,0,Yes,No,Yes,No phone service,1
589,27,Male,64,95.2,1455.82,One year,Mailed check,Fiber optic,No,No internet service,No internet service,Yes,1,Yes,Yes,Yes,No phone service,0
590,43,Female,20,67.55,7456.45,Month-to-month,Mailed check,Fiber optic,No internet service,No,No internet service,No,0,No,Yes,Yes,No phone service,0
591,51,Male,54,143.45,5517.24,One year,Credit card,Fiber optic,No internet service,Yes,No internet service,Yes,0,No,No,Yes,No phone service,0
592,68,Male,30,62.78,5685.57,Two year,Credit card,DSL,Yes,No,No,No,0,No,No,Yes,No,0
593,58,Male,53,32.33,1937.38,Month-to-month,Electronic check,No,Yes,No,No internet service,No,0,Yes,No,Yes,No phone service,0
594,24,Female,63,149.59,7057.96,One year,Electronic check,DSL,No,No internet service,Yes,Yes,0,Yes,No,Yes,No,0
595,21,Female,11,54.82,4348.09,Month-to-month,Mailed check,No,Yes,No,No,No,0,Yes,No,No,No,1
596,67,Female,31,130.66,6870.97,One year,Credit card,Fiber optic,No,No internet service,Yes,No,0,No,No,Yes,No phone service,0
597,62,Female,49,41.52,2240.49,Month-to-month,Electronic check,DSL,No,No internet service,No internet service,No,0,No,No,Yes,No,0
598,28,Female,19,115.08,6068.15,One year,Bank transfer,DSL,No,No,No internet service,No,1,No,No,Yes,No phone service,0
599,46,Female,12,88.18,4639.08,One year,Bank transfer,DSL,No internet service,No,No internet service,Yes,0,Yes,No,Yes,No,0
600,53,Male,15,147.52,482.51,Month-to-month,Mailed check,DSL,No internet service,Yes,No,Yes,1,No,No,Yes,Yes,0
601,42,Female,31,91.87,3302.2,One year,Bank transfer,Fiber optic,Yes,Yes,Yes,No,0,Yes,No,No,No phone service,0
602,38,Female,43,23.25,1552.89,One year,Mailed check,DSL,Yes,No internet service,Yes,No,0,Yes,No,Yes,No phone service,0
603,53,Male,37,98.5,2937.47,Month-to-month,Credit card,No,No internet service,No internet service,No,No,0,Yes,Yes,Yes,No,0
604,27,Female,29,38.89,3128.48,Two year,Mailed check,DSL,Yes,Yes,No internet service,Yes,0,Yes,Yes,No,Yes,0
605,54,Female,26,123.81,3851.93,Month-to-month,Mailed check,DSL,No,No internet service,No internet service,No,0,Yes,No,Yes,No phone service,1
606,26,Male,2,131.35,4842.29,One year,Credit card,No,No,Yes,No,Yes,0,No,No,No,No,0
607,41,Male,15,82.67,4610.72,Month-to-month,Electronic check,Fiber optic,No internet service,No internet service,Yes,Yes,0,No,Yes,Yes,No,0
608,52,Male,4,121.82,408.03,One year,Electronic check,Fiber optic,Yes,Yes,Yes,No,0,Yes,No,Yes,No phone service,0
609,66,Female,50,38.86,6030.44,Month-to-month,Electronic check,DSL,Yes,Yes,Yes,No,0,No,No,Yes,No,0
610,52,Male,38,83.97,7598.55,Month-to-month,Electronic check,DSL,No internet service,No internet service,Yes,Yes,0,Yes,No,Yes,No phone service,0
611,65,Female,23,71.21,2854.58,Month-to-month,Mailed check,Fiber optic,No,No internet service,No internet service,No,0,Yes,No,Yes,Yes,0
612,53,Female,59,99.47,1520.0,One year,Electronic check,Fiber optic,No,No internet service,No internet service,No,0,No,No,Yes,Yes,0
613,35,Female,28,25.78,4366.01,One year,Bank transfer,DSL,Yes,No,No,No,0,Yes,Yes,Yes,Yes,0
614,66,Female,66,117.78,5668.81,One year,Bank transfer,Fiber optic,No internet service,No,No,Yes,0,No,Yes,Yes,Yes,0
615,56,Male,8,30.29,5463.35,Two year,Electronic check,No,No internet service,No internet service,No,No,0,Yes,No,Yes,No,0
616,49,Male,29,105.34,4935.67,Two year,Bank transfer,DSL,No,No internet service,No internet service,Yes,0,No,No,Yes,No,0
617,41,Female,11,22.4,1255.23,One year,Bank transfer,No,No,No internet service,No internet service,No,0,Yes,No,Yes,No,0
618,40,Male,18,128.15,6710.92,One year,Credit card,DSL,Yes,No internet service,No internet service,Yes,0,Yes,No,Yes,No phone service,0
619,49,Female,55,42.71,3462.41,Month-to-month,Credit card,No,No internet service,Yes,No,Yes,0,No,Yes,Yes,Yes,0
620,54,Female,50,87.01,1849.6,Two year,Electronic check,No,Yes,No,No internet service,No,0,Yes,No,Yes,No phone service,0
621,29,Female,14,53.99,781.5,Two year,Mailed check,DSL,Yes,No internet service,Yes,Yes,1,Yes,No,No,Yes,0
622,66,Male,9,113.94,3392.08,Month-to-month,Mailed check,No,No internet service,No,No internet service,No,0,No,No,Yes,No phone service,1
623,30,Female,11,61.78,4981.99,One year,Credit card,Fiber optic,No internet service,No,Yes,No,0,No,Yes,Yes,No,0
624,40,Female,63,114.2,5356.48,Two year,Credit card,DSL,No,Yes,Yes,No,0,No,No,Yes,No,0
625,42,Male,67,57.03,7705.62,Month-to-month,Mailed check,Fiber optic,No internet service,No internet service,Yes,No,1,Yes,No,Yes,No,0
626,52,Male,53,117.82,1309.87,Month-to-month,Electronic check,No,Yes,No,No internet service,No,0,Yes,No,Yes,No phone service,0
627,58,Male,39,23.98,7887.61,Month-to-month,Mailed check,No,Yes,Yes,No,No,0,No,No,Yes,No,0
628,47,Male,56,56.83,5271.94,Month-to-month,Mailed check,DSL,No internet service,No internet service,Yes,Yes,0,Yes,No,Yes,No,0
629,34,Female,28,84.82,3688.41,Month-to-month,Bank transfer,Fiber optic,Yes,No internet service,Yes,Yes,0,No,No,Yes,Yes,0
630,66,Male,39,25.86,7116.73,Month-to-month,Mailed check,DSL,No internet service,No,No internet service,No,0,No,No,Yes,No phone service,0
631,37,Female,25,44.18,5586.39,Month-to-month,Credit card,Fiber optic,No,Yes,No internet service,Yes,0,Yes,No,Yes,No phone service,0
632,65,Male,21,141.49,2854.87,Two year,Electronic check,Fiber optic,No,Yes,Yes,No,0,Yes,No,No,No,0
633,42,Male,10,146.99,7084.28,Month-to-month,Mailed check,DSL,No internet service,Yes,No,No,0,Yes,No,Yes,No phone service,1
634,39,Male,43,116.17,5366.26,Month-to-month,Bank transfer,Fiber optic,Yes,Yes,No internet service,Yes,0,No,No,Yes,No,0
635,30,Male,15,52.79,5620.82,Month-to-month,Credit card,No,No internet service,No internet service,Yes,Yes,0,Yes,No,Yes,No phone service,0
636,36,Male,48,53.87,7181.48,Month-to-month,Credit card,Fiber optic,No internet service,No,No,No,0,Yes,No,Yes,Yes,0
637,66,Male,21,103.95,3642.49,Two year,Bank transfer,No,No,No,No internet service,No,0,No,Yes,Yes,No phone service,0
638,53,Female,60,35.29,5289.54,Two year,Credit card,DSL,No internet service,Yes,No,No,1,Yes,No,Yes,No,0
639,29,Male,50,143.28,5983.04,One year,Bank transfer,No,No,Yes,Yes,No,0,No,No,Yes,No phone service,0
640,58,Male,23,49.23,3686.13,Month-to-month,Credit card,DSL,No,Yes,No,Yes,0,Yes,No,Yes,No phone service,0
641,36,Male,13,149.95,759.27,One year,Credit card,Fiber optic,No internet service,No,Yes,Yes,1,No,No,Yes,Yes,0
642,29,Male,69,84.45,6194.37,Month-to-month,Credit card,Fiber optic,No internet service,No internet service,No internet service,No,1,Yes,Yes,Yes,No phone service,0
643,26,Female,4,120.29,477.75,Month-to-month,Credit card,No,No internet service,No internet service,Yes,Yes,0,Yes,No,No,Yes,1
644,24,Male,9,20.28,5771.52,Month-to-month,Bank transfer,DSL,No internet service,Yes,Yes,Yes,0,No,No,Yes,Yes,1
645,45,Male,35,135.54,7295.91,Two year,Mailed check,Fiber optic,No,No internet service,No internet service,Yes,0,Yes,Yes,Yes,Yes,0
646,31,Male,21,55.1,2841.06,Month-to-month,Credit card,Fiber optic,No internet service,No internet service,Yes,Yes,1,Yes,Yes,Yes,No,0
647,48,Male,58,106.83,906.29,One year,Bank transfer,DSL,No,No,No,No,0,Yes,No,Yes,Yes,0
648,69,Female,18,124.83,1939.63,Month-to-month,Bank transfer,Fiber optic,No,Yes,No internet service,No,0,No,No,Yes,No phone service,1
649,36,Male,43,41.34,4542.02,Month-to-month,Bank transfer,Fiber optic,Yes,No internet service,No,No,0,Yes,Yes,Yes,No phone service,0
650,64,Female,6,77.53,7547.01,One year,Mailed check,Fiber optic,No,Yes,No internet service,Yes,0,No,No,Yes,Yes,0
651,33,Male,67,84.2,4147.03,Month-to-month,Electronic check,DSL,Yes,Yes,Yes,Yes,0,Yes,Yes,Yes,Yes,0
652,22,Female,12,60.58,990.62,Two year,Bank transfer,DSL,No internet service,No internet service,No,No,0,No,No,No,Yes,0
653,52,Female,12,82.63,5059.49,Month-to-month,Bank transfer,No,Yes,No,No internet service,No,0,No,No,Yes,No,0
654,29,Male,66,61.28,5889.48,Month-to-month,Bank transfer,Fiber optic,No internet service,No internet service,No,No,0,Yes,No,Yes,Yes,0
655,42,Male,2,66.9,3206.94,One year,Mailed check,Fiber optic,No,No,No internet service,No,0,No,Yes,Yes,Yes,0
656,69,Female,15,107.01,5799.96,One year,Credit card,Fiber optic,Yes,No internet service,No internet service,Yes,1,No,No,Yes,Yes,0
657,38,Female,23,102.24,2666.1,Month-to-month,Mailed check,DSL,No internet service,Yes,No,No,0,No,No,Yes,Yes,0
658,53,Male,29,50.19,6333.81,One year,Bank transfer,Fiber optic,No internet service,No,No,No,0,Yes,No,Yes,Yes,0
659,40,Female,7,136.67,2794.47,One year,Electronic check,DSL,Yes,No,No,No,0,No,No,Yes,No phone service,0
660,33,Female,28,132.16,2123.25,Month-to-month,Bank transfer,No,Yes,Yes,No,Yes,0,No,Yes,Yes,No phone service,0
661,56,Female,14,86.18,7045.53,Two year,Credit card,No,No internet service,No internet service,No internet service,Yes,0,Yes,No,Yes,No phone service,0
662,62,Male,44,76.32,4432.94,Month-to-month,Electronic check,No,No internet service,No,No,No,1,No,No,Yes,No,0
663,59,Female,30,68.99,2352.73,Month-to-month,Electronic check,Fiber optic,No,No internet service,No,Yes,0,Yes,Yes,Yes,No,0
664,56,Female,32,111.94,7487.19,One year,Mailed check,Fiber optic,No internet service,No internet service,No,Yes,0,No,No,Yes,No phone service,0
665,31,Female,70,107.32,5557.72,Month-to-month,Mailed check,No,Yes,No internet service,No,No,0,Yes,No,No,Yes,0
666,48,Male,6,45.5,1843.53,One year,Credit card,Fiber optic,No internet service,Yes,No,No,0,Yes,No,Yes,Yes,0
667,22,Male,27,107.29,4955.67,Month-to-month,Mailed check,Fiber optic,No internet service,No internet service,No,Yes,0,No,Yes,No,No,0
668,52,Female,24,52.82,6975.83,Month-to-month,Credit card,Fiber optic,Yes,Yes,Yes,No,1,No,No,Yes,No,0
669,40,Male,34,22.41,5599.61,Two year,Electronic check,Fiber optic,No,No,Yes,Yes,0,No,No,No,Yes,0
670,46,Female,40,110.9,2033.6,One year,Electronic check,Fiber optic,No internet service,No internet service,No internet service,Yes,0,Yes,No,Yes,No,0
671,60,Male,47,103.82,5225.9,One year,Electronic check,Fiber optic,Yes,No,No,Yes,0,Yes,No,No,Yes,0
672,28,Male,24,73.41,4991.36,Month-to-month,Credit card,Fiber optic,Yes,No internet service,No,Yes,0,Yes,No,Yes,No phone service,0
673,35,Female,65,88.34,6584.66,Month-to-month,Mailed check,No,Yes,No,No internet service,No,0,Yes,No,Yes,No,0
674,64,Male,18,143.13,1507.25,One year,Mailed check,Fiber optic,Yes,Yes,No,No,0,No,Yes,Yes,No phone service,0
675,29,Male,44,97.38,5627.11,Two year,Mailed check,Fiber optic,No,No,No,No,0,Yes,No,Yes,No,0
676,26,Male,57,105.52,316.23,Month-to-month,Bank transfer,DSL,Yes,No,No,No,0,Yes,No,Yes,No phone service,0
677,27,Female,28,28.31,5599.78,Month-to-month,Electronic check,No,No internet service,No internet service,Yes,Yes,0,No,Yes,Yes,No phone service,0
678,61,Male,71,41.58,7687.45,Month-to-month,Electronic check,DSL,No,No internet service,No,Yes,1,Yes,No,Yes,No,0
679,34,Male,23,59.12,1477.67,Month-to-month,Bank transfer,Fiber optic,Yes,No internet service,Yes,Yes,0,No,Yes,Yes,No,0
680,55,Female,34,90.12,2559.27,One year,Electronic check,No,No internet service,No internet service,No,Yes,0,No,No,Yes,No phone service,0
681,24,Male,11,120.96,4704.69,Month-to-month,Electronic check,Fiber optic,No,Yes,No,No,0,No,No,No,No phone service,1
682,63,Male,35,61.76,5885.92,Month-to-month,Bank transfer,DSL,No internet service,No,No internet service,Yes,1,No,No,No,Yes,0
683,30,Male,42,66.33,2820.53,Month-to-month,Electronic check,DSL,No,No,No internet service,Yes,0,Yes,No,No,No phone service,0
684,57,Male,28,53.3,5347.65,Month-to-month,Mailed check,No,Yes,Yes,No,No,1,No,Yes,Yes,No,0
685,59,Male,24,53.1,7204.3,Month-to-month,Bank transfer,DSL,No internet service,No,No,No,0,No,No,No,Yes,0
686,26,Female,8,143.35,5839.81,Two year,Electronic check,DSL,Yes,No internet service,No,Yes,0,Yes,Yes,Yes,Yes,0
687,67,Female,53,102.61,5717.08,One year,Mailed check,Fiber optic,No,No internet service,Yes,Yes,1,Yes,No,No,No phone service,0
688,44,Male,4,40.27,3117.57,Month-to-month,Credit card,Fiber optic,Yes,No internet service,No,No,0,Yes,Yes,Yes,Yes,0
689,19,Male,5,113.89,7300.29,One year,Electronic check,Fiber optic,Yes,No,No internet service,No,0,Yes,Yes,No,No,0
690,22,Male,49,113.86,2290.85,One year,Bank transfer,Fiber optic,No internet service,Yes,Yes,No,0,No,No,Yes,No,0
691,46,Female,30,106.64,1721.71,Month-to-month,Mailed check,No,Yes,Yes,No,Yes,0,Yes,No,Yes,No phone service,0
692,54,Female,63,37.51,2977.37,Month-to-month,Credit card,No,Yes,No,Yes,Yes,0,Yes,No,Yes,Yes,0
693,55,Male,47,73.04,5236.23,Month-to-month,Credit card,Fiber optic,Yes,Yes,Yes,Yes,0,No,No,Yes,No phone service,0
694,36,Male,26,33.88,6907.26,Month-to-month,Electronic check,DSL,No,Yes,Yes,No,0,No,Yes,Yes,No phone service,0
695,25,Female,57,126.16,1143.42,Two year,Credit card,Fiber optic,No internet service,No internet service,Yes,No,0,No,No,Yes,No phone service,0
696,65,Male,37,105.17,6529.04,Month-to-month,Bank transfer,Fiber optic,No internet service,No,No,No,0,Yes,Yes,Yes,Yes,0
697,62,Female,7,85.94,6521.3,Two year,Credit card,Fiber optic,Yes,Yes,No internet service,Yes,0,Yes,No,Yes,No,0
698,18,Female,40,64.59,4736.66,One year,Electronic check,DSL,No internet service,No,Yes,Yes,0,No,No,Yes,No,0
699,39,Male,39,43.95,6109.12,Month-to-month,Credit card,Fiber optic,No,No internet service,No internet service,No,1,Yes,No,Yes,Yes,0
700,69,Female,62,33.84,1536.86,Two year,Electronic check,No,No,No internet service,Yes,No,0,Yes,Yes,Yes,No phone service,0
701,34,Male,53,146.0,1439.73,Month-to-month,Credit card,Fiber optic,Yes,Yes,No internet service,No,0,Yes,No,Yes,No,0
702,24,Male,4,45.95,6916.12,Month-to-month,Mailed check,Fiber optic,Yes,No,Yes,Yes,0,No,No,Yes,No phone service,1
703,42,Male,25,27.78,4035.37,One year,Electronic check,Fiber optic,No,No,Yes,Yes,0,Yes,Yes,Yes,No,0
704,62,Male,7,145.02,2042.9,Month-to-month,Bank transfer,Fiber optic,No,No internet service,No,No,0,Yes,No,Yes,No phone service,1
705,21,Male,28,91.36,5540.97,Month-to-month,Bank transfer,Fiber optic,No,No internet service,No,No,0,No,No,Yes,No phone service,0
706,53,Male,69,123.57,7145.81,One year,Credit card,DSL,Yes,No internet service,Yes,Yes,0,Yes,No,Yes,No phone service,0
707,23,Female,67,25.69,5095.35,Two year,Mailed check,Fiber optic,No,Yes,No internet service,No,1,No,No,Yes,No,0
708,48,Female,20,93.7,2844.03,Month-to-month,Credit card,Fiber optic,Yes,No,No,No,0,No,Yes,Yes,No phone service,0
709,36,Female,11,71.77,3917.58,Month-to-month,Credit card,Fiber optic,No,Yes,No,No,1,Yes,Yes,Yes,No,1
710,61,Female,67,120.36,6042.93,One year,Mailed check,Fiber optic,No,No,No,Yes,0,Yes,No,Yes,No,0
711,56,Male,7,25.0,633.26,One year,Electronic check,DSL,No internet service,No internet service,No,Yes,0,Yes,No,Yes,No,0
712,44,Female,23,72.22,1815.6,Month-to-month,Bank transfer,Fiber optic,No,Yes,Yes,Yes,0,Yes,No,No,No,0
713,27,Female,61,123.88,3754.41,Two year,Mailed check,DSL,Yes,Yes,No internet service,Yes,0,Yes,No,Yes,Yes,0
714,43,Female,71,87.95,4873.5,One year,Credit card,DSL,No,Yes,No,Yes,0,Yes,Yes,Yes,No,0
715,36,Male,34,91.51,2779.41,One year,Electronic check,Fiber optic,No internet service,No internet service,No,Yes,0,No,No,Yes,No phone service,0
716,56,Female,19,32.63,2457.29,Two year,Credit card,Fiber optic,No,Yes,No internet service,Yes,1,Yes,No,Yes,No,0
717,20,Male,58,37.2,426.94,Two year,Electronic check,No,No,Yes,No,No,0,Yes,No,Yes,No phone service,0
718,62,Female,9,108.01,357.55,Month-to-month,Bank transfer,No,No,No internet service,No internet service,No,0,No,Yes,Yes,Yes,1
719,30,Male,48,107.76,2301.69,Month-to-month,Bank transfer,DSL,Yes,No,Yes,Yes,0,Yes,Yes,No,No,1
720,67,Male,41,147.28,4291.0,One year,Electronic check,DSL,No,Yes,No,No,0,No,No,Yes,Yes,0
721,45,Female,48,112.55,4495.33,Two year,Bank transfer,Fiber optic,No,No internet service,No internet service,Yes,0,Yes,No,Yes,No,0
722,37,Male,45,84.12,4002.82,One year,Credit card,No,No,Yes,No,Yes,0,No,Yes,Yes,No,0
723,45,Male,25,131.45,3338.06,Month-to-month,Electronic check,DSL,No internet service,Yes,Yes,Yes,1,Yes,Yes,Yes,Yes,0
724,25,Female,25,33.58,2093.1,One year,Credit card,Fiber optic,Yes,No,No internet service,No,0,Yes,No,Yes,No phone service,0
725,58,Female,19,78.41,3265.49,Month-to-month,Electronic check,Fiber optic,Yes,No internet service,No internet service,Yes,0,Yes,No,Yes,No phone service,0
726,56,Female,39,57.32,1196.2,Two year,Credit card,Fiber optic,No internet service,No,No internet service,No,0,No,Yes,No,No phone service,0
727,18,Male,27,33.6,1010.55,Month-to-month,Bank transfer,DSL,Yes,No,No,Yes,0,No,No,Yes,No,0
728,20,Male,63,119.26,2469.55,Two year,Mailed check,No,No internet service,No internet service,No internet service,No,0,No,Yes,Yes,No phone service,0
729,30,Male,68,86.4,7963.26,Month-to-month,Credit card,Fiber optic,No,No,No internet service,Yes,1,No,Yes,Yes,No phone service,1
730,45,Female,19,92.38,2679.33,Two year,Electronic check,DSL,Yes,Yes,No internet service,No,0,No,Yes,Yes,No,0
731,66,Male,28,73.46,7498.01,Month-to-month,Bank transfer,DSL,No,No internet service,Yes,Yes,0,Yes,No,Yes,Yes,0
732,42,Male,33,79.84,3198.87,One year,Electronic check,DSL,No,No internet service,No internet service,No,0,No,No,Yes,No phone service,0
733,50,Male,10,35.08,3568.18,Two year,Credit card,Fiber optic,Yes,Yes,No internet service,No,0,Yes,No,Yes,Yes,0
734,55,Male,30,107.48,6396.8,One year,Electronic check,Fiber optic,No,Yes,No internet service,No,1,No,Yes,Yes,No,0
735,23,Male,22,76.22,839.74,One year,Electronic check,DSL,No,Yes,Yes,Yes,1,Yes,Yes,Yes,No,0
736,61,Male,3,126.18,1540.28,Month-to-month,Credit card,Fiber optic,No internet service,No,No internet service,No,0,No,No,Yes,No phone service,1
737,62,Male,48,45.52,7793.34,Month-to-month,Bank transfer,Fiber optic,Yes,No,No,Yes,0,Yes,No,Yes,No phone service,0
738,49,Female,2,46.66,4096.75,Two year,Bank transfer,Fiber optic,No,No,No internet service,Yes,0,Yes,Yes,Yes,Yes,0
739,62,Female,54,103.95,450.05,Month-to-month,Credit card,Fiber optic,No internet service,No,No,No,0,No,No,Yes,No phone service,0
740,64,Female,6,129.98,474.31,One year,Bank transfer,Fiber optic,Yes,No,Yes,No,0,Yes,No,No,Yes,0
741,38,Male,40,81.39,7267.2,One year,Mailed check,DSL,No,No,Yes,No,0,No,No,Yes,No,0
742,33,Male,2,114.5,6999.58,Month-to-month,Electronic check,Fiber optic,No,No internet service,No internet service,No,0,Yes,Yes,Yes,Yes,1
743,38,Female,2,149.91,3721.35,Month-to-month,Credit card,DSL,No,No internet service,No internet service,Yes,0,Yes,Yes,No,No,1
744,28,Male,55,148.73,1389.45,Month-to-month,Mailed check,Fiber optic,No,No internet service,Yes,No,1,No,No,Yes,No phone service,0
745,54,Female,60,116.76,6659.25,Month-to-month,Electronic check,No,No,No internet service,Yes,No,0,Yes,No,Yes,Yes,1
746,53,Male,6,116.15,2664.34,Two year,Credit card,DSL,Yes,No internet service,Yes,Yes,0,Yes,Yes,Yes,Yes,0
747,52,Male,19,52.19,3410.56,One year,Bank transfer,DSL,Yes,No internet service,No,No,0,No,Yes,Yes,Yes,0
748,36,Female,27,128.36,5491.56,Month-to-month,Credit card,Fiber optic,No internet service,No,No,Yes,0,No,No,Yes,No phone service,0
749,37,Female,1,72.66,2891.85,Month-to-month,Credit card,DSL,No internet service,No internet service,No internet service,No,0,No,No,Yes,No phone service,1
750,35,Female,33,145.06,5066.49,One year,Electronic check,DSL,No internet service,Yes,No,No,0,No,Yes,Yes,No phone service,0
751,64,Female,40,30.59,7093.73,Month-to-month,Electronic check,Fiber optic,Yes,No internet service,Yes,No,1,Yes,No,Yes,Yes,0
752,58,Female,32,76.66,6399.25,Month-to-month,Electronic check,No,Yes,Yes,No internet service,No,0,No,No,Yes,Yes,0
753,66,Male,69,92.26,3114.73,Month-to-month,Mailed check,DSL,Yes,Yes,No,Yes,0,No,No,Yes,No,0
754,31,Male,17,72.67,2374.7,Two year,Bank transfer,No,No,No internet service,No internet service,No,1,No,No,Yes,Yes,0
755,32,Male,8,47.38,2355.53,Month-to-month,Credit card,Fiber optic,Yes,No,No,Yes,0,Yes,No,Yes,No,1
756,48,Female,57,97.09,2853.87,Month-to-month,Credit card,Fiber optic,Yes,No,No internet service,Yes,0,No,No,Yes,No phone service,0
757,18,Female,42,118.27,3998.78,Two year,Bank transfer,Fiber optic,No,Yes,Yes,No,0,Yes,No,No,No,0
758,20,Female,9,103.83,3391.12,Month-to-month,Credit card,DSL,No internet service,No,Yes,No,0,No,No,Yes,No,1
759,33,Female,35,50.48,1150.73,Two year,Electronic check,DSL,No internet service,Yes,Yes,No,0,Yes,No,Yes,Yes,0
760,40,Female,71,115.11,1391.3,Month-to-month,Credit card,DSL,No internet service,No,No,No,0,Yes,No,Yes,Yes,0
761,28,Female,53,53.4,2809.14,Month-to-month,Bank transfer,DSL,No,No,No internet service,No,0,Yes,Yes,Yes,No,0
762,29,Male,54,42.78,4540.31,Month-to-month,Mailed check,No,No,No,No internet service,Yes,0,No,Yes,Yes,No,0
763,27,Male,25,109.79,4782.05,Month-to-month,Mailed check,Fiber optic,No,No,No internet service,Yes,0,No,No,Yes,No phone service,1
764,49,Male,67,129.56,3941.04,Month-to-month,Bank transfer,Fiber optic,Yes,No internet service,No,No,0,No,No,No,Yes,0
765,33,Male,62,82.6,5936.33,Month-to-month,Credit card,Fiber optic,No internet service,No internet service,Yes,No,1,Yes,No,Yes,No phone service,0
766,25,Male,55,89.08,5924.27,Month-to-month,Credit card,No,No,No internet service,Yes,Yes,0,No,Yes,Yes,No,0
767,55,Female,46,59.36,3478.26,Month-to-month,Mailed check,No,No,Yes,No internet service,Yes,0,Yes,Yes,Yes,No phone service,0
768,29,Female,24,84.3,1083.08,One year,Credit card,Fiber optic,No internet service,No internet service,No internet service,No,0,No,Yes,Yes,Yes,0
769,41,Female,46,37.16,4288.38,Two year,Mailed check,Fiber optic,No internet service,No internet service,No,Yes,0,No,No,Yes,No,0
770,45,Female,22,144.26,3113.61,Two year,Bank transfer,DSL,Yes,No internet service,No internet service,No,0,No,Yes,Yes,No,0
771,25,Female,11,124.05,1189.59,One year,Bank transfer,DSL,No internet service,No,No internet service,Yes,0,No,No,Yes,No phone service,0
772,45,Female,48,106.84,7856.36,Two year,Credit card,DSL,No,No,No,No,0,No,No,Yes,Yes,0
773,53,Male,8,89.97,3021.07,Month-to-month,Electronic check,DSL,Yes,No,No internet service,No,0,Yes,No,Yes,No,1
774,43,Female,39,122.98,5043.8,Month-to-month,Electronic check,No,No internet service,No,Yes,No,0,Yes,No,Yes,No,1
775,25,Female,35,84.32,3972.02,Month-to-month,Mailed check,No,Yes,No,No,Yes,0,No,No,Yes,No phone service,0
776,67,Female,49,59.0,1228.34,One year,Bank transfer,Fiber optic,No,No internet service,Yes,Yes,0,Yes,No,Yes,No,0
777,45,Female,46,40.85,538.79,Two year,Mailed check,Fiber optic,No,No internet service,No internet service,Yes,0,No,Yes,Yes,No,0
778,45,Male,38,104.19,5043.58,One year,Bank transfer,Fiber optic,No,No,No internet service,Yes,0,No,Yes,Yes,Yes,0
779,54,Male,8,140.83,2051.47,Month-to-month,Mailed check,DSL,No,No,No,No,1,No,Yes,Yes,Yes,1
780,58,Female,54,39.97,2024.87,One year,Mailed check,No,Yes,No internet service,No,No,0,No,Yes,Yes,No phone service,0
781,53,Male,37,43.4,7660.11,Month-to-month,Mailed check,DSL,Yes,No internet service,No,Yes,0,Yes,No,Yes,No,0
782,44,Male,40,76.37,3748.01,Month-to-month,Credit card,Fiber optic,No,No,No,Yes,0,Yes,No,Yes,Yes,0
783,34,Female,34,124.9,332.47,One year,Electronic check,DSL,Yes,Yes,No internet service,No,0,Yes,No,Yes,No phone service,0
784,26,Female,17,58.21,2784.76,Month-to-month,Bank transfer,No,No,No,No internet service,No,0,Yes,No,Yes,Yes,0
785,50,Female,33,53.01,4717.48,Month-to-month,Mailed check,Fiber optic,No,No internet service,Yes,Yes,0,Yes,No,Yes,No phone service,0
786,37,Female,47,100.6,2695.68,One year,Electronic check,Fiber optic,No internet service,Yes,Yes,Yes,0,No,Yes,Yes,No phone service,0
787,30,Female,52,89.63,312.13,One year,Mailed check,DSL,Yes,No,No,Yes,0,No,No,No,No,0
788,45,Male,9,27.83,3610.06,Month-to-month,Mailed check,Fiber optic,No internet service,No internet service,No internet service,No,1,Yes,No,Yes,No phone service,1
789,65,Female,33,30.59,936.66,Month-to-month,Bank transfer,Fiber optic,No,No internet service,No,No,0,Yes,Yes,Yes,No phone service,0
790,46,Female,60,103.59,4991.36,Two year,Credit card,DSL,No internet service,No internet service,No,No,0,No,Yes,Yes,Yes,0
791,30,Female,21,80.47,4994.74,Month-to-month,Mailed check,No,No,No,No,No,0,No,No,Yes,No phone service,0
792,63,Male,58,146.23,398.3,Month-to-month,Bank transfer,No,No,No,No,Yes,0,No,No,Yes,No phone service,1
793,52,Female,69,108.21,2396.26,Month-to-month,Credit card,Fiber optic,No,Yes,No,No,0,Yes,Yes,Yes,Yes,0
794,23,Female,10,21.31,3368.12,One year,Credit card,DSL,Yes,No internet service,No internet service,Yes,0,No,No,Yes,Yes,0
795,35,Female,6,82.53,4447.09,Month-to-month,Electronic check,No,No,No internet service,Yes,No,0,Yes,Yes,Yes,Yes,1
796,68,Male,13,73.88,2438.9,Month-to-month,Electronic check,DSL,No,Yes,No,Yes,0,No,No,Yes,Yes,0
797,22,Female,65,33.87,2373.2,Month-to-month,Mailed check,DSL,Yes,No,No internet service,Yes,0,No,No,Yes,No,0
798,64,Female,20,140.02,7865.82,Month-to-month,Electronic check,DSL,Yes,No internet service,No,No,0,Yes,No,No,No,0
799,42,Female,57,124.65,430.72,Month-to-month,Bank transfer,DSL,No,Yes,No internet service,Yes,1,No,No,Yes,No phone service,0
800,19,Male,46,49.91,7913.46,One year,Bank transfer,Fiber optic,Yes,No internet service,Yes,Yes,0,No,No,Yes,Yes,0
801,27,Female,8,53.28,477.24,Two year,Electronic check,DSL,No,No,Yes,No,0,No,No,Yes,No,0
802,47,Female,10,24.16,2377.9,Two year,Bank transfer,Fiber optic,No internet service,No,No internet service,Yes,0,Yes,Yes,Yes,No phone service,0
803,67,Female,67,58.57,4000.16,One year,Bank transfer,Fiber optic,Yes,Yes,No,No,1,Yes,No,Yes,No,0
804,62,Male,11,96.0,1232.06,One year,Mailed check,Fiber optic,No internet service,Yes,Yes,No,0,No,No,Yes,No,0
805,22,Female,12,74.71,1165.29,Two year,Mailed check,Fiber optic,No,No internet service,No,No,0,Yes,No,Yes,No,0
806,50,Female,10,146.0,2124.87,Two year,Bank transfer,No,Yes,No,No,Yes,0,No,No,Yes,No phone service,0
807,18,Female,25,27.29,7790.71,Two year,Electronic check,Fiber optic,Yes,No,No internet service,Yes,0,Yes,No,Yes,No,0
808,35,Male,49,96.89,3102.92,Month-to-month,Bank transfer,DSL,No,Yes,No,No,0,Yes,No,Yes,No phone service,0
809,49,Male,49,131.58,4571.36,Month-to-month,Credit card,Fiber optic,Yes,Yes,No internet service,No,0,Yes,Yes,Yes,Yes,0
810,64,Female,11,82.5,5663.9,Two year,Credit card,DSL,Yes,No internet service,No internet service,Yes,0,No,No,Yes,Yes,0
811,66,Male,62,20.39,5963.55,Two year,Credit card,DSL,Yes,No,No internet service,No,0,Yes,No,Yes,Yes,0
812,28,Male,36,51.56,5535.52,One year,Mailed check,No,No internet service,No internet service,Yes,No,0,Yes,No,Yes,Yes,0
813,38,Male,39,62.09,2761.73,Two year,Electronic check,DSL,No,No internet service,No,No,0,Yes,Yes,Yes,No,0
814,43,Female,53,145.58,982.65,One year,Bank transfer,Fiber optic,No,Yes,No internet service,Yes,0,No,No,Yes,No,0
815,42,Female,56,138.53,2325.56,One year,Electronic check,DSL,No,No,No internet service,Yes,0,No,Yes,Yes,Yes,0
816,39,Male,1,143.39,1761.33,Month-to-month,Electronic check,No,Yes,Yes,No,Yes,0,No,No,Yes,No phone service,1
817,44,Male,56,127.35,1176.59,One year,Electronic check,DSL,Yes,No internet service,Yes,No,0,No,No,Yes,No,0
818,66,Male,4,65.71,293.52,One year,Credit card,DSL,Yes,No internet service,No internet service,No,0,Yes,No,Yes,No,0
819,30,Female,30,137.76,7492.23,Two year,Bank transfer,Fiber optic,No,No,No internet service,No,0,No,No,Yes,No phone service,0
820,50,Female,12,147.62,7376.17,Month-to-month,Mailed check,Fiber optic,No internet service,No,No internet service,No,0,No,No,Yes,No phone service,0
821,51,Male,35,65.51,498.29,Two year,Electronic check,Fiber optic,No,No,No internet service,Yes,0,No,No,Yes,No phone service,0
822,58,Male,52,53.87,1467.37,Two year,Electronic check,Fiber optic,No,No,No,Yes,0,No,No,Yes,Yes,0
823,52,Male,31,91.1,1202.05,Month-to-month,Credit card,DSL,No internet service,Yes,No internet service,No,0,No,Yes,Yes,Yes,0
824,18,Male,68,44.33,2321.66,Month-to-month,Credit card,Fiber optic,Yes,Yes,Yes,Yes,1,No,No,Yes,No phone service,0
825,38,Female,52,24.24,1712.14,One year,Bank transfer,Fiber optic,Yes,Yes,No,No,0,Yes,No,Yes,Yes,0
826,65,Male,7,142.96,7572.24,Month-to-month,Mailed check,Fiber optic,No,Yes,Yes,No,1,No,Yes,Yes,Yes,1
827,23,Female,22,140.35,764.95,One year,Mailed check,DSL,No internet service,No internet service,No,Yes,1,Yes,No,Yes,No phone service,0
828,45,Male,56,41.15,1772.2,Month-to-month,Credit card,Fiber optic,No,Yes,No,Yes,0,Yes,No,Yes,No,0
829,34,Male,58,73.01,737.71,Month-to-month,Bank transfer,No,No,Yes,No,No,0,No,No,Yes,Yes,0
830,22,Male,64,128.03,7845.04,Month-to-month,Electronic check,Fiber optic,No internet service,No,Yes,No,0,Yes,No,Yes,No phone service,0
831,48,Male,12,105.93,7355.47,Month-to-month,Bank transfer,DSL,No internet service,No internet service,Yes,Yes,0,Yes,No,Yes,No phone service,0
832,22,Male,7,71.32,5761.39,Month-to-month,Mailed check,Fiber optic,Yes,Yes,No internet service,Yes,1,Yes,No,Yes,No phone service,1
833,55,Female,55,116.74,3465.19,Two year,Credit card,Fiber optic,No,No internet service,Yes,Yes,0,Yes,No,Yes,No,0
834,20,Male,62,136.62,1602.41,Month-to-month,Electronic check,DSL,No internet service,No internet service,No internet service,No,0,No,No,Yes,No phone service,0
835,40,Male,55,140.4,1849.77,Two year,Electronic check,Fiber optic,No internet service,No internet service,No,Yes,0,Yes,No,Yes,No phone service,0
836,54,Male,36,69.25,3600.02,Two year,Mailed check,Fiber optic,No internet service,No internet service,No internet service,Yes,1,No,No,Yes,No,0
837,54,Female,24,42.56,6168.96,Two year,Electronic check,DSL,No internet service,No,Yes,Yes,0,No,No,Yes,No phone service,0
838,27,Female,44,138.67,2191.36,Month-to-month,Bank transfer,DSL,No,No,No,No,0,Yes,No,Yes,Yes,1
839,27,Female,17,32.03,2555.26,One year,Mailed check,DSL,No,No internet service,No,Yes,0,Yes,No,Yes,No,0
840,36,Female,2,113.82,4839.56,Month-to-month,Mailed check,DSL,No,No internet service,No internet service,Yes,1,Yes,No,Yes,No,1
841,34,Male,13,38.26,1978.06,Month-to-month,Electronic check,DSL,No internet service,No internet service,No internet service,Yes,1,Yes,No,Yes,No phone service,0
842,38,Male,31,70.62,4715.33,Two year,Mailed check,DSL,Yes,No,Yes,Yes,0,No,No,Yes,Yes,0
843,31,Male,28,73.5,3158.33,Month-to-month,Credit card,DSL,No internet service,No,No,No,0,Yes,No,Yes,No,0
844,26,Female,60,40.64,371.51,Two year,Bank transfer,No,No,No internet service,No internet service,Yes,0,Yes,Yes,Yes,No phone service,0
845,63,Male,27,139.95,3281.34,One year,Mailed check,Fiber optic,No,No internet service,No,No,0,No,No,Yes,No phone service,0
846,18,Male,15,20.35,7364.25,Month-to-month,Credit card,Fiber optic,No,No internet service,Yes,Yes,1,No,No,Yes,No,0
847,68,Female,33,136.2,2415.58,Month-to-month,Electronic check,No,Yes,No internet service,No,Yes,0,No,No,Yes,No,0
848,62,Female,20,134.9,2650.38,One year,Mailed check,DSL,Yes,No,No internet service,Yes,0,No,Yes,Yes,No phone service,0
849,30,Female,42,61.21,620.93,One year,Credit card,Fiber optic,No,Yes,Yes,Yes,0,Yes,Yes,Yes,No,0
850,21,Male,12,111.56,4958.87,One year,Electronic check,DSL,No internet service,Yes,Yes,Yes,0,Yes,Yes,No,Yes,0
851,18,Male,23,52.87,6809.01,Month-to-month,Credit card,No,No,No,No,Yes,0,No,Yes,No,Yes,0
852,66,Female,14,118.64,2888.09,Month-to-month,Electronic check,DSL,No,No,No internet service,No,0,Yes,Yes,Yes,No phone service,1
853,57,Male,25,92.95,1997.94,Month-to-month,Bank transfer,DSL,Yes,Yes,No,No,0,No,No,Yes,Yes,0
854,49,Female,31,59.03,7657.23,Month-to-month,Mailed check,DSL,Yes,Yes,No,No,0,Yes,No,Yes,No phone service,0
855,51,Female,54,72.03,5986.07,Month-to-month,Bank transfer,No,Yes,Yes,No,No,0,No,No,Yes,No,0
856,45,Male,5,109.69,4580.59,Month-to-month,Bank transfer,DSL,Yes,No internet service,No internet service,No,1,No,Yes,Yes,No,1
857,48,Female,13,137.79,2513.7,Month-to-month,Mailed check,DSL,No,Yes,No,Yes,0,No,No,Yes,No phone service,0
858,25,Female,28,36.99,1844.3,One year,Bank transfer,DSL,No internet service,Yes,No,Yes,0,Yes,No,Yes,No phone service,0
859,56,Female,43,94.28,5754.38,One year,Bank transfer,No,No,No internet service,Yes,Yes,0,Yes,Yes,Yes,No,0
860,43,Male,47,52.98,4222.13,Month-to-month,Credit card,Fiber optic,No,No internet service,Yes,Yes,0,Yes,No,Yes,No phone service,0
861,51,Female,71,124.18,4212.74,One year,Electronic check,Fiber optic,No internet service,No,Yes,No,0,Yes,No,Yes,Yes,0
862,20,Female,38,29.13,682.31,One year,Bank transfer,Fiber optic,No,No internet service,No internet service,No,0,Yes,No,Yes,Yes,0
863,67,Female,67,109.56,4146.34,One year,Mailed check,Fiber optic,No internet service,Yes,No,Yes,0,No,No,Yes,Yes,0
864,29,Female,62,42.74,6599.68,One year,Credit card,DSL,Yes,No internet service,No,Yes,0,No,No,Yes,No,0
865,18,Female,39,97.53,7579.71,Month-to-month,Electronic check,Fiber optic,Yes,No,Yes,No,1,No,Yes,No,No,0
866,61,Female,37,128.64,942.79,Month-to-month,Bank transfer,No,Yes,Yes,No,No,0,No,No,Yes,No,0
867,22,Female,8,118.16,5086.21,Month-to-month,Bank transfer,Fiber optic,No internet service,No,No internet service,Yes,0,No,No,Yes,No phone service,1
868,47,Male,52,117.88,4589.94,Month-to-month,Mailed check,No,No,No,No,No,0,No,No,Yes,No,1
869,47,Male,33,87.32,7133.47,One year,Bank transfer,Fiber optic,Yes,No,Yes,Yes,0,No,No,Yes,No,0
870,34,Female,42,135.8,6034.83,Two year,Mailed check,Fiber optic,Yes,No internet service,No internet service,Yes,1,No,No,Yes,Yes,0
871,65,Male,27,96.45,7725.57,Month-to-month,Bank transfer,Fiber optic,No,No internet service,No,No,0,Yes,No,Yes,No,0
872,64,Male,8,139.28,7684.26,One year,Bank transfer,Fiber optic,Yes,No,No,No,0,Yes,No,Yes,No phone service,0
873,40,Female,23,91.05,1882.91,Two year,Mailed check,DSL,Yes,No,No,Yes,0,Yes,No,No,No phone service,0
874,32,Male,64,85.78,5830.27,Month-to-month,Electronic check,DSL,No internet service,No,No internet service,No,0,Yes,No,No,Yes,0
875,54,Female,20,48.91,4291.13,Two year,Credit card,Fiber optic,No,No,No,No,0,Yes,Yes,Yes,Yes,0
876,38,Female,16,90.82,1795.36,Month-to-month,Mailed check,DSL,No internet service,No internet service,Yes,Yes,0,No,Yes,Yes,No phone service,0
877,31,Female,17,38.28,1639.47,Two year,Electronic check,DSL,Yes,No internet service,Yes,Yes,0,No,No,Yes,Yes,0
878,19,Female,19,133.06,740.57,Month-to-month,Electronic check,No,Yes,No,Yes,Yes,1,No,Yes,Yes,Yes,0
879,28,Female,8,107.87,6384.81,Month-to-month,Mailed check,No,No,No internet service,Yes,No,0,No,No,Yes,No phone service,1
880,68,Male,38,149.17,2663.59,One year,Credit card,Fiber optic,Yes,Yes,No internet service,Yes,0,Yes,No,Yes,Yes,0
881,56,Female,38,31.97,6870.05,Two year,Mailed check,Fiber optic,No internet service,No internet service,Yes,Yes,0,Yes,No,Yes,No phone service,0
882,55,Male,53,51.29,4905.69,Month-to-month,Bank transfer,DSL,No internet service,No,Yes,Yes,0,Yes,No,Yes,No phone service,0
883,51,Female,31,134.03,5421.7,One year,Bank transfer,Fiber optic,No,No internet service,Yes,No,0,Yes,No,Yes,No phone service,0
884,55,Female,44,71.38,2404.22,One year,Electronic check,Fiber optic,No,Yes,No internet service,No,0,No,Yes,Yes,Yes,0
885,67,Female,60,80.62,3712.62,Month-to-month,Bank transfer,Fiber optic,Yes,Yes,No internet service,Yes,0,No,No,Yes,No phone service,0
886,51,Male,17,131.88,3357.31,Month-to-month,Credit card,No,No,No internet service,No,No,0,No,Yes,Yes,No,0
887,35,Female,39,87.84,1961.94,Month-to-month,Mailed check,DSL,No,Yes,Yes,No,0,No,Yes,Yes,No,0
888,47,Female,42,45.15,6676.85,Month-to-month,Credit card,DSL,Yes,Yes,No,Yes,0,No,No,Yes,No,0
889,32,Female,48,135.96,5014.47,One year,Electronic check,Fiber optic,Yes,No internet service,No internet service,No,0,No,No,Yes,Yes,0
890,44,Female,12,24.04,395.71,Two year,Bank transfer,Fiber optic,No internet service,No internet service,No,No,1,Yes,No,Yes,No phone service,0
891,68,Male,18,136.4,6577.34,One year,Bank transfer,DSL,No internet service,No internet service,No internet service,Yes,1,No,No,Yes,No,0
892,51,Female,6,26.57,937.7,Two year,Mailed check,No,No,No,No,No,0,Yes,No,Yes,No phone service,0
893,69,Male,43,106.56,3289.2,Month-to-month,Credit card,No,Yes,No,Yes,No,0,No,No,Yes,Yes,0
894,55,Female,35,29.32,4612.93,Month-to-month,Credit card,No,No,Yes,No internet service,No,1,Yes,No,No,Yes,0
895,50,Male,54,111.81,160.44,Two year,Mailed check,No,No internet service,Yes,No internet service,No,1,Yes,No,Yes,No,0
896,41,Male,62,24.42,5257.97,Two year,Bank transfer,No,No,No internet service,No internet service,No,0,Yes,No,Yes,Yes,0
897,32,Female,69,129.52,5311.65,Month-to-month,Electronic check,No,No internet service,Yes,Yes,Yes,0,Yes,No,Yes,Yes,0
898,47,Female,16,80.57,5254.96,Month-to-month,Electronic check,Fiber optic,No internet service,No internet service,Yes,Yes,0,No,No,Yes,No phone service,0
899,59,Male,8,32.15,1391.4,Two year,Mailed check,DSL,No,No,No internet service,No,0,Yes,No,Yes,No phone service,0
900,68,Female,31,111.89,2120.29,Month-to-month,Mailed check,DSL,No internet service,No internet service,No internet service,Yes,0,No,Yes,Yes,No,0
901,34,Female,10,83.61,2054.27,Month-to-month,Mailed check,DSL,No internet service,Yes,Yes,Yes,0,No,No,Yes,No,0
902,22,Female,56,44.82,7684.53,One year,Credit card,Fiber optic,Yes,No internet service,Yes,Yes,0,Yes,No,Yes,No phone service,0
903,46,Male,70,22.04,633.47,Two year,Bank transfer,No,No,No internet service,Yes,Yes,0,Yes,No,Yes,Yes,0
904,21,Female,20,74.34,3487.22,One year,Bank transfer,Fiber optic,No,No internet service,Yes,No,0,No,No,Yes,No,0
905,27,Female,5,31.13,6982.91,One year,Mailed check,Fiber optic,No,Yes,Yes,No,0,No,No,Yes,No phone service,0
906,34,Female,23,32.24,6178.78,Month-to-month,Electronic check,DSL,No internet service,No internet service,Yes,No,1,No,No,Yes,Yes,0
907,27,Male,9,54.75,6597.29,One year,Credit card,DSL,No internet service,No internet service,No,Yes,0,Yes,No,Yes,Yes,0
908,34,Female,58,101.96,7781.12,Month-to-month,Mailed check,Fiber optic,No internet service,Yes,Yes,No,0,No,No,Yes,Yes,0
909,37,Male,59,88.89,3159.37,Two year,Credit card,DSL,No,No,Yes,Yes,0,Yes,No,Yes,No,0
910,41,Female,54,28.97,2546.28,Month-to-month,Mailed check,DSL,Yes,No,No internet service,No,0,Yes,No,Yes,No,0
911,22,Male,46,145.9,342.21,One year,Credit card,Fiber optic,No,Yes,No internet service,No,1,Yes,Yes,Yes,No phone service,0
912,51,Female,22,135.33,1285.15,Two year,Electronic check,Fiber optic,No,No,No,Yes,0,Yes,No,Yes,No phone service,0
913,23,Female,64,53.7,4539.92,Month-to-month,Electronic check,DSL,No,No internet service,Yes,No,0,Yes,Yes,Yes,No phone service,0
914,19,Male,8,35.9,1345.52,Two year,Electronic check,Fiber optic,Yes,Yes,No internet service,Yes,0,Yes,No,Yes,No phone service,0
915,30,Male,20,142.51,5916.81,Month-to-month,Electronic check,Fiber optic,No,No internet service,No internet service,No,0,No,No,No,No phone service,0
916,60,Male,51,79.95,394.14,Month-to-month,Bank transfer,DSL,Yes,No internet service,No,Yes,0,No,No,Yes,No,0
917,60,Female,39,60.45,2149.96,Month-to-month,Bank transfer,Fiber optic,Yes,Yes,Yes,Yes,0,No,No,Yes,Yes,0
918,65,Female,37,83.75,5594.08,Two year,Credit card,Fiber optic,No,No internet service,No internet service,Yes,0,Yes,No,Yes,Yes,0
919,28,Female,50,120.46,2118.47,Two year,Mailed check,DSL,No,Yes,Yes,No,0,No,Yes,No,No,0
920,68,Female,34,41.89,5857.21,Month-to-month,Bank transfer,No,No,No internet service,No,No,1,Yes,No,No,Yes,0
921,64,Male,33,119.77,7967.32,Month-to-month,Mailed check,Fiber optic,No internet service,No,No,Yes,0,No,Yes,Yes,No,1
922,40,Female,31,117.43,6396.96,Two year,Credit card,Fiber optic,Yes,No internet service,Yes,Yes,0,No,No,Yes,Yes,0
923,33,Female,54,90.12,2800.5,Month-to-month,Mailed check,No,No,No internet service,No,Yes,0,No,Yes,Yes,Yes,0
924,48,Female,44,132.56,7214.68,One year,Electronic check,No,Yes,Yes,No internet service,No,0,No,No,Yes,No phone service,0
925,28,Female,34,37.18,504.32,One year,Electronic check,DSL,No internet service,No,No,Yes,1,Yes,No,Yes,No,0
926,33,Female,71,97.41,5827.55,Two year,Bank transfer,No,No internet service,No internet service,No,No,0,No,No,Yes,Yes,0
927,25,Female,62,78.41,284.25,One year,Credit card,No,No,No internet service,Yes,No,0,Yes,No,No,No,0
928,21,Female,23,74.9,1478.99,Month-to-month,Bank transfer,DSL,Yes,No,No internet service,No,0,Yes,No,Yes,No,0
929,57,Male,46,52.83,7901.93,Two year,Bank transfer,Fiber optic,No internet service,No,Yes,Yes,0,Yes,No,Yes,No phone service,0
930,21,Female,56,68.4,2950.99,Month-to-month,Bank transfer,DSL,No internet service,No,Yes,No,0,Yes,Yes,Yes,No phone service,0
931,42,Female,7,34.06,6581.95,Month-to-month,Credit card,Fiber optic,Yes,No,Yes,Yes,0,No,No,Yes,No phone service,1
932,20,Female,61,52.71,3071.09,Month-to-month,Electronic check,Fiber optic,No internet service,No,No,Yes,1,No,Yes,Yes,Yes,0
933,49,Female,3,55.36,6736.22,Two year,Electronic check,Fiber optic,Yes,No internet service,No,No,0,Yes,Yes,Yes,Yes,0
934,20,Male,38,113.69,7726.97,One year,Bank transfer,No,No,No,Yes,No,1,No,No,Yes,Yes,0
935,44,Male,34,26.31,3540.74,Month-to-month,Mailed check,No,Yes,No,No,Yes,0,No,No,Yes,Yes,0
936,46,Male,44,104.66,4518.86,One year,Electronic check,No,No,No internet service,No,No,1,Yes,No,Yes,No phone service,0
937,49,Male,30,48.78,5066.25,Month-to-month,Electronic check,DSL,Yes,Yes,Yes,No,1,Yes,No,Yes,No,0
938,67,Male,17,30.64,7485.19,Two year,Credit card,DSL,No internet service,No internet service,No internet service,No,1,No,No,Yes,No,0
939,68,Male,59,59.1,2128.28,Month-to-month,Electronic check,No,No,Yes,No internet service,No,0,No,Yes,Yes,No,0
940,36,Female,10,49.18,4928.87,One year,Electronic check,DSL,Yes,No,No,Yes,0,No,Yes,Yes,Yes,0
941,38,Male,18,91.76,2665.29,One year,Bank transfer,Fiber optic,No,Yes,No internet service,No,0,No,No,Yes,Yes,0
942,22,Male,45,66.46,1813.77,Month-to-month,Bank transfer,No,Yes,No internet service,No internet service,No,0,Yes,No,Yes,Yes,0
943,35,Female,59,145.58,770.87,Two year,Credit card,DSL,Yes,Yes,No,No,1,No,No,Yes,No,0
944,45,Male,62,145.26,5003.62,Month-to-month,Credit card,DSL,No,Yes,No internet service,No,0,No,No,Yes,Yes,0
945,59,Female,59,77.68,7068.48,One year,Mailed check,Fiber optic,No,Yes,No,No,1,Yes,Yes,Yes,No,0
946,39,Female,49,123.36,2876.0,One year,Electronic check,DSL,No,No,Yes,No,0,No,No,Yes,Yes,0
947,38,Male,63,21.72,4466.08,One year,Bank transfer,Fiber optic,No internet service,No internet service,No internet service,No,0,Yes,Yes,Yes,No,0
948,23,Female,32,91.22,5172.86,Month-to-month,Bank transfer,DSL,Yes,Yes,Yes,No,0,Yes,No,Yes,Yes,0
949,18,Male,10,116.63,3375.74,Two year,Electronic check,DSL,Yes,No,Yes,No,0,No,No,Yes,No phone service,0
950,22,Male,11,48.2,7236.45,Month-to-month,Credit card,No,No,No internet service,No,Yes,0,No,No,Yes,Yes,1
951,58,Female,70,27.95,2965.77,One year,Bank transfer,Fiber optic,Yes,No internet service,No internet service,Yes,0,Yes,No,Yes,No,0
952,29,Female,62,40.27,1087.59,One year,Credit card,Fiber optic,Yes,No internet service,No internet service,No,0,No,Yes,No,No,0
953,43,Male,47,77.44,1237.76,Two year,Bank transfer,DSL,Yes,No internet service,No internet service,No,0,No,No,Yes,No,0
954,63,Female,34,85.83,7137.78,One year,Bank transfer,Fiber optic,No,No,No internet service,Yes,0,No,No,Yes,No phone service,0
955,51,Female,17,69.52,7905.26,Month-to-month,Mailed check,No,Yes,No internet service,No,Yes,1,No,Yes,Yes,No phone service,0
956,66,Male,54,77.2,2382.61,Two year,Bank transfer,Fiber optic,Yes,Yes,Yes,No,0,Yes,No,Yes,No,0
957,31,Male,40,81.13,1234.46,Month-to-month,Electronic check,Fiber optic,No internet service,No internet service,No internet service,Yes,0,Yes,Yes,Yes,No,0
958,43,Female,19,120.03,3909.48,Month-to-month,Electronic check,DSL,No internet service,No internet service,No internet service,Yes,1,No,Yes,Yes,No,0
959,62,Male,67,33.68,5705.27,Two year,Electronic check,Fiber optic,No,No,No,Yes,0,No,No,Yes,Yes,0
960,44,Male,53,119.96,4937.98,One year,Credit card,No,Yes,Yes,No internet service,Yes,0,Yes,No,Yes,No,0
961,26,Male,64,109.52,7613.75,Month-to-month,Bank transfer,No,Yes,Yes,No internet service,Yes,1,No,Yes,Yes,Yes,0
962,43,Male,47,116.42,6560.45,One year,Credit card,Fiber optic,No internet service,No,Yes,Yes,0,No,No,Yes,No phone service,0
963,64,Male,6,115.48,6964.88,Month-to-month,Mailed check,No,No,No,No internet service,Yes,0,No,No,Yes,No phone service,1
964,39,Male,16,81.18,4379.17,Month-to-month,Bank transfer,DSL,No,Yes,No internet service,Yes,0,Yes,No,Yes,No,0
965,64,Male,18,47.48,2685.47,Month-to-month,Electronic check,Fiber optic,Yes,Yes,Yes,No,0,No,No,Yes,No phone service,0
966,47,Female,52,89.76,5643.71,One year,Mailed check,DSL,No internet service,No internet service,No internet service,Yes,0,Yes,No,Yes,Yes,0
967,60,Male,48,144.54,3568.52,One year,Mailed check,Fiber optic,No internet service,No,Yes,No,0,Yes,No,Yes,Yes,0
968,65,Female,43,96.51,2373.26,One year,Bank transfer,DSL,No internet service,Yes,No,Yes,0,No,No,Yes,No,0
969,34,Female,39,21.44,1302.94,Month-to-month,Electronic check,No,Yes,Yes,Yes,No,0,Yes,No,Yes,No,0
970,43,Female,49,27.76,4270.21,One year,Credit card,Fiber optic,Yes,No,Yes,No,0,Yes,Yes,No,No phone service,0
971,53,Male,12,149.07,4794.6,Month-to-month,Bank transfer,DSL,Yes,No,No internet service,No,0,No,No,Yes,No,1
972,18,Male,10,29.35,4593.41,One year,Electronic check,Fiber optic,No internet service,Yes,No internet service,No,0,Yes,No,No,No,0
973,25,Female,71,25.99,1020.73,Two year,Mailed check,Fiber optic,No,No,No internet service,Yes,0,Yes,No,Yes,No,0
974,66,Male,55,65.89,4602.9,Month-to-month,Bank transfer,DSL,Yes,Yes,No internet service,No,0,No,No,Yes,Yes,0
975,52,Female,1,146.01,1430.47,One year,Mailed check,DSL,Yes,Yes,Yes,Yes,0,Yes,No,Yes,No phone service,0
976,69,Male,49,61.43,5343.34,Two year,Electronic check,Fiber optic,No,No internet service,No,No,0,No,No,No,No,0
977,32,Male,36,73.28,3492.13,Month-to-month,Credit card,DSL,No,No internet service,No internet service,Yes,0,Yes,Yes,Yes,No,0
978,64,Female,21,102.43,6805.43,One year,Credit card,Fiber optic,No internet service,No,Yes,No,1,No,Yes,Yes,No,0
979,39,Female,37,23.13,6248.3,One year,Mailed check,Fiber optic,Yes,No,No,Yes,0,No,No,Yes,Yes,0
980,31,Female,24,136.71,5822.62,Month-to-month,Mailed check,Fiber optic,No internet service,Yes,No,Yes,0,Yes,No,Yes,Yes,0
981,43,Male,55,87.53,5635.82,One year,Mailed check,Fiber optic,Yes,No internet service,No,No,0,Yes,Yes,No,No,0
982,45,Female,25,80.69,4527.86,One year,Bank transfer,No,No internet service,No,Yes,Yes,0,No,No,Yes,No phone service,0
983,40,Male,7,131.89,582.8,Month-to-month,Electronic check,Fiber optic,No internet service,Yes,No internet service,Yes,0,No,No,Yes,Yes,1
984,31,Male,71,143.9,5278.37,Month-to-month,Mailed check,Fiber optic,No,No internet service,Yes,No,0,No,No,Yes,No,0
985,41,Male,71,75.05,3788.69,Two year,Mailed check,Fiber optic,Yes,Yes,No internet service,Yes,0,No,No,Yes,No phone service,0
986,19,Female,24,42.42,3809.48,One year,Mailed check,DSL,No,No internet service,No,No,0,Yes,No,Yes,No,0
987,62,Female,11,126.04,3094.28,Month-to-month,Credit card,DSL,No,Yes,No,No,0,Yes,No,No,No phone service,1
988,43,Female,12,72.42,7439.66,Month-to-month,Mailed check,Fiber optic,No,No internet service,Yes,Yes,1,Yes,No,Yes,Yes,0
989,31,Male,35,141.62,2070.67,One year,Electronic check,Fiber optic,Yes,Yes,No,No,0,Yes,No,Yes,No phone service,0
990,68,Male,63,143.49,2601.1,Month-to-month,Credit card,DSL,No internet service,Yes,Yes,No,1,No,No,Yes,Yes,0
991,24,Female,68,34.93,7708.02,Month-to-month,Electronic check,No,No internet service,No,No internet service,Yes,0,Yes,No,No,Yes,0
992,20,Male,57,144.35,6500.21,One year,Credit card,Fiber optic,Yes,No internet service,No,Yes,0,No,No,Yes,No phone service,0
993,64,Male,13,67.88,211.28,One year,Credit card,No,Yes,No internet service,No internet service,Yes,0,Yes,No,Yes,Yes,0
994,40,Female,23,104.01,7258.25,Month-to-month,Bank transfer,No,No internet service,No,No,No,0,Yes,No,No,No phone service,0
995,63,Female,39,24.52,1890.51,Month-to-month,Credit card,DSL,No internet service,No,No internet service,No,0,Yes,No,Yes,No phone service,0
996,60,Female,12,135.55,5676.87,Month-to-month,Credit card,No,No,Yes,No,Yes,0,No,Yes,Yes,Yes,1
997,64,Male,34,103.41,4469.28,Month-to-month,Electronic check,DSL,No internet service,No internet service,No internet service,Yes,0,Yes,No,Yes,Yes,0
998,62,Male,71,103.66,4340.81,Month-to-month,Electronic check,No,No,Yes,No,Yes,0,Yes,No,Yes,Yes,1
999,35,Male,31,137.28,5771.58,Month-to-month,Mailed check,Fiber optic,No internet service,Yes,Yes,Yes,0,Yes,No,No,Yes,0
1000,55,Male,62,86.09,1736.73,Month-to-month,Bank transfer,Fiber optic,No internet service,Yes,No internet service,Yes,0,Yes,No,Yes,Yes,0
1001,52,Male,13,73.37,1356.3,Month-to-month,Credit card,Fiber optic,No internet service,No,No internet service,Yes,0,No,Yes,Yes,No,0
1002,68,Female,31,132.6,5250.11,Two year,Bank transfer,Fiber optic,No,No internet service,Yes,Yes,0,No,Yes,Yes,No,0
1003,32,Male,2,116.51,2395.58,Month-to-month,Mailed check,Fiber optic,No,No,Yes,Yes,0,Yes,Yes,Yes,No,1
1004,42,Male,15,143.37,7794.21,Month-to-month,Bank transfer,No,No internet service,No,Yes,Yes,0,No,No,Yes,No,1
1005,54,Male,57,142.22,3666.94,Month-to-month,Credit card,No,No,No internet service,No,Yes,0,No,Yes,Yes,No,1
1006,45,Female,34,69.7,981.62,Month-to-month,Electronic check,Fiber optic,No,No internet service,Yes,No,0,No,Yes,Yes,No phone service,0
1007,27,Female,68,78.11,5517.94,Two year,Bank transfer,Fiber optic,No,No,No,No,0,Yes,Yes,Yes,Yes,0
1008,56,Female,29,53.28,2518.66,Month-to-month,Credit card,DSL,No,No,No,No,1,Yes,No,Yes,No,0
1009,34,Male,66,105.88,1273.84,Two year,Mailed check,No,Yes,No,Yes,Yes,0,No,No,Yes,No phone service,0
1010,56,Female,16,67.39,3440.3,Month-to-month,Credit card,Fiber optic,No,No internet service,Yes,Yes,1,No,No,Yes,No phone service,0
1011,39,Female,39,122.19,7717.36,Two year,Bank transfer,No,No internet service,No internet service,No,No,0,Yes,Yes,Yes,No,0
1012,43,Female,37,35.8,3350.3,Month-to-month,Credit card,Fiber optic,No,Yes,No internet service,No,0,Yes,No,Yes,No,0
1013,61,Male,21,35.13,2843.94,Month-to-month,Credit card,DSL,No internet service,No internet service,No internet service,No,0,No,No,Yes,No,0
1014,42,Female,44,46.58,3611.62,Month-to-month,Bank transfer,DSL,No,No,Yes,Yes,0,No,No,Yes,No,0
1015,34,Male,19,30.96,195.71,Month-to-month,Bank transfer,DSL,No internet service,No internet service,No internet service,Yes,0,No,Yes,Yes,No phone service,0
1016,30,Male,71,100.6,1151.5,One year,Mailed check,Fiber optic,Yes,No internet service,No,No,1,Yes,Yes,Yes,Yes,0
1017,37,Female,8,39.16,6812.43,Month-to-month,Credit card,DSL,No internet service,No internet service,No internet service,Yes,0,Yes,Yes,Yes,Yes,1
1018,42,Male,66,40.8,7826.47,One year,Electronic check,Fiber optic,No,No,No,No,0,No,No,Yes,No phone service,0
1019,21,Female,41,21.85,1347.74,Month-to-month,Bank transfer,DSL,No,Yes,Yes,No,0,No,No,Yes,No,0
1020,27,Male,70,121.67,4330.59,Month-to-month,Credit card,Fiber optic,No internet service,Yes,Yes,No,0,No,No,Yes,Yes,0
1021,20,Female,61,125.6,7734.03,Month-to-month,Electronic check,DSL,Yes,No,No internet service,Yes,0,Yes,No,Yes,No,0
1022,58,Female,26,41.06,1336.99,One year,Electronic check,Fiber optic,No,No,Yes,No,0,Yes,No,Yes,Yes,0
1023,62,Female,71,116.14,1571.85,Month-to-month,Credit card,DSL,No,Yes,Yes,Yes,0,No,No,Yes,Yes,0
1024,35,Male,70,76.36,7421.85,Month-to-month,Credit card,Fiber optic,No internet service,No,No,No,0,Yes,No,No,Yes,0
1025,64,Female,29,51.15,5674.93,Month-to-month,Credit card,DSL,No internet service,No internet service,No,No,0,Yes,Yes,Yes,No phone service,0
1026,53,Male,66,100.78,1300.54,Two year,Electronic check,DSL,Yes,No internet service,No,Yes,0,Yes,No,Yes,No,0
1027,64,Female,19,43.2,3208.59,One year,Credit card,No,No internet service,Yes,No,Yes,0,Yes,No,Yes,Yes,0
1028,39,Male,68,118.39,544.53,Month-to-month,Bank transfer,DSL,No,No internet service,Yes,No,0,No,Yes,Yes,Yes,0
1029,51,Male,58,26.19,3518.11,Month-to-month,Electronic check,No,No internet service,Yes,No,Yes,0,Yes,No,Yes,Yes,0
1030,64,Female,70,144.69,6245.42,Month-to-month,Bank transfer,No,Yes,No,No,No,0,No,No,Yes,No,1
1031,25,Female,57,29.34,4476.38,Month-to-month,Bank transfer,Fiber optic,Yes,Yes,No,No,0,No,No,Yes,Yes,0
1032,57,Female,37,95.33,5214.79,One year,Credit card,Fiber optic,No,Yes,No internet service,Yes,0,No,No,Yes,No phone service,0
1033,66,Female,61,137.29,2681.88,Month-to-month,Bank transfer,Fiber optic,No internet service,No internet service,No,No,0,Yes,No,Yes,Yes,0
1034,61,Female,30,21.55,1375.03,Month-to-month,Credit card,Fiber optic,No,Yes,Yes,No,0,Yes,No,No,Yes,0
1035,36,Male,71,84.81,203.62,One year,Electronic check,Fiber optic,Yes,Yes,Yes,No,0,No,No,Yes,No phone service,0
1036,59,Female,25,65.5,6588.37,Month-to-month,Bank transfer,DSL,Yes,Yes,No,No,0,No,No,Yes,No,0
1037,58,Female,65,95.44,5129.57,Month-to-month,Credit card,Fiber optic,No internet service,No,No internet service,No,1,No,No,Yes,No,0
1038,54,Male,6,49.31,1911.64,Month-to-month,Mailed check,No,No internet service,No internet service,No internet service,No,1,No,No,Yes,Yes,0
1039,23,Female,18,28.44,3405.63,Month-to-month,Credit card,DSL,No,No internet service,No internet service,No,0,Yes,No,Yes,No,0
1040,69,Female,10,101.37,6431.4,Two year,Mailed check,Fiber optic,Yes,Yes,No internet service,Yes,0,Yes,Yes,Yes,No phone service,0
1041,43,Male,11,74.19,4355.73,One year,Credit card,Fiber optic,No,Yes,No,Yes,0,Yes,No,No,No,0
1042,51,Female,65,100.92,2471.26,Month-to-month,Mailed check,DSL,No,No,No,No,0,Yes,Yes,Yes,Yes,1
1043,62,Female,65,47.37,2210.76,Month-to-month,Bank transfer,DSL,No,No internet service,Yes,No,0,No,No,Yes,No phone service,0
1044,23,Female,52,64.04,1819.15,Month-to-month,Mailed check,Fiber optic,Yes,No internet service,Yes,Yes,0,Yes,No,Yes,Yes,0
1045,54,Male,67,93.02,6607.47,Month-to-month,Bank transfer,Fiber optic,No internet service,Yes,No internet service,No,0,No,Yes,Yes,No phone service,0
1046,50,Female,31,97.1,4696.7,Two year,Bank transfer,DSL,Yes,No,No internet service,Yes,1,Yes,No,Yes,No phone service,0
1047,39,Male,17,68.4,5702.34,Month-to-month,Credit card,Fiber optic,No,No,Yes,Yes,1,Yes,No,Yes,Yes,0
1048,38,Female,55,56.41,6894.95,Two year,Bank transfer,Fiber optic,Yes,Yes,Yes,Yes,0,No,No,Yes,Yes,0
1049,23,Male,36,55.58,7896.21,One year,Electronic check,No,No,Yes,No internet service,No,0,No,No,No,No,0
1050,23,Female,26,42.71,2070.92,Two year,Mailed check,DSL,No,Yes,Yes,No,0,No,No,Yes,No,0
1051,65,Male,53,62.3,1529.13,One year,Credit card,Fiber optic,No internet service,Yes,No internet service,Yes,1,Yes,No,Yes,Yes,0
1052,21,Male,17,45.93,3749.79,One year,Bank transfer,DSL,No,Yes,No,Yes,0,No,Yes,No,Yes,0
1053,47,Male,25,102.4,377.06,One year,Mailed check,DSL,Yes,No,No internet service,No,0,No,No,Yes,No,0
1054,28,Male,2,93.98,6354.57,Two year,Mailed check,DSL,No internet service,No,No,No,0,Yes,No,Yes,Yes,0
1055,47,Male,5,69.74,7081.7,Month-to-month,Electronic check,Fiber optic,No internet service,Yes,No,Yes,0,No,Yes,Yes,No phone service,0
1056,48,Male,4,62.36,5519.71,Two year,Mailed check,No,No internet service,Yes,No,Yes,0,No,No,No,No,0
1057,41,Female,36,50.89,2217.16,One year,Credit card,DSL,No internet service,No internet service,Yes,Yes,1,Yes,No,Yes,No,0
1058,26,Female,6,89.61,1072.93,Month-to-month,Credit card,Fiber optic,No internet service,No,Yes,No,0,No,No,Yes,No phone service,1
1059,20,Male,21,139.46,3118.94,Two year,Bank transfer,DSL,Yes,No,No internet service,No,0,No,Yes,Yes,No phone service,0
1060,68,Male,26,109.14,6683.35,Two year,Bank transfer,Fiber optic,No,Yes,No,Yes,0,No,No,Yes,Yes,0
1061,48,Male,55,116.77,2847.84,One year,Credit card,Fiber optic,No,No,No internet service,No,0,No,Yes,Yes,Yes,0
1062,57,Male,39,128.47,370.61,Month-to-month,Mailed check,Fiber optic,No,No,No,No,1,Yes,No,Yes,No phone service,1
1063,54,Female,33,65.71,2266.81,Two year,Mailed check,Fiber optic,No,No,No,Yes,0,No,No,Yes,No phone service,0
1064,53,Male,14,28.17,7920.57,One year,Electronic check,Fiber optic,No internet service,No internet service,No internet service,No,1,No,No,Yes,No,0
1065,41,Female,56,100.93,5445.68,One year,Bank transfer,DSL,No,No,No internet service,No,0,Yes,No,Yes,No,0
1066,48,Female,21,44.53,7216.75,Two year,Mailed check,Fiber optic,No,Yes,No internet service,Yes,1,Yes,No,Yes,No,0
1067,23,Male,46,93.98,6221.44,Month-to-month,Mailed check,Fiber optic,No internet service,No,No internet service,Yes,0,Yes,No,No,Yes,0
1068,19,Male,16,116.14,4363.67,Month-to-month,Bank transfer,DSL,No internet service,No,Yes,No,0,No,No,Yes,No,1
1069,37,Female,16,121.87,1274.64,One year,Credit card,DSL,No internet service,No internet service,No,No,0,Yes,No,Yes,No phone service,0
1070,45,Female,29,59.24,2854.29,Month-to-month,Mailed check,No,No,No,No,Yes,0,No,No,Yes,No,0
1071,28,Male,8,86.62,4711.55,One year,Electronic check,No,No internet service,No internet service,Yes,No,0,Yes,No,No,No phone service,0
1072,21,Male,3,100.73,6978.0,Month-to-month,Mailed check,DSL,No internet service,No internet service,No,Yes,0,No,No,Yes,No phone service,1
1073,32,Male,19,126.53,2222.53,Month-to-month,Mailed check,Fiber optic,Yes,No internet service,Yes,Yes,0,No,No,Yes,Yes,0
1074,23,Female,66,118.98,1057.69,Month-to-month,Electronic check,Fiber optic,Yes,No,No,Yes,1,Yes,Yes,Yes,Yes,1
1075,66,Female,22,148.44,4514.78,Month-to-month,Credit card,No,No,Yes,Yes,No,0,Yes,No,Yes,No,1
1076,47,Male,46,21.05,1494.36,Month-to-month,Electronic check,No,No internet service,Yes,Yes,Yes,1,Yes,No,Yes,No,0
1077,55,Female,13,76.87,4921.86,Month-to-month,Electronic check,Fiber optic,No,No,No,No,0,Yes,No,Yes,No,0
1078,68,Female,33,53.29,2181.82,Month-to-month,Bank transfer,DSL,Yes,No internet service,No,Yes,0,No,Yes,Yes,Yes,0
1079,19,Male,5,35.59,1924.61,One year,Mailed check,Fiber optic,Yes,Yes,No,Yes,0,Yes,No,Yes,No phone service,0
1080,32,Male,27,138.5,3253.53,Two year,Credit card,Fiber optic,No internet service,No,No internet service,No,0,No,No,Yes,No phone service,0
1081,28,Female,24,149.74,4786.21,Month-to-month,Mailed check,No,No,Yes,No,Yes,0,No,No,Yes,Yes,1
1082,25,Female,67,43.48,4408.01,One year,Credit card,Fiber optic,Yes,No,No,Yes,1,Yes,No,Yes,No,0
1083,43,Male,63,25.0,2033.4,Month-to-month,Electronic check,Fiber optic,No internet service,No internet service,No,No,0,No,No,Yes,Yes,0
1084,68,Male,48,55.76,7139.82,Month-to-month,Bank transfer,Fiber optic,No,Yes,No internet service,No,0,Yes,No,Yes,No phone service,0
1085,62,Male,63,128.53,968.07,Two year,Electronic check,DSL,No internet service,No,No,Yes,0,Yes,No,Yes,Yes,0
1086,61,Male,12,58.21,411.79,Month-to-month,Mailed check,Fiber optic,No internet service,No,Yes,Yes,0,Yes,Yes,No,Yes,0
1087,22,Male,28,27.4,4861.38,Month-to-month,Bank transfer,DSL,Yes,Yes,Yes,No,0,Yes,No,Yes,No phone service,0
1088,23,Female,44,26.82,1074.92,Month-to-month,Bank transfer,Fiber optic,No,No,No internet service,Yes,0,No,No,Yes,Yes,0
1089,43,Female,43,75.56,4088.64,Two year,Mailed check,Fiber optic,Yes,Yes,No internet service,Yes,0,Yes,No,Yes,Yes,0
1090,21,Female,17,141.14,7619.01,Month-to-month,Credit card,No,No,No,No internet service,Yes,0,No,No,Yes,Yes,1
1091,36,Female,40,57.17,5618.78,One year,Bank transfer,No,No,Yes,No internet service,No,0,No,Yes,No,No,0
1092,37,Male,49,75.53,4977.91,Month-to-month,Credit card,DSL,No internet service,No internet service,No internet service,No,1,Yes,No,Yes,No phone service,0
1093,50,Male,57,33.25,4640.96,Month-to-month,Credit card,DSL,No internet service,Yes,No,No,0,Yes,No,Yes,No,0
1094,37,Male,64,84.16,1518.36,Two year,Credit card,Fiber optic,No,No,Yes,No,0,No,No,Yes,No phone service,0
1095,66,Female,57,110.55,3517.92,Month-to-month,Bank transfer,Fiber optic,No internet service,No internet service,Yes,Yes,0,No,No,Yes,No phone service,0
1096,29,Female,70,55.25,2805.94,One year,Electronic check,No,Yes,No internet service,No,No,0,Yes,No,Yes,No phone service,0
1097,64,Female,43,58.57,7629.29,One year,Bank transfer,DSL,No,Yes,No internet service,No,0,No,No,Yes,Yes,0
1098,18,Male,23,129.46,2014.33,Month-to-month,Electronic check,No,Yes,Yes,No,No,0,Yes,No,Yes,No,0
1099,43,Female,27,21.35,3824.98,Month-to-month,Bank transfer,Fiber optic,No internet service,Yes,No internet service,No,0,No,No,Yes,No phone service,0
1100,31,Male,58,102.74,7510.83,One year,Electronic check,DSL,No,No internet service,Yes,Yes,0,No,No,Yes,No,0
1101,55,Male,37,71.21,6334.53,Month-to-month,Electronic check,DSL,No internet service,No internet service,Yes,No,1,No,Yes,Yes,No,0
1102,54,Male,6,58.79,7719.67,Month-to-month,Bank transfer,No,Yes,Yes,No internet service,No,0,Yes,No,Yes,No,1
1103,28,Male,65,105.49,4905.81,Month-to-month,Credit card,Fiber optic,No,No,No,Yes,0,No,No,Yes,No,1
1104,53,Male,6,128.51,2736.92,One year,Credit card,No,No internet service,No internet service,No internet service,Yes,0,Yes,No,Yes,Yes,0
1105,30,Male,50,92.59,6630.53,Two year,Electronic check,Fiber optic,Yes,Yes,No internet service,No,0,No,No,Yes,Yes,0
1106,60,Female,22,24.04,2402.5,Two year,Mailed check,DSL,Yes,No,Yes,No,0,No,No,Yes,No phone service,0
1107,20,Male,25,79.98,1401.71,Month-to-month,Mailed check,Fiber optic,No internet service,Yes,No internet service,No,0,No,No,Yes,No phone service,0
1108,50,Male,51,80.16,5679.68,One year,Bank transfer,DSL,No,No internet service,No,Yes,0,Yes,No,Yes,Yes,0
1109,23,Female,48,90.69,5147.75,Month-to-month,Bank transfer,Fiber optic,No internet service,No internet service,No internet service,No,0,Yes,No,Yes,No phone service,0
1110,67,Male,70,107.22,7043.7,Month-to-month,Bank transfer,Fiber optic,No,Yes,Yes,Yes,0,Yes,No,Yes,Yes,0
1111,27,Female,65,22.51,7699.21,Two year,Mailed check,Fiber optic,Yes,No,No,Yes,0,Yes,No,Yes,No,0
1112,22,Female,60,85.26,6871.86,One year,Credit card,Fiber optic,Yes,No internet service,No,Yes,0,No,Yes,Yes,No,0
1113,40,Female,46,96.48,574.17,One year,Bank transfer,DSL,Yes,Yes,Yes,Yes,0,No,No,Yes,Yes,0
1114,27,Male,36,64.64,5349.66,Month-to-month,Bank transfer,DSL,No internet service,Yes,Yes,No,0,No,No,Yes,No phone service,0
1115,61,Male,58,106.89,6299.39,Two year,Credit card,Fiber optic,No internet service,No,No internet service,Yes,0,No,No,Yes,No phone service,0
1116,19,Female,38,49.66,7857.24,Two year,Electronic check,No,No internet service,No,Yes,No,0,No,No,Yes,Yes,0
1117,30,Male,11,61.26,3059.82,Month-to-month,Bank transfer,Fiber optic,Yes,No internet service,Yes,Yes,0,Yes,No,Yes,Yes,0
1118,57,Male,12,145.16,1442.06,Month-to-month,Mailed check,Fiber optic,No,No,Yes,No,0,Yes,Yes,Yes,No,1
1119,19,Female,42,65.25,6838.17,Month-to-month,Mailed check,DSL,No internet service,No,Yes,No,0,Yes,No,Yes,No phone service,0
1120,37,Female,39,65.05,2607.99,Month-to-month,Bank transfer,Fiber optic,No internet service,No internet service,No,No,0,No,No,Yes,No,0
1121,18,Male,71,97.44,4825.79,Two year,Mailed check,Fiber optic,No internet service,Yes,No,Yes,1,No,No,Yes,Yes,0
1122,54,Female,11,146.23,3180.17,Month-to-month,Credit card,Fiber optic,Yes,No internet service,No,Yes,0,Yes,No,Yes,No phone service,1
1123,26,Female,36,147.8,3278.38,One year,Electronic check,Fiber optic,No,No internet service,Yes,No,0,No,Yes,Yes,No,0
1124,34,Female,52,95.36,5886.47,One year,Electronic check,Fiber optic,No,No,No internet service,Yes,0,Yes,No,Yes,No phone service,0
1125,26,Male,31,20.14,2955.65,One year,Bank transfer,Fiber optic,No,No,No internet service,No,1,No,No,Yes,No phone service,0
1126,28,Male,33,137.09,5575.29,Month-to-month,Bank transfer,DSL,No internet service,Yes,No internet service,Yes,0,Yes,No,Yes,Yes,0
1127,32,Male,13,94.13,213.19,Two year,Electronic check,DSL,No internet service,No,No internet service,Yes,0,Yes,Yes,Yes,No,0
1128,41,Female,18,67.58,2664.71,Month-to-month,Electronic check,DSL,No,Yes,No,Yes,0,Yes,No,Yes,Yes,0
1129,55,Male,41,127.8,2620.45,One year,Bank transfer,DSL,Yes,Yes,No internet service,No,0,No,No,Yes,No,0
1130,52,Female,58,71.98,6015.8,One year,Mailed check,No,No,Yes,No,No,1,Yes,No,Yes,Yes,0
1131,47,Male,56,24.43,2585.0,Month-to-month,Bank transfer,Fiber optic,No internet service,No internet service,No internet service,Yes,0,Yes,Yes,No,Yes,0
1132,48,Male,24,126.74,5103.28,Two year,Credit card,Fiber optic,No,No,No internet service,No,0,Yes,Yes,Yes,Yes,0
1133,66,Female,31,90.96,5539.34,Month-to-month,Bank transfer,No,No,No,No,Yes,0,No,No,Yes,No,0
1134,22,Male,55,63.96,5301.56,One year,Bank transfer,No,No,Yes,No,No,0,Yes,No,Yes,Yes,0
1135,61,Female,10,52.62,4866.02,One year,Bank transfer,Fiber optic,Yes,No,No internet service,No,0,No,Yes,Yes,No phone service,0
1136,67,Male,60,97.19,3367.57,One year,Bank transfer,No,No internet service,Yes,Yes,No,0,Yes,No,Yes,Yes,0
1137,31,Male,2,47.05,3049.11,Month-to-month,Bank transfer,DSL,No internet service,No,No internet service,Yes,0,No,Yes,Yes,No phone service,1
1138,28,Female,15,62.1,4560.21,One year,Bank transfer,No,No,No internet service,No internet service,No,1,No,Yes,Yes,No,0
1139,26,Female,3,102.75,603.25,One year,Mailed check,DSL,No internet service,No,No internet service,Yes,0,Yes,No,Yes,No phone service,0
1140,51,Female,43,134.6,7018.98,Month-to-month,Bank transfer,Fiber optic,Yes,Yes,No,Yes,1,Yes,Yes,Yes,No phone service,0
1141,29,Male,31,89.28,6619.99,One year,Electronic check,DSL,No,No internet service,No internet service,Yes,0,No,Yes,Yes,No phone service,0
1142,52,Male,70,118.68,2836.44,One year,Bank transfer,No,Yes,No,Yes,No,0,No,No,Yes,No phone service,0
1143,52,Male,67,119.2,4577.87,One year,Mailed check,DSL,No,No internet service,No internet service,No,0,No,No,Yes,No phone service,0
1144,18,Female,56,106.37,7464.6,Month-to-month,Credit card,Fiber optic,No,Yes,Yes,Yes,1,Yes,No,Yes,No,0
1145,57,Female,63,51.96,2245.93,Month-to-month,Electronic check,Fiber optic,No,Yes,Yes,No,0,Yes,No,Yes,No,0
1146,39,Female,15,132.68,5965.4,Month-to-month,Bank transfer,Fiber optic,Yes,No,Yes,Yes,0,No,Yes,Yes,No,1
1147,46,Male,10,76.72,753.58,Month-to-month,Bank transfer,Fiber optic,No internet service,Yes,No internet service,Yes,0,Yes,No,Yes,No,1
1148,25,Male,38,25.75,4234.64,Two year,Electronic check,Fiber optic,No internet service,No,No,Yes,1,Yes,No,Yes,No,0
1149,28,Female,47,51.8,7083.36,Month-to-month,Bank transfer,Fiber optic,No internet service,Yes,No,No,0,Yes,No,Yes,No,0
1150,58,Male,57,119.52,4458.5,Month-to-month,Mailed check,DSL,No internet service,Yes,No internet service,No,0,No,Yes,Yes,Yes,0
1151,54,Female,50,28.99,4968.4,One year,Bank transfer,Fiber optic,Yes,Yes,No internet service,No,0,Yes,No,Yes,No phone service,0
1152,31,Male,71,39.16,7270.35,Month-to-month,Credit card,Fiber optic,No internet service,No,Yes,Yes,0,Yes,Yes,Yes,No,0
1153,47,Male,15,110.25,5751.35,Month-to-month,Mailed check,No,No internet service,No,No internet service,No,0,No,No,Yes,Yes,0
1154,52,Female,18,136.04,5597.37,One year,Bank transfer,Fiber optic,No,No,No,Yes,0,No,No,Yes,No,0
1155,38,Male,2,102.39,4732.43,One year,Credit card,DSL,Yes,No,No internet service,Yes,0,No,No,Yes,No,0
1156,54,Male,43,48.9,5100.61,One year,Electronic check,Fiber optic,No,Yes,No internet service,No,0,Yes,No,Yes,Yes,0
1157,22,Female,26,26.94,6449.27,One year,Mailed check,Fiber optic,No internet service,No internet service,No internet service,No,0,Yes,No,Yes,No,0
1158,36,Female,71,99.97,7835.94,Month-to-month,Bank transfer,DSL,No,No,Yes,Yes,1,Yes,Yes,Yes,No phone service,0
1159,31,Male,38,26.16,6383.07,Two year,Bank transfer,Fiber optic,No internet service,Yes,No internet service,Yes,0,No,Yes,Yes,No phone service,0
1160,43,Female,42,99.65,5689.54,Month-to-month,Electronic check,DSL,No,Yes,No internet service,No,0,No,No,Yes,Yes,0
1161,21,Male,5,49.33,1170.8,Month-to-month,Electronic check,Fiber optic,Yes,No,No internet service,No,0,Yes,Yes,Yes,No,1
1162,42,Female,11,137.61,6554.94,Month-to-month,Mailed check,Fiber optic,No,No,No,Yes,0,Yes,No,Yes,No phone service,1
1163,62,Male,65,81.76,5914.36,Month-to-month,Mailed check,DSL,No,Yes,Yes,No,0,Yes,Yes,Yes,Yes,0
1164,59,Male,34,49.11,6186.41,Month-to-month,Mailed check,No,No,No,Yes,No,0,No,No,Yes,No phone service,0
1165,42,Female,1,130.91,1925.66,One year,Bank transfer,DSL,No,No,No,Yes,0,No,No,Yes,Yes,1
1166,35,Male,2,53.02,7237.21,One year,Bank transfer,DSL,No internet service,No internet service,Yes,No,0,Yes,No,Yes,Yes,0
1167,57,Male,20,59.86,868.52,Month-to-month,Mailed check,No,No,No internet service,No,Yes,0,No,No,Yes,No phone service,0
1168,25,Female,61,128.46,2103.54,One year,Bank transfer,DSL,Yes,No,Yes,No,0,No,No,Yes,No,0
1169,56,Female,21,60.14,5337.89,One year,Electronic check,DSL,No,No internet service,Yes,Yes,0,Yes,No,No,Yes,0
1170,57,Male,68,73.32,5422.34,Month-to-month,Credit card,DSL,Yes,No internet service,Yes,Yes,0,Yes,No,Yes,No phone service,0
1171,31,Female,12,65.2,2575.26,Month-to-month,Bank transfer,Fiber optic,No,No,No internet service,No,0,Yes,No,Yes,No phone service,0
1172,49,Female,22,35.13,5642.01,Month-to-month,Mailed check,Fiber optic,No internet service,Yes,Yes,No,0,Yes,Yes,Yes,No phone service,0
1173,68,Male,20,25.06,3164.65,Month-to-month,Bank transfer,Fiber optic,Yes,Yes,No internet service,No,0,Yes,Yes,Yes,Yes,0
1174,55,Male,1,114.19,101.39,One year,Electronic check,DSL,Yes,Yes,No internet service,No,0,Yes,No,Yes,No,0
1175,50,Female,30,103.87,1384.59,Month-to-month,Mailed check,DSL,No,Yes,No internet service,Yes,1,Yes,Yes,Yes,No phone service,0
1176,40,Female,24,56.71,7072.68,Month-to-month,Credit card,Fiber optic,No internet service,No internet service,No,No,0,Yes,No,Yes,No phone service,0
1177,32,Female,14,58.43,1859.28,Month-to-month,Mailed check,DSL,No internet service,No internet service,Yes,No,0,No,Yes,Yes,Yes,0
1178,50,Male,36,142.85,991.99,Two year,Mailed check,Fiber optic,Yes,No,Yes,Yes,0,Yes,Yes,Yes,No,0
1179,42,Male,69,148.4,5489.38,Month-to-month,Mailed check,Fiber optic,No,No,Yes,Yes,0,No,Yes,Yes,Yes,1
1180,34,Male,24,81.55,3581.58,One year,Bank transfer,No,No internet service,Yes,No internet service,Yes,0,Yes,Yes,Yes,No,0
1181,50,Male,60,124.32,6393.07,Month-to-month,Credit card,DSL,No internet service,Yes,Yes,No,0,No,Yes,Yes,Yes,0
1182,64,Male,55,115.77,6905.41,One year,Electronic check,Fiber optic,No internet service,No,No internet service,Yes,0,Yes,No,Yes,No,0
1183,19,Male,24,58.65,6783.31,Two year,Bank transfer,Fiber optic,No,No,No internet service,No,0,No,No,Yes,No phone service,0
1184,31,Male,24,27.61,2572.77,Month-to-month,Credit card,No,No,Yes,No internet service,Yes,0,Yes,Yes,Yes,Yes,0
1185,57,Female,54,38.53,4093.81,Two year,Credit card,No,Yes,No internet service,No internet service,No,0,Yes,No,Yes,No,0
1186,57,Female,26,128.98,5236.12,One year,Bank transfer,No,No,No internet service,Yes,Yes,0,No,No,Yes,No phone service,0
1187,68,Male,66,115.06,2643.67,One year,Mailed check,Fiber optic,No internet service,No internet service,No internet service,Yes,0,No,Yes,Yes,No phone service,0
1188,56,Male,38,106.36,424.68,One year,Credit card,DSL,Yes,No internet service,No,No,0,No,Yes,Yes,No,0
1189,68,Male,65,36.98,4015.75,Month-to-month,Electronic check,Fiber optic,No,No internet service,No,No,0,Yes,No,Yes,Yes,0
1190,23,Female,51,103.19,201.26,Month-to-month,Bank transfer,DSL,No internet service,No,No,No,0,No,No,Yes,No phone service,0
1191,23,Male,35,120.38,7610.1,Two year,Credit card,Fiber optic,No internet service,No,No internet service,Yes,0,No,No,No,No,0
1192,20,Female,43,131.88,6393.8,Month-to-month,Electronic check,DSL,Yes,Yes,Yes,No,0,Yes,No,Yes,Yes,0
1193,24,Female,29,21.72,1616.88,Two year,Electronic check,Fiber optic,Yes,No,Yes,Yes,0,Yes,No,Yes,No phone service,0
1194,68,Female,37,108.98,2371.82,One year,Electronic check,No,No,No,No internet service,No,0,Yes,No,Yes,No,0
1195,25,Female,58,22.48,7864.42,Month-to-month,Electronic check,DSL,No,No,No internet service,No,0,Yes,Yes,Yes,No phone service,0
1196,59,Female,54,111.89,3051.03,One year,Bank transfer,Fiber optic,Yes,No,No internet service,Yes,1,No,No,Yes,Yes,0
1197,69,Male,39,102.63,6291.41,Two year,Electronic check,DSL,Yes,Yes,No,Yes,1,Yes,No,Yes,Yes,0
1198,32,Male,42,39.29,3629.84,Month-to-month,Bank transfer,DSL,No internet service,No,No internet service,No,1,Yes,No,Yes,No phone service,0
1199,64,Female,28,119.6,6926.36,Month-to-month,Electronic check,DSL,No,No,No internet service,Yes,0,No,Yes,Yes,Yes,1
1200,46,Male,29,28.89,5659.65,One year,Electronic check,DSL,No internet service,Yes,Yes,No,0,Yes,No,Yes,Yes,0
1201,50,Female,43,127.43,280.99,Two year,Bank transfer,DSL,Yes,No,Yes,No,0,No,No,Yes,No,0
1202,69,Female,3,54.05,2425.68,One year,Mailed check,Fiber optic,Yes,Yes,No,No,0,No,No,Yes,No phone service,0
1203,47,Male,10,109.55,4508.14,Month-to-month,Credit card,Fiber optic,Yes,No internet service,No,No,0,No,No,Yes,No phone service,1
1204,56,Male,59,140.08,7416.77,Month-to-month,Credit card,DSL,No,No internet service,No,No,0,No,No,Yes,No,0
1205,44,Male,14,64.18,906.04,Two year,Bank transfer,No,Yes,No,No,No,0,Yes,Yes,Yes,Yes,0
1206,53,Male,47,85.38,4849.18,Month-to-month,Electronic check,No,Yes,No,No internet service,No,0,Yes,No,Yes,No phone service,0
1207,46,Male,42,80.21,2487.2,One year,Bank transfer,Fiber optic,No,No,No internet service,No,0,No,No,Yes,No phone service,0
1208,55,Female,32,40.49,7125.69,Month-to-month,Electronic check,Fiber optic,Yes,No,No,No,0,No,No,Yes,No,0
1209,50,Male,32,96.74,6144.84,Month-to-month,Bank transfer,DSL,No,No internet service,No,No,0,Yes,Yes,Yes,Yes,0
1210,54,Male,42,116.59,3020.65,Month-to-month,Credit card,Fiber optic,Yes,No internet service,Yes,No,0,No,No,Yes,No,0
1211,44,Male,32,139.19,1420.11,Month-to-month,Bank transfer,No,No,No,Yes,Yes,0,Yes,Yes,Yes,No phone service,1
1212,50,Female,26,130.6,190.83,One year,Credit card,DSL,No,Yes,Yes,Yes,0,Yes,No,Yes,Yes,0
1213,21,Male,1,86.3,5006.96,Month-to-month,Credit card,Fiber optic,No,Yes,No,No,1,No,Yes,Yes,Yes,1
1214,39,Female,56,113.47,3308.38,Month-to-month,Credit card,DSL,No,No internet service,Yes,No,0,Yes,No,Yes,No,1
1215,19,Male,2,124.1,2586.58,Month-to-month,Bank transfer,Fiber optic,No internet service,Yes,No,No,0,No,Yes,Yes,Yes,1
1216,27,Male,30,84.15,7885.47,Two year,Mailed check,DSL,No,No,No internet service,No,0,No,No,Yes,No phone service,0
1217,22,Female,71,35.01,3782.52,One year,Bank transfer,Fiber optic,No,No,No,Yes,1,Yes,No,Yes,No phone service,0
1218,27,Male,52,76.93,6023.73,Month-to-month,Bank transfer,Fiber optic,No,No,No internet service,Yes,0,No,No,Yes,No phone service,0
1219,50,Male,9,129.52,1501.56,Month-to-month,Mailed check,DSL,No,No,No internet service,Yes,0,Yes,No,No,Yes,1
1220,55,Female,22,97.56,206.3,One year,Mailed check,DSL,Yes,No,No,No,0,Yes,No,Yes,Yes,0
1221,30,Male,34,114.18,3398.74,Two year,Credit card,No,Yes,Yes,Yes,Yes,0,Yes,No,Yes,No phone service,0
1222,48,Female,49,44.08,5358.75,Month-to-month,Electronic check,Fiber optic,No,Yes,No,Yes,1,No,No,Yes,No,0
1223,64,Female,1,145.36,4102.13,Month-to-month,Electronic check,Fiber optic,No,No internet service,Yes,Yes,0,Yes,No,Yes,No phone service,1
1224,53,Female,53,72.53,7134.68,One year,Credit card,Fiber optic,No internet service,No internet service,No internet service,Yes,0,No,Yes,Yes,No,0
1225,62,Female,40,104.97,3528.44,One year,Bank transfer,No,No,Yes,No internet service,Yes,0,Yes,No,Yes,No phone service,0
1226,41,Female,45,22.45,2556.92,One year,Electronic check,DSL,No,Yes,No internet service,No,0,Yes,No,Yes,No,0
1227,69,Male,68,36.55,7336.78,Month-to-month,Bank transfer,No,No,No internet service,No internet service,Yes,0,No,No,Yes,No,0
1228,32,Male,9,121.66,3313.74,Month-to-month,Mailed check,DSL,Yes,No,No,Yes,0,No,No,Yes,Yes,1
1229,46,Male,22,145.84,2230.22,Month-to-month,Mailed check,DSL,No,No internet service,No internet service,Yes,0,Yes,No,Yes,No,0
1230,25,Female,18,61.61,871.52,Month-to-month,Credit card,Fiber optic,No,No internet service,Yes,No,1,No,No,Yes,Yes,0
1231,22,Female,43,24.83,6367.15,Two year,Bank transfer,No,No internet service,Yes,Yes,Yes,0,No,No,Yes,No phone service,0
1232,46,Female,39,66.91,6618.22,Month-to-month,Credit card,DSL,Yes,No internet service,No internet service,Yes,0,No,Yes,Yes,No,0
1233,64,Female,6,22.27,363.05,One year,Electronic check,Fiber optic,No internet service,No internet service,No,No,0,No,Yes,Yes,No,0
1234,21,Male,48,45.01,2933.3,One year,Electronic check,Fiber optic,No,Yes,No internet service,No,0,No,No,Yes,No phone service,0
1235,29,Male,7,117.82,6024.02,Month-to-month,Electronic check,DSL,No internet service,No,No internet service,Yes,0,No,No,No,No phone service,1
1236,62,Female,69,141.82,7576.42,Two year,Bank transfer,No,No,No,Yes,Yes,0,Yes,No,Yes,No,0
1237,19,Female,16,31.37,3084.76,One year,Credit card,Fiber optic,No,No,No,Yes,0,No,No,No,No,0
1238,44,Male,1,92.53,6989.22,Two year,Credit card,No,Yes,Yes,No,No,0,No,No,Yes,Yes,0
1239,48,Female,37,53.0,3210.39,Month-to-month,Electronic check,Fiber optic,No internet service,No internet service,Yes,No,0,No,No,Yes,Yes,0
1240,68,Female,37,38.08,1518.01,Month-to-month,Credit card,Fiber optic,No,No,Yes,Yes,0,Yes,No,Yes,No,0
1241,68,Female,64,48.47,127.22,Month-to-month,Mailed check,Fiber optic,No internet service,No internet service,Yes,Yes,0,No,Yes,Yes,No,0
1242,53,Male,62,95.11,2708.43,Month-to-month,Mailed check,Fiber optic,Yes,Yes,No,Yes,0,Yes,No,Yes,No phone service,0
1243,53,Male,61,28.47,3089.95,Month-to-month,Mailed check,Fiber optic,No,No,Yes,Yes,0,No,No,Yes,No phone service,0
1244,43,Female,33,76.45,7566.43,Two year,Mailed check,DSL,Yes,No,Yes,Yes,0,Yes,No,No,Yes,0
1245,60,Male,66,37.58,1727.95,Month-to-month,Credit card,Fiber optic,No internet service,No internet service,Yes,Yes,0,Yes,No,Yes,Yes,0
1246,44,Female,30,55.45,3119.62,Two year,Mailed check,No,No internet service,No,No internet service,Yes,0,Yes,No,No,No phone service,0
1247,22,Female,20,44.8,298.72,Month-to-month,Mailed check,Fiber optic,No internet service,Yes,No,Yes,0,Yes,Yes,Yes,No phone service,0
1248,37,Male,60,134.79,6131.96,One year,Mailed check,DSL,No,No internet service,No,No,0,Yes,No,Yes,No phone service,0
1249,28,Female,24,112.04,7329.62,Month-to-month,Mailed check,No,No,No internet service,No internet service,Yes,0,No,Yes,Yes,No phone service,0
1250,27,Female,4,132.9,1978.78,Month-to-month,Mailed check,Fiber optic,No,No,No,Yes,0,No,Yes,Yes,No phone service,1
1251,57,Male,37,69.85,3489.06,Two year,Bank transfer,Fiber optic,Yes,No,Yes,No,0,No,No,Yes,No phone service,0
1252,55,Female,4,60.74,1064.69,Month-to-month,Bank transfer,DSL,No internet service,No,No internet service,No,0,Yes,Yes,No,Yes,1
1253,23,Female,18,69.48,3709.0,One year,Mailed check,Fiber optic,No internet service,No,Yes,No,0,Yes,No,Yes,No phone service,0
1254,25,Female,66,22.41,1153.41,One year,Mailed check,No,No internet service,No internet service,Yes,Yes,0,No,No,Yes,No,0
1255,40,Male,48,114.21,4234.45,Two year,Credit card,DSL,Yes,No internet service,Yes,Yes,0,No,No,Yes,No,0
1256,64,Female,33,65.47,5903.51,One year,Mailed check,DSL,No,No,Yes,Yes,0,No,No,Yes,No,0
1257,43,Male,58,60.73,4471.41,Month-to-month,Electronic check,Fiber optic,Yes,No internet service,No,No,0,No,No,Yes,No,0
1258,63,Female,28,97.76,2037.23,One year,Bank transfer,DSL,No internet service,Yes,No internet service,Yes,1,No,Yes,Yes,Yes,0
1259,60,Female,35,76.71,2894.99,Month-to-month,Mailed check,Fiber optic,No internet service,No internet service,No internet service,Yes,0,No,No,Yes,No,0
1260,29,Female,10,147.51,5144.72,Month-to-month,Bank transfer,DSL,Yes,Yes,Yes,Yes,0,Yes,No,Yes,Yes,1
1261,43,Female,65,66.31,4759.07,Month-to-month,Mailed check,DSL,No,Yes,No internet service,Yes,0,No,Yes,Yes,No,0
1262,30,Male,42,99.81,1180.52,Month-to-month,Electronic check,No,No,Yes,No internet service,No,0,Yes,No,Yes,No phone service,0
1263,57,Male,9,60.51,6775.1,Month-to-month,Mailed check,Fiber optic,No internet service,No,Yes,Yes,0,No,No,Yes,No phone service,1
1264,35,Female,60,148.78,3853.99,Two year,Bank transfer,DSL,Yes,No internet service,Yes,Yes,0,Yes,No,Yes,No phone service,0
1265,42,Female,15,77.86,1382.72,One year,Bank transfer,Fiber optic,No,Yes,No,Yes,0,No,Yes,Yes,No phone service,0
1266,50,Female,57,102.44,1070.33,Two year,Bank transfer,DSL,Yes,No,No,Yes,0,Yes,Yes,Yes,Yes,0
1267,64,Female,69,36.47,7727.86,Month-to-month,Credit card,DSL,No internet service,No internet service,Yes,No,0,Yes,Yes,Yes,No phone service,0
1268,57,Female,22,115.29,2324.13,One year,Bank transfer,Fiber optic,No internet service,No internet service,No,Yes,0,Yes,Yes,Yes,No phone service,0
1269,60,Female,64,55.0,7277.89,Month-to-month,Mailed check,Fiber optic,No internet service,No,No,No,1,Yes,Yes,Yes,Yes,0
1270,29,Female,41,78.32,3343.62,Month-to-month,Electronic check,No,No internet service,No internet service,No internet service,Yes,0,Yes,No,Yes,No,0
1271,61,Female,71,134.81,3148.78,Two year,Electronic check,Fiber optic,No,No,Yes,Yes,0,Yes,No,Yes,Yes,0
1272,53,Male,56,146.17,5637.34,Two year,Mailed check,No,No internet service,No,No internet service,No,0,No,No,Yes,No,0
1273,65,Male,23,75.19,178.08,Month-to-month,Credit card,No,No,No,No internet service,No,0,Yes,No,Yes,No phone service,0
1274,21,Male,25,128.52,2770.91,Two year,Mailed check,Fiber optic,No,No internet service,Yes,Yes,0,No,No,Yes,Yes,0
1275,22,Female,6,26.94,2490.9,One year,Bank transfer,No,Yes,No,No internet service,No,0,Yes,No,Yes,No,0
1276,54,Female,34,130.18,6957.97,Two year,Credit card,Fiber optic,No internet service,No,No,Yes,0,No,No,Yes,Yes,0
1277,25,Female,63,101.84,4280.08,One year,Mailed check,DSL,No,No internet service,No,Yes,0,No,No,Yes,No,0
1278,59,Male,9,83.53,2980.1,Two year,Credit card,DSL,Yes,Yes,No,No,0,No,No,Yes,No phone service,0
1279,66,Female,60,135.7,2202.03,Two year,Electronic check,DSL,Yes,No,No,Yes,0,No,Yes,Yes,No phone service,0
1280,45,Male,49,129.89,4765.03,Month-to-month,Mailed check,No,No internet service,No,No,Yes,0,Yes,No,Yes,No phone service,0
1281,48,Female,51,58.6,1298.22,Month-to-month,Mailed check,Fiber optic,No internet service,Yes,No internet service,No,0,Yes,No,Yes,No,0
1282,26,Male,60,122.89,2045.02,Month-to-month,Electronic check,Fiber optic,Yes,No internet service,Yes,No,0,Yes,No,Yes,No phone service,0
1283,68,Male,70,32.93,2419.54,One year,Credit card,DSL,No,No internet service,No internet service,Yes,0,Yes,No,Yes,Yes,0
1284,46,Male,37,126.96,4902.48,Two year,Electronic check,Fiber optic,No internet service,No internet service,No internet service,Yes,1,Yes,No,No,No,0
1285,31,Female,31,107.81,3048.71,One year,Credit card,DSL,Yes,No,No,Yes,0,No,No,Yes,Yes,0
1286,57,Male,41,31.42,4095.69,One year,Mailed check,No,Yes,Yes,No,No,0,No,No,Yes,No,0
1287,58,Female,62,108.8,5238.46,Month-to-month,Credit card,No,No,No internet service,No internet service,Yes,0,Yes,No,Yes,No,1
1288,39,Female,58,95.47,7654.55,Month-to-month,Credit card,Fiber optic,No,Yes,No internet service,Yes,0,No,No,Yes,Yes,0
1289,28,Female,14,97.29,6142.22,Month-to-month,Bank transfer,DSL,Yes,No internet service,Yes,No,0,No,No,Yes,No phone service,0
1290,40,Female,36,57.81,3301.53,One year,Bank transfer,DSL,No,No,Yes,Yes,0,Yes,Yes,Yes,Yes,0
1291,18,Female,36,54.64,6011.38,Month-to-month,Bank transfer,DSL,No internet service,No internet service,Yes,No,0,Yes,Yes,Yes,No phone service,0
1292,63,Male,8,119.13,7602.58,Month-to-month,Electronic check,DSL,Yes,Yes,Yes,No,0,Yes,No,Yes,Yes,1
1293,54,Female,26,53.39,4045.11,Month-to-month,Electronic check,No,No,Yes,Yes,Yes,0,Yes,Yes,Yes,No,0
1294,38,Female,36,78.01,3342.93,Month-to-month,Bank transfer,DSL,No,Yes,No,No,0,Yes,No,Yes,Yes,0
1295,43,Female,48,110.32,716.35,Month-to-month,Mailed check,Fiber optic,No,No,Yes,Yes,0,Yes,No,No,Yes,1
1296,63,Female,28,30.35,7149.73,Month-to-month,Mailed check,Fiber optic,No,No internet service,No internet service,Yes,1,No,Yes,Yes,No,0
1297,53,Female,68,97.29,2046.83,Two year,Mailed check,Fiber optic,Yes,No,No,No,1,Yes,Yes,Yes,No phone service,0
1298,40,Male,62,96.62,605.27,Month-to-month,Electronic check,DSL,No,No,No internet service,No,0,Yes,Yes,Yes,No phone service,0
1299,18,Male,51,108.95,4343.91,Two year,Credit card,No,No internet service,Yes,No,No,0,No,No,Yes,No,0
1300,68,Female,42,68.09,6782.61,Month-to-month,Electronic check,Fiber optic,No internet service,Yes,No,Yes,0,Yes,Yes,Yes,No phone service,0
1301,57,Male,29,78.37,3312.42,Two year,Bank transfer,Fiber optic,Yes,No,Yes,Yes,0,Yes,No,Yes,No phone service,0
1302,32,Male,10,62.9,6286.23,One year,Credit card,DSL,Yes,No,No internet service,No,0,No,No,Yes,No phone service,0
1303,38,Female,39,125.06,6707.53,Two year,Mailed check,No,No internet service,No internet service,Yes,Yes,0,Yes,Yes,Yes,No,0
1304,64,Male,1,36.98,3689.79,Two year,Electronic check,DSL,No internet service,Yes,No internet service,No,0,Yes,Yes,Yes,No,0
1305,26,Female,39,145.18,4768.55,One year,Electronic check,Fiber optic,Yes,Yes,No internet service,Yes,0,Yes,No,No,Yes,0
1306,26,Male,21,102.53,4317.91,Two year,Bank transfer,Fiber optic,No internet service,Yes,Yes,Yes,0,No,Yes,Yes,Yes,0
1307,27,Male,65,135.3,7519.65,One year,Mailed check,DSL,No internet service,No internet service,Yes,Yes,0,Yes,No,Yes,Yes,0
1308,69,Male,15,75.41,5831.49,One year,Electronic check,DSL,Yes,No internet service,No,Yes,0,No,Yes,Yes,No phone service,0
1309,43,Female,4,63.2,7410.21,Month-to-month,Electronic check,No,Yes,Yes,No,No,0,Yes,No,Yes,Yes,1
1310,58,Male,60,137.09,1838.08,Two year,Credit card,DSL,No,Yes,No,Yes,0,No,Yes,Yes,No phone service,0
1311,52,Male,61,32.85,2550.87,Two year,Electronic check,Fiber optic,No,No,No internet service,No,1,No,No,Yes,No phone service,0
1312,69,Female,20,35.22,660.22,Month-to-month,Credit card,Fiber optic,No internet service,No,Yes,Yes,0,Yes,No,Yes,No phone service,0
1313,42,Female,10,58.92,4049.27,One year,Electronic check,DSL,Yes,No internet service,No,Yes,0,Yes,No,Yes,Yes,0
1314,43,Male,34,144.77,7004.0,Two year,Mailed check,DSL,No,Yes,Yes,No,0,No,No,Yes,Yes,0
1315,28,Female,48,102.3,2682.09,One year,Bank transfer,DSL,No internet service,No,No,Yes,0,No,No,Yes,Yes,0
1316,55,Male,33,92.05,1113.43,Two year,Mailed check,Fiber optic,No internet service,No,No,No,0,No,No,Yes,No phone service,0
1317,19,Male,61,111.7,640.73,Month-to-month,Bank transfer,Fiber optic,No internet service,Yes,Yes,Yes,1,Yes,Yes,Yes,No phone service,0
1318,24,Female,10,74.27,3635.25,Month-to-month,Electronic check,No,No internet service,Yes,No,Yes,0,Yes,No,Yes,No,1
1319,35,Female,54,118.55,1395.77,One year,Mailed check,Fiber optic,Yes,No,Yes,Yes,0,No,No,Yes,No,0
1320,44,Female,65,71.12,2834.22,Month-to-month,Credit card,No,No internet service,Yes,No,No,0,No,No,Yes,No phone service,0
1321,51,Male,1,127.43,6577.84,Month-to-month,Bank transfer,DSL,No,Yes,Yes,Yes,0,Yes,No,Yes,No,1
1322,44,Female,5,54.75,3133.97,One year,Bank transfer,Fiber optic,Yes,No internet service,No,No,1,No,No,Yes,No phone service,0
1323,34,Male,15,56.08,4917.98,Month-to-month,Electronic check,DSL,No internet service,No,No,Yes,0,Yes,Yes,Yes,No,0
1324,60,Female,28,87.91,4067.06,Month-to-month,Bank transfer,DSL,No,No,No internet service,No,1,No,Yes,Yes,No phone service,0
1325,61,Male,23,76.0,5776.41,Month-to-month,Bank transfer,Fiber optic,No,No internet service,Yes,No,0,Yes,Yes,Yes,No,0
1326,68,Female,17,104.26,1333.7,One year,Bank transfer,Fiber optic,Yes,No internet service,No,No,0,No,Yes,Yes,No phone service,0
1327,41,Male,13,67.36,7371.48,Month-to-month,Electronic check,Fiber optic,Yes,No,No internet service,No,0,Yes,Yes,No,Yes,0
1328,42,Female,14,49.97,5184.7,Month-to-month,Mailed check,Fiber optic,Yes,No,Yes,Yes,0,Yes,Yes,Yes,No,0
1329,24,Male,11,81.08,2240.53,One year,Electronic check,Fiber optic,No,Yes,No,No,0,No,No,Yes,No phone service,0
1330,69,Female,28,92.92,1073.7,Month-to-month,Credit card,No,No,Yes,No,No,0,No,Yes,Yes,Yes,0
1331,23,Female,42,38.54,1282.83,Two year,Bank transfer,DSL,No internet service,No,No,Yes,0,No,No,Yes,No phone service,0
1332,41,Male,61,92.37,6283.04,Month-to-month,Bank transfer,DSL,Yes,Yes,Yes,No,0,Yes,Yes,Yes,Yes,0
1333,50,Female,64,61.5,4746.07,Two year,Mailed check,Fiber optic,Yes,Yes,No internet service,Yes,0,No,Yes,Yes,No phone service,0
1334,66,Male,31,71.02,3107.99,Month-to-month,Bank transfer,Fiber optic,Yes,Yes,No,Yes,0,Yes,No,Yes,No phone service,0
1335,46,Male,10,56.31,2729.92,Two year,Mailed check,Fiber optic,Yes,No internet service,No internet service,Yes,0,Yes,Yes,Yes,No phone service,0
1336,60,Female,8,141.08,6860.49,Month-to-month,Bank transfer,Fiber optic,No,No,Yes,Yes,0,Yes,No,No,No,1
1337,39,Male,21,108.83,7010.62,Month-to-month,Bank transfer,No,Yes,No,Yes,No,1,Yes,No,Yes,Yes,0
1338,43,Female,59,54.12,4691.97,Two year,Electronic check,Fiber optic,No,No,No,Yes,0,Yes,No,Yes,Yes,0
1339,45,Female,50,103.85,4243.9,Month-to-month,Electronic check,Fiber optic,No,Yes,No,No,0,Yes,No,Yes,Yes,1
1340,67,Male,69,130.31,6549.94,One year,Credit card,Fiber optic,Yes,Yes,No,Yes,0,Yes,No,No,No,0
1341,38,Female,70,72.21,6019.75,Month-to-month,Mailed check,No,No,No internet service,No internet service,No,0,Yes,Yes,Yes,No,0
1342,66,Male,30,127.89,3262.57,One year,Credit card,DSL,No,No internet service,No internet service,Yes,0,No,No,Yes,Yes,0
1343,24,Male,17,40.07,753.64,Two year,Electronic check,Fiber optic,Yes,No,No,No,0,No,No,Yes,No,0
1344,34,Female,20,126.96,6171.15,Two year,Mailed check,Fiber optic,Yes,No internet service,Yes,Yes,0,No,No,Yes,No,0
1345,37,Female,48,90.24,1432.74,Month-to-month,Electronic check,DSL,No internet service,No internet service,Yes,No,0,No,Yes,Yes,Yes,0
1346,58,Male,2,48.99,229.38,Month-to-month,Mailed check,Fiber optic,No,Yes,No,No,0,No,Yes,Yes,No phone service,1
1347,66,Male,37,72.93,6762.09,Two year,Bank transfer,DSL,No,No,No internet service,No,0,Yes,No,Yes,No phone service,0
1348,37,Female,1,148.44,4668.21,Two year,Credit card,DSL,No internet service,No,Yes,Yes,0,No,No,No,Yes,0
1349,39,Female,4,121.86,7144.16,Month-to-month,Credit card,No,No internet service,No internet service,No internet service,No,1,No,No,Yes,No,1
1350,45,Female,54,94.76,3928.25,One year,Mailed check,DSL,Yes,Yes,No,No,0,Yes,Yes,Yes,No,0
1351,57,Female,25,34.97,7419.2,Month-to-month,Credit card,Fiber optic,No internet service,No internet service,No internet service,No,1,Yes,Yes,Yes,Yes,0
1352,66,Male,3,74.32,2896.38,Two year,Electronic check,DSL,Yes,No internet service,No internet service,Yes,1,No,Yes,Yes,Yes,0
1353,24,Female,9,54.2,5823.72,Month-to-month,Credit card,Fiber optic,Yes,No,No internet service,Yes,0,No,Yes,Yes,Yes,1
1354,18,Male,34,29.23,2477.79,One year,Mailed check,DSL,Yes,Yes,Yes,No,0,No,No,Yes,Yes,0
1355,49,Male,43,90.49,109.19,One year,Credit card,Fiber optic,No,No internet service,No internet service,No,1,No,No,Yes,No,0
1356,30,Female,22,135.59,3099.98,Two year,Credit card,No,No,No internet service,No internet service,No,0,Yes,No,Yes,No phone service,0
1357,47,Male,70,107.83,5928.35,Two year,Electronic check,Fiber optic,Yes,Yes,No internet service,No,0,No,Yes,Yes,Yes,0
1358,40,Female,2,52.46,1285.19,Month-to-month,Bank transfer,Fiber optic,No internet service,No internet service,No,No,0,No,No,Yes,No,1
1359,68,Male,66,94.57,4087.94,One year,Electronic check,Fiber optic,No,No,No internet service,Yes,0,Yes,Yes,Yes,Yes,0
1360,36,Female,32,142.62,1777.34,Two year,Credit card,DSL,No,No internet service,No internet service,Yes,0,No,No,Yes,No phone service,0
1361,49,Male,16,113.98,689.53,One year,Credit card,Fiber optic,No internet service,No,Yes,Yes,0,Yes,Yes,Yes,Yes,0
1362,47,Male,1,109.63,4977.87,One year,Bank transfer,DSL,No,No,No,Yes,0,Yes,No,Yes,No,1
1363,46,Female,48,145.86,7620.54,One year,Bank transfer,Fiber optic,No internet service,No,No internet service,Yes,0,Yes,Yes,Yes,Yes,0
1364,66,Female,50,123.85,2554.56,Month-to-month,Electronic check,No,No internet service,No,Yes,Yes,0,Yes,No,Yes,No phone service,0
1365,62,Male,13,37.76,4687.1,One year,Bank transfer,Fiber optic,No,No,Yes,No,0,Yes,No,Yes,No,0
1366,46,Male,15,65.19,7633.47,Month-to-month,Electronic check,Fiber optic,No internet service,No,No internet service,Yes,0,No,No,Yes,No,0
1367,47,Female,53,145.47,5238.82,Month-to-month,Mailed check,DSL,No internet service,No internet service,Yes,No,1,No,Yes,Yes,No phone service,0
1368,33,Male,44,83.66,5417.6,Two year,Credit card,No,Yes,Yes,Yes,Yes,0,Yes,No,No,Yes,0
1369,57,Female,8,34.51,1513.54,Month-to-month,Bank transfer,Fiber optic,Yes,No internet service,Yes,No,0,No,No,Yes,Yes,0
1370,36,Male,46,79.62,3991.62,Month-to-month,Mailed check,No,No,Yes,Yes,No,0,Yes,Yes,Yes,No,0
1371,35,Female,69,110.61,2999.95,Month-to-month,Mailed check,DSL,No internet service,No internet service,No internet service,No,1,Yes,No,Yes,No phone service,0
1372,18,Male,19,149.68,3820.56,Month-to-month,Electronic check,No,No,Yes,No internet service,No,0,No,Yes,Yes,No,0
1373,31,Female,38,62.11,6426.53,Two year,Electronic check,Fiber optic,No,No internet service,Yes,Yes,0,No,No,Yes,No,0
1374,68,Female,11,86.83,3739.52,One year,Bank transfer,DSL,Yes,No,No internet service,Yes,0,No,No,Yes,No phone service,0
1375,64,Male,43,134.36,596.52,Month-to-month,Electronic check,No,No internet service,Yes,No internet service,No,0,No,No,No,No phone service,0
1376,67,Female,20,66.18,7253.78,Month-to-month,Mailed check,DSL,No,No internet service,Yes,No,0,No,No,Yes,No phone service,0
1377,19,Male,20,34.2,4404.05,Month-to-month,Mailed check,Fiber optic,No,No,Yes,No,0,Yes,No,Yes,Yes,0
1378,45,Female,21,143.36,7403.51,Month-to-month,Credit card,No,Yes,No internet service,Yes,No,0,No,No,Yes,No,0
1379,66,Female,57,83.5,4621.6,One year,Mailed check,DSL,Yes,Yes,No internet service,Yes,0,No,No,Yes,No,0
1380,67,Female,50,85.36,650.13,Month-to-month,Bank transfer,DSL,Yes,No internet service,No internet service,Yes,0,No,No,Yes,Yes,0
1381,47,Male,26,100.76,4467.67,One year,Credit card,Fiber optic,No,No internet service,No,No,0,No,No,Yes,No phone service,0
1382,55,Female,30,20.46,4648.34,Month-to-month,Electronic check,Fiber optic,No internet service,No,No,No,0,No,Yes,Yes,Yes,0
1383,68,Male,31,141.05,1793.29,Month-to-month,Credit card,No,Yes,No,Yes,No,0,No,No,Yes,No,0
1384,21,Female,42,66.99,3821.13,Month-to-month,Mailed check,Fiber optic,Yes,No,No,No,0,Yes,No,Yes,Yes,0
1385,18,Male,68,71.6,3729.59,Month-to-month,Bank transfer,Fiber optic,No internet service,Yes,No internet service,No,0,Yes,No,Yes,No,0
1386,25,Male,61,42.63,5020.72,Two year,Electronic check,No,No,No,No,No,0,Yes,No,Yes,Yes,0
1387,46,Male,61,69.16,2150.95,Month-to-month,Electronic check,No,No,Yes,No,Yes,0,Yes,No,No,Yes,0
1388,56,Female,70,124.51,4695.81,Month-to-month,Mailed check,DSL,No internet service,No,Yes,No,0,Yes,No,Yes,No,1
1389,20,Male,68,124.0,2003.52,Two year,Bank transfer,DSL,Yes,No,No internet service,No,0,No,Yes,Yes,No,0
1390,49,Female,17,141.65,3626.92,One year,Mailed check,Fiber optic,No internet service,No,No internet service,No,0,Yes,Yes,Yes,Yes,0
1391,27,Male,19,72.42,1069.38,Month-to-month,Mailed check,No,No,No,No internet service,No,1,No,No,Yes,Yes,0
1392,27,Male,51,112.13,394.67,Two year,Bank transfer,DSL,No,Yes,No internet service,No,0,Yes,Yes,No,Yes,0
1393,36,Male,70,85.94,2632.64,Month-to-month,Mailed check,No,Yes,Yes,No,No,0,Yes,No,Yes,Yes,0
1394,63,Male,63,124.52,2269.12,One year,Bank transfer,No,Yes,Yes,Yes,No,1,No,Yes,Yes,No,0
1395,51,Female,30,112.63,3314.79,Month-to-month,Bank transfer,DSL,No internet service,No,No,Yes,0,No,No,Yes,No phone service,0
1396,50,Male,25,67.83,7699.66,One year,Mailed check,Fiber optic,No,No,No internet service,No,0,Yes,No,Yes,No,0
1397,40,Male,71,63.77,4225.61,One year,Mailed check,DSL,No,No,Yes,Yes,0,Yes,No,Yes,No phone service,0
1398,45,Female,26,52.82,4470.1,Month-to-month,Credit card,Fiber optic,No internet service,Yes,Yes,No,0,Yes,No,Yes,No,0
1399,49,Male,56,94.95,7538.65,One year,Electronic check,Fiber optic,Yes,No internet service,No internet service,Yes,0,No,No,Yes,No phone service,0
1400,67,Male,22,145.3,7377.06,One year,Electronic check,Fiber optic,No,No internet service,No internet service,Yes,0,Yes,No,No,No,0
1401,24,Male,19,46.01,7084.48,One year,Bank transfer,Fiber optic,No,No internet service,Yes,Yes,0,No,Yes,Yes,No phone service,0
1402,46,Male,31,32.38,874.16,Two year,Credit card,No,Yes,Yes,No internet service,Yes,0,No,No,Yes,Yes,0
1403,25,Female,26,35.52,5110.95,One year,Bank transfer,DSL,No,No internet service,No internet service,No,0,No,No,Yes,Yes,0
1404,18,Female,42,121.8,6483.98,Month-to-month,Credit card,Fiber optic,Yes,Yes,No internet service,Yes,0,No,No,Yes,No phone service,0
1405,20,Male,41,65.51,6701.04,One year,Bank transfer,No,No internet service,Yes,No internet service,No,1,No,Yes,Yes,Yes,0
1406,41,Female,23,49.17,4665.47,One year,Electronic check,Fiber optic,Yes,No,Yes,No,0,No,Yes,Yes,No phone service,0
1407,40,Female,47,65.87,238.21,Month-to-month,Credit card,Fiber optic,Yes,No,Yes,No,1,Yes,No,No,No phone service,0
1408,25,Male,13,103.89,7792.33,One year,Mailed check,Fiber optic,No internet service,Yes,No,No,0,No,Yes,Yes,Yes,0
1409,64,Female,66,91.08,3830.35,One year,Mailed check,No,No,No internet service,No,Yes,0,Yes,No,Yes,Yes,0
1410,54,Male,66,116.67,3209.41,Two year,Electronic check,Fiber optic,No,Yes,Yes,No,0,No,No,Yes,No,0
1411,20,Female,16,64.08,3220.09,One year,Credit card,Fiber optic,Yes,Yes,No,Yes,1,Yes,Yes,Yes,No phone service,0
1412,68,Female,28,78.76,3450.79,Month-to-month,Mailed check,No,Yes,No internet service,No internet service,Yes,0,No,No,No,No,0
1413,50,Female,35,33.26,2013.23,One year,Mailed check,DSL,No internet service,No,No internet service,No,1,No,No,Yes,No phone service,0
1414,45,Male,41,29.5,2685.94,Two year,Mailed check,Fiber optic,No internet service,Yes,Yes,No,0,Yes,No,Yes,No phone service,0
1415,64,Female,31,80.09,7884.33,Two year,Electronic check,Fiber optic,No,No,No,Yes,0,No,Yes,No,No,0
1416,25,Male,32,59.21,3008.53,Two year,Bank transfer,DSL,No,No,No internet service,Yes,0,Yes,No,Yes,Yes,0
1417,51,Male,54,99.66,4261.13,Two year,Mailed check,Fiber optic,No internet service,No,No,Yes,0,No,Yes,Yes,No,0
1418,52,Female,59,25.59,6801.52,Month-to-month,Mailed check,DSL,Yes,Yes,Yes,No,0,Yes,No,No,Yes,0
1419,49,Male,41,35.83,4266.68,One year,Bank transfer,No,No internet service,No internet service,Yes,Yes,0,Yes,No,Yes,Yes,0
1420,41,Female,66,132.47,2663.18,One year,Mailed check,No,No,No internet service,No,No,0,No,No,Yes,No phone service,0
1421,31,Male,54,93.62,4237.63,Month-to-month,Credit card,DSL,Yes,No,Yes,Yes,0,No,No,Yes,No,0
1422,49,Male,40,112.57,1001.28,Month-to-month,Mailed check,DSL,No internet service,No,No internet service,Yes,0,Yes,No,No,No,1
1423,63,Female,28,129.46,1127.05,Two year,Bank transfer,Fiber optic,No,No internet service,No internet service,No,0,No,Yes,Yes,Yes,0
1424,60,Female,37,80.3,5583.45,One year,Electronic check,Fiber optic,Yes,No,No,Yes,0,Yes,Yes,Yes,Yes,0
1425,33,Female,65,118.94,7347.94,Two year,Electronic check,Fiber optic,Yes,No internet service,No,No,0,Yes,No,Yes,No phone service,0
1426,21,Female,55,88.2,5832.86,Two year,Credit card,DSL,Yes,No internet service,Yes,Yes,0,Yes,No,Yes,No phone service,0
1427,69,Male,4,48.96,689.44,Month-to-month,Mailed check,DSL,Yes,Yes,Yes,No,0,Yes,No,Yes,Yes,0
1428,54,Male,10,63.9,3282.88,Two year,Mailed check,DSL,Yes,No,No,No,0,No,No,Yes,No phone service,0
1429,38,Male,47,83.75,120.17,Month-to-month,Bank transfer,DSL,No internet service,No,Yes,No,0,No,Yes,Yes,Yes,0
1430,31,Female,14,61.2,4138.53,One year,Bank transfer,Fiber optic,Yes,Yes,No,Yes,0,No,Yes,Yes,No,0
1431,48,Male,38,63.62,1626.32,Month-to-month,Credit card,Fiber optic,No internet service,No internet service,No,No,0,No,No,Yes,No phone service,0
1432,65,Female,12,63.86,6958.36,Month-to-month,Credit card,Fiber optic,Yes,No,No internet service,No,1,Yes,No,No,No,0
1433,35,Male,45,35.97,924.25,Two year,Mailed check,Fiber optic,No,Yes,Yes,Yes,1,Yes,Yes,Yes,Yes,0
1434,24,Female,17,31.0,111.32,Month-to-month,Mailed check,Fiber optic,Yes,No internet service,No,No,0,Yes,No,Yes,No phone service,0
1435,27,Male,35,26.04,3664.05,One year,Credit card,DSL,No internet service,Yes,No internet service,No,0,No,Yes,Yes,Yes,0
1436,24,Male,66,34.42,1327.92,Month-to-month,Electronic check,DSL,No,Yes,No,Yes,0,Yes,No,Yes,No,0
1437,50,Female,41,64.68,5930.09,Month-to-month,Electronic check,Fiber optic,No,Yes,Yes,Yes,0,Yes,No,Yes,No phone service,0
1438,40,Male,67,97.2,7367.48,Month-to-month,Electronic check,Fiber optic,No internet service,Yes,No internet service,No,0,Yes,No,Yes,No,0
1439,38,Female,29,44.46,431.31,One year,Electronic check,Fiber optic,No,No internet service,Yes,Yes,0,No,No,Yes,No,0
1440,36,Male,18,135.44,3225.1,Month-to-month,Credit card,Fiber optic,No internet service,Yes,No internet service,Yes,0,No,Yes,Yes,Yes,0
1441,65,Male,20,125.09,7974.84,Month-to-month,Bank transfer,Fiber optic,Yes,No internet service,Yes,No,1,No,No,Yes,No,0
1442,36,Female,14,87.67,5888.11,One year,Electronic check,DSL,Yes,Yes,No,Yes,1,No,No,Yes,No,0
1443,53,Female,34,114.15,7630.18,Month-to-month,Credit card,No,No internet service,Yes,No,Yes,0,Yes,No,Yes,No,0
1444,46,Male,49,67.62,1396.26,Month-to-month,Electronic check,No,Yes,No,No,No,0,No,No,Yes,Yes,0
1445,35,Male,54,24.78,1848.81,Two year,Mailed check,DSL,No,No,Yes,Yes,0,Yes,No,Yes,No,0
1446,19,Male,31,137.56,1323.01,Month-to-month,Electronic check,Fiber optic,Yes,No,No internet service,No,0,No,No,Yes,Yes,1
1447,18,Male,58,36.61,2488.72,Month-to-month,Credit card,Fiber optic,Yes,No,Yes,No,0,Yes,Yes,Yes,No phone service,0
1448,64,Male,42,143.23,5822.63,One year,Mailed check,Fiber optic,No,Yes,No,Yes,1,Yes,No,Yes,No phone service,0
1449,22,Male,58,94.34,1403.08,One year,Mailed check,No,No,Yes,Yes,No,0,No,Yes,Yes,Yes,0
1450,37,Female,30,59.72,4241.45,One year,Electronic check,Fiber optic,Yes,No internet service,No internet service,Yes,0,No,Yes,Yes,No phone service,0
1451,28,Female,25,84.42,2226.76,Two year,Electronic check,Fiber optic,Yes,Yes,No,No,0,Yes,No,Yes,No,0
1452,59,Female,63,85.21,6650.65,Month-to-month,Mailed check,Fiber optic,Yes,No internet service,Yes,No,0,Yes,No,Yes,No,0
1453,19,Male,19,23.03,152.08,Two year,Bank transfer,DSL,No internet service,Yes,No,Yes,0,Yes,No,No,Yes,0
1454,20,Male,8,66.21,1862.61,Two year,Credit card,DSL,No internet service,Yes,Yes,Yes,0,No,No,Yes,No,0
1455,40,Male,3,116.18,4881.4,Two year,Credit card,DSL,Yes,No internet service,Yes,No,0,No,Yes,Yes,No phone service,0
1456,29,Female,67,86.31,864.01,Month-to-month,Credit card,DSL,Yes,No,No,No,0,No,No,No,No phone service,0
1457,37,Female,17,51.75,3783.87,Two year,Credit card,No,No,Yes,No internet service,No,0,No,No,Yes,Yes,0
1458,22,Male,14,63.56,3546.04,Month-to-month,Credit card,Fiber optic,Yes,No,No,Yes,1,Yes,Yes,Yes,No phone service,0
1459,54,Male,9,132.2,6834.93,One year,Mailed check,No,Yes,No internet service,No internet service,Yes,0,No,Yes,Yes,No phone service,0
1460,55,Female,62,88.32,5040.64,Month-to-month,Credit card,No,No internet service,Yes,No,Yes,0,No,Yes,No,No phone service,0
1461,47,Female,21,88.69,5153.65,Two year,Bank transfer,No,No internet service,No internet service,No,No,1,No,No,Yes,Yes,0
1462,26,Female,37,144.99,7619.28,One year,Bank transfer,DSL,No internet service,Yes,No,Yes,0,Yes,No,Yes,Yes,0
1463,51,Male,11,61.71,7860.65,Month-to-month,Electronic check,Fiber optic,No,No internet service,Yes,Yes,0,No,No,Yes,No,1
1464,61,Male,20,82.34,5261.82,Two year,Electronic check,DSL,Yes,No internet service,Yes,Yes,0,No,No,Yes,No phone service,0
1465,52,Male,35,125.52,4223.81,One year,Electronic check,No,No internet service,No,No internet service,No,0,Yes,Yes,Yes,No phone service,0
1466,69,Female,53,118.66,4902.57,One year,Electronic check,No,No,No,No,Yes,0,Yes,Yes,No,Yes,0
1467,39,Female,47,54.55,3121.31,Month-to-month,Mailed check,DSL,Yes,No,Yes,No,0,No,Yes,Yes,No phone service,0
1468,61,Male,52,39.64,7900.91,Two year,Bank transfer,DSL,Yes,Yes,Yes,Yes,0,No,No,Yes,No,0
1469,41,Male,8,111.09,5669.67,One year,Mailed check,Fiber optic,No,No internet service,No,Yes,1,No,No,Yes,No phone service,0
1470,34,Female,4,53.5,2398.95,Month-to-month,Bank transfer,DSL,Yes,No,No,Yes,0,No,Yes,Yes,Yes,1
1471,27,Male,27,139.95,556.35,One year,Mailed check,No,No,Yes,No,Yes,1,No,No,No,No phone service,0
1472,47,Female,44,36.8,453.3,One year,Bank transfer,No,No,No,No internet service,No,1,No,No,Yes,No,0
1473,63,Female,40,61.38,1718.81,One year,Electronic check,Fiber optic,No internet service,Yes,No,No,0,Yes,Yes,Yes,No,0
1474,40,Male,47,27.12,1940.01,Month-to-month,Bank transfer,Fiber optic,No,No internet service,Yes,No,0,No,No,Yes,Yes,0
1475,49,Female,44,111.43,3378.86,Month-to-month,Electronic check,Fiber optic,No internet service,No internet service,Yes,Yes,0,Yes,Yes,Yes,No,0
1476,34,Male,48,135.86,1797.28,One year,Bank transfer,DSL,Yes,No internet service,No,No,0,Yes,No,Yes,No phone service,0
1477,67,Female,52,102.66,5084.19,Two year,Mailed check,No,No internet service,Yes,No internet service,No,0,No,Yes,Yes,No,0
1478,68,Female,68,141.91,1768.91,One year,Credit card,No,No,No internet service,No internet service,No,0,Yes,Yes,No,No,0
1479,34,Male,11,36.71,1584.22,Month-to-month,Bank transfer,DSL,No internet service,Yes,Yes,No,0,Yes,No,Yes,Yes,1
1480,31,Female,4,31.41,3822.77,Month-to-month,Mailed check,Fiber optic,Yes,Yes,No internet service,Yes,0,Yes,No,Yes,No,1
1481,26,Male,48,128.99,7120.48,One year,Credit card,DSL,No internet service,Yes,No,Yes,0,Yes,Yes,Yes,Yes,0
1482,57,Male,26,131.22,3799.61,Two year,Mailed check,No,Yes,No internet service,No internet service,No,0,Yes,No,Yes,No phone service,0
1483,19,Female,39,128.04,3369.41,Month-to-month,Credit card,DSL,No,No internet service,No internet service,No,0,No,Yes,No,No,1
1484,62,Male,58,123.87,4666.95,One year,Electronic check,Fiber optic,No internet service,No internet service,Yes,Yes,0,No,No,No,No phone service,0
1485,42,Male,19,67.09,2131.99,Month-to-month,Bank transfer,Fiber optic,Yes,Yes,Yes,No,0,Yes,Yes,Yes,No phone service,0
1486,56,Male,58,48.27,2892.15,Month-to-month,Mailed check,No,Yes,No internet service,Yes,No,0,Yes,Yes,No,No,0
1487,26,Male,28,140.74,1789.3,Month-to-month,Bank transfer,Fiber optic,No internet service,Yes,No internet service,No,0,No,Yes,Yes,No,0
1488,39,Male,66,59.91,4617.3,Two year,Electronic check,DSL,No internet service,No internet service,Yes,Yes,0,No,Yes,Yes,Yes,0
1489,60,Male,10,71.79,5609.36,Two year,Electronic check,DSL,No internet service,Yes,Yes,Yes,0,No,No,Yes,No,0
1490,63,Female,58,110.94,5422.22,Month-to-month,Bank transfer,DSL,No internet service,No,No internet service,Yes,0,No,Yes,No,Yes,0
1491,21,Male,14,58.14,2113.06,One year,Mailed check,Fiber optic,No internet service,No internet service,No internet service,No,0,Yes,No,No,No,0
1492,43,Female,15,126.49,6259.22,Month-to-month,Mailed check,Fiber optic,Yes,No internet service,No internet service,No,0,Yes,No,Yes,No,0
1493,46,Female,33,29.1,2122.03,One year,Mailed check,DSL,No,Yes,No,No,0,No,No,Yes,No,0
1494,62,Male,17,122.85,1287.46,One year,Bank transfer,Fiber optic,Yes,Yes,No,No,0,Yes,Yes,Yes,No,0
1495,51,Female,24,98.24,2863.49,Month-to-month,Mailed check,DSL,No internet service,Yes,No internet service,Yes,0,Yes,No,Yes,No,0
1496,40,Female,30,94.49,4822.18,Month-to-month,Mailed check,No,No internet service,No,Yes,Yes,0,No,Yes,Yes,Yes,0
1497,54,Male,62,79.59,1221.81,Two year,Credit card,DSL,No,No internet service,No internet service,Yes,0,No,No,Yes,No,0
1498,28,Male,13,56.02,5219.89,One year,Mailed check,No,No internet service,Yes,No,Yes,0,Yes,No,Yes,Yes,0
1499,23,Male,62,80.33,6918.24,Month-to-month,Electronic check,Fiber optic,No,No,Yes,Yes,0,No,No,Yes,Yes,0
1500,35,Female,47,78.5,2415.81,One year,Mailed check,Fiber optic,No internet service,No,No,No,0,Yes,No,Yes,No,0
1501,38,Female,16,95.89,3656.63,Two year,Bank transfer,DSL,Yes,Yes,No,Yes,0,No,No,Yes,No,0
1502,59,Male,66,56.6,1903.65,One year,Bank transfer,DSL,No,No internet service,No,No,0,Yes,No,Yes,No,0
1503,53,Male,43,30.09,2953.97,Month-to-month,Mailed check,Fiber optic,Yes,Yes,No,No,0,No,No,Yes,Yes,0
1504,58,Female,8,38.86,273.57,One year,Bank transfer,Fiber optic,No internet service,Yes,Yes,No,0,Yes,Yes,Yes,No phone service,0
1505,55,Female,3,110.89,7634.78,One year,Bank transfer,DSL,Yes,Yes,No internet service,Yes,0,No,No,Yes,No phone service,0
1506,51,Female,12,22.92,3385.53,One year,Mailed check,No,Yes,No,Yes,Yes,0,No,Yes,Yes,Yes,0
1507,34,Female,16,131.34,6332.07,Two year,Credit card,Fiber optic,Yes,No,No internet service,Yes,0,Yes,No,Yes,No,0
1508,54,Male,59,110.27,1226.88,Month-to-month,Credit card,DSL,No,No internet service,No internet service,Yes,1,No,No,Yes,No,0
1509,42,Female,49,119.85,6517.6,One year,Credit card,Fiber optic,No,No,Yes,No,0,Yes,No,Yes,Yes,0
1510,55,Female,63,128.68,6895.16,Month-to-month,Credit card,No,No,Yes,No internet service,Yes,0,No,No,Yes,No,1
1511,29,Female,62,35.95,5752.27,Month-to-month,Electronic check,DSL,Yes,No,Yes,No,0,Yes,Yes,Yes,Yes,0
1512,40,Female,49,126.92,7235.35,One year,Mailed check,Fiber optic,Yes,No internet service,Yes,No,0,No,No,Yes,No,0
1513,59,Male,51,85.6,1420.86,Two year,Bank transfer,Fiber optic,No internet service,Yes,No internet service,No,0,No,No,Yes,No,0
1514,39,Male,33,135.12,3864.21,Month-to-month,Bank transfer,No,No,Yes,No internet service,Yes,0,Yes,No,Yes,Yes,0
1515,38,Female,30,135.26,4998.87,Two year,Mailed check,DSL,No internet service,No,No,No,0,Yes,No,Yes,No phone service,0
1516,44,Female,59,23.14,4809.92,Month-to-month,Bank transfer,No,Yes,No,No internet service,Yes,0,Yes,No,Yes,No phone service,0
1517,48,Male,15,69.77,6902.22,Month-to-month,Electronic check,DSL,No,No internet service,No internet service,Yes,0,No,Yes,Yes,No phone service,0
1518,23,Male,23,88.43,1803.96,Month-to-month,Credit card,Fiber optic,No internet service,Yes,No internet service,No,1,Yes,No,Yes,No,0
1519,44,Female,45,108.19,1487.59,One year,Mailed check,Fiber optic,Yes,No internet service,Yes,No,0,No,Yes,Yes,No phone service,0
1520,57,Female,62,57.2,2101.69,One year,Bank transfer,DSL,Yes,No,No,Yes,0,Yes,Yes,Yes,No phone service,0
1521,51,Male,71,52.78,7143.25,Month-to-month,Electronic check,Fiber optic,Yes,Yes,No,Yes,0,Yes,No,Yes,No phone service,0
1522,29,Male,15,69.56,7534.11,Month-to-month,Bank transfer,Fiber optic,No,No,Yes,No,1,No,No,Yes,No phone service,0
1523,62,Male,46,85.12,4600.08,One year,Electronic check,DSL,No,Yes,No internet service,Yes,0,No,Yes,Yes,No phone service,0
1524,24,Male,64,143.65,4060.84,One year,Bank transfer,DSL,No internet service,No internet service,No internet service,Yes,0,Yes,Yes,Yes,No phone service,0
1525,27,Male,46,119.07,4882.55,Month-to-month,Credit card,DSL,Yes,Yes,Yes,Yes,0,Yes,No,Yes,Yes,0
1526,62,Male,56,75.81,4968.83,Two year,Mailed check,Fiber optic,No,No,No,Yes,0,No,No,Yes,No phone service,0
1527,34,Female,44,27.07,1445.41,One year,Credit card,Fiber optic,No,Yes,Yes,No,0,No,Yes,Yes,No,0
1528,43,Male,29,41.91,5522.65,Month-to-month,Credit card,Fiber optic,Yes,No internet service,Yes,Yes,1,Yes,No,Yes,Yes,0
1529,38,Male,62,79.27,3673.57,Month-to-month,Bank transfer,DSL,Yes,No,No internet service,No,0,No,No,Yes,No,0
1530,45,Male,52,125.8,4187.32,One year,Credit card,Fiber optic,No internet service,No internet service,Yes,Yes,0,No,No,Yes,No phone service,0
1531,63,Male,54,69.49,339.5,Month-to-month,Mailed check,No,No internet service,Yes,Yes,Yes,0,Yes,No,Yes,No phone service,0
1532,19,Female,57,90.0,6140.0,One year,Electronic check,DSL,No internet service,Yes,Yes,Yes,0,No,No,Yes,No phone service,0
1533,60,Female,66,135.93,6699.88,Month-to-month,Electronic check,DSL,No,Yes,No internet service,Yes,0,Yes,No,Yes,No,0
1534,18,Male,22,138.79,4993.43,One year,Bank transfer,Fiber optic,No,Yes,No internet service,Yes,0,No,No,Yes,No phone service,0
1535,68,Female,20,48.05,6014.92,Month-to-month,Mailed check,Fiber optic,No,No,No,No,0,Yes,No,Yes,No phone service,0
1536,53,Female,33,25.67,4229.38,Two year,Mailed check,Fiber optic,No,Yes,No,Yes,0,No,No,Yes,No phone service,0
1537,68,Female,25,59.7,4984.99,Two year,Electronic check,No,No,No,No,Yes,0,Yes,No,Yes,No phone service,0
1538,43,Female,46,110.45,3217.12,Two year,Electronic check,Fiber optic,Yes,No,No internet service,Yes,0,No,No,Yes,No phone service,0
1539,46,Female,57,143.64,6355.81,Month-to-month,Credit card,Fiber optic,No internet service,No,No,No,0,No,No,Yes,No phone service,0
1540,38,Female,5,30.01,3799.34,Two year,Bank transfer,Fiber optic,No internet service,Yes,Yes,Yes,0,Yes,No,Yes,Yes,0
1541,28,Male,55,23.7,5473.68,One year,Electronic check,DSL,No internet service,Yes,No,No,0,No,Yes,Yes,No phone service,0
1542,57,Male,61,134.94,5009.29,One year,Electronic check,Fiber optic,No internet service,No internet service,Yes,Yes,1,Yes,Yes,No,Yes,0
1543,28,Male,8,117.26,5648.28,Month-to-month,Mailed check,No,Yes,Yes,No,No,0,No,No,No,No phone service,1
1544,53,Male,16,148.99,6303.21,One year,Mailed check,No,No,Yes,No internet service,No,0,No,No,No,Yes,0
1545,66,Male,48,71.58,4150.44,Two year,Mailed check,Fiber optic,No,Yes,Yes,No,0,Yes,No,Yes,No,0
1546,56,Female,61,74.09,6523.22,Month-to-month,Electronic check,DSL,No,No,Yes,No,0,No,No,Yes,No,0
1547,57,Male,15,42.4,4028.33,Month-to-month,Bank transfer,DSL,No internet service,No internet service,No internet service,Yes,0,Yes,No,Yes,Yes,0
1548,52,Male,65,35.06,7657.41,Month-to-month,Credit card,DSL,No internet service,Yes,Yes,No,0,Yes,Yes,Yes,No phone service,0
1549,51,Female,22,95.23,6046.11,Month-to-month,Bank transfer,No,Yes,No internet service,No,Yes,0,Yes,No,Yes,No,0
1550,64,Female,3,67.36,1452.02,One year,Electronic check,DSL,Yes,No,No internet service,No,0,Yes,No,Yes,No,0
1551,41,Male,54,30.44,6653.72,Two year,Credit card,Fiber optic,No,No internet service,Yes,No,0,Yes,Yes,Yes,No phone service,0
1552,39,Female,14,135.31,4457.54,Month-to-month,Bank transfer,No,No,No internet service,No internet service,No,0,No,Yes,Yes,No,1
1553,22,Female,36,45.79,7877.24,One year,Electronic check,DSL,No,No internet service,Yes,No,0,No,No,Yes,Yes,0
1554,50,Female,67,117.32,5778.67,Month-to-month,Bank transfer,Fiber optic,No,No internet service,Yes,No,0,No,No,Yes,No phone service,0
1555,53,Female,10,56.69,766.69,Month-to-month,Electronic check,DSL,No,No internet service,No internet service,Yes,0,Yes,No,No,Yes,1
1556,64,Male,49,125.68,3220.19,One year,Mailed check,Fiber optic,No,No,Yes,No,0,Yes,No,Yes,Yes,0
1557,37,Female,65,35.39,4186.48,Month-to-month,Bank transfer,DSL,No internet service,Yes,No,Yes,0,No,No,Yes,No phone service,0
1558,36,Male,57,118.29,6728.21,One year,Mailed check,Fiber optic,Yes,No internet service,No,No,0,Yes,Yes,Yes,No,0
1559,52,Male,27,32.76,5861.83,Month-to-month,Mailed check,Fiber optic,Yes,No,Yes,No,0,Yes,Yes,Yes,Yes,0
1560,69,Female,5,78.1,3017.94,One year,Credit card,Fiber optic,No internet service,No,Yes,No,0,No,No,Yes,No,0
1561,60,Female,71,115.42,5262.12,Month-to-month,Credit card,Fiber optic,No,Yes,No,No,0,Yes,No,Yes,Yes,1
1562,34,Female,57,42.52,4657.6,Two year,Bank transfer,No,No,No,Yes,Yes,0,Yes,No,Yes,No phone service,0
1563,62,Male,15,57.14,1095.82,Two year,Electronic check,DSL,No,Yes,Yes,No,0,No,No,Yes,No phone service,0
1564,60,Female,30,132.42,1955.38,Month-to-month,Credit card,No,Yes,No internet service,No internet service,Yes,1,Yes,No,Yes,No phone service,0
1565,51,Female,20,135.07,2794.87,Month-to-month,Credit card,DSL,Yes,No,No internet service,Yes,0,Yes,Yes,Yes,No,0
1566,26,Female,37,25.84,1644.32,Month-to-month,Mailed check,Fiber optic,No,No,No,Yes,1,Yes,Yes,Yes,Yes,0
1567,43,Female,3,41.85,1286.06,One year,Mailed check,DSL,No,No,No,Yes,0,No,No,Yes,No phone service,0
1568,19,Female,41,35.27,559.76,Month-to-month,Electronic check,DSL,No internet service,No internet service,No internet service,Yes,0,Yes,No,No,Yes,0
1569,26,Male,39,43.36,6997.51,One year,Credit card,No,No,Yes,No internet service,Yes,0,No,No,Yes,Yes,0
1570,26,Female,26,146.12,2382.65,Month-to-month,Credit card,DSL,No internet service,Yes,No,No,0,Yes,No,Yes,No phone service,0
1571,57,Female,2,91.72,2393.53,Month-to-month,Electronic check,DSL,No,No,No,Yes,1,Yes,No,Yes,Yes,1
1572,34,Female,23,80.85,1729.2,Month-to-month,Credit card,Fiber optic,No,No,No,Yes,0,No,Yes,Yes,Yes,0
1573,18,Male,23,147.98,3855.64,Month-to-month,Bank transfer,DSL,No,No internet service,No internet service,Yes,0,No,No,Yes,No phone service,1
1574,42,Female,16,92.4,4162.51,One year,Bank transfer,No,No internet service,No internet service,No internet service,Yes,0,Yes,No,Yes,Yes,0
1575,60,Male,9,105.95,1745.42,Month-to-month,Electronic check,No,No internet service,Yes,Yes,Yes,1,No,No,Yes,No phone service,1
1576,57,Male,13,63.26,4907.71,Two year,Mailed check,DSL,No internet service,No,No,Yes,0,No,No,Yes,No,0
1577,59,Female,28,69.67,5811.7,One year,Electronic check,DSL,Yes,No,Yes,No,0,No,No,Yes,Yes,0
1578,42,Female,27,97.27,3053.34,Month-to-month,Bank transfer,DSL,Yes,No,No,No,0,Yes,Yes,Yes,No phone service,0
1579,56,Female,51,29.07,4725.07,Month-to-month,Credit card,Fiber optic,No,No,No internet service,Yes,0,Yes,No,Yes,No,0
1580,52,Male,64,53.26,4068.19,Month-to-month,Credit card,DSL,No internet service,No internet service,No,Yes,0,Yes,No,No,Yes,0
1581,20,Male,52,45.59,1644.83,One year,Mailed check,Fiber optic,No internet service,No internet service,No,No,0,Yes,No,Yes,No phone service,0
1582,67,Male,38,22.07,5867.09,Month-to-month,Mailed check,Fiber optic,No,Yes,No internet service,Yes,0,No,No,Yes,Yes,0
1583,54,Male,65,89.8,6431.48,Month-to-month,Bank transfer,Fiber optic,No,No,No internet service,No,0,No,No,Yes,No,0
1584,61,Male,18,92.94,5225.47,Month-to-month,Mailed check,DSL,No,No internet service,No,No,0,Yes,No,Yes,Yes,0
1585,61,Male,63,69.91,2658.78,Month-to-month,Electronic check,Fiber optic,No,No,No,No,1,No,No,Yes,No phone service,0
1586,68,Female,51,54.93,7421.66,Two year,Bank transfer,Fiber optic,No internet service,Yes,No,Yes,0,No,Yes,Yes,Yes,0
1587,47,Female,9,104.77,3697.33,Two year,Credit card,Fiber optic,Yes,No,No,No,1,No,No,Yes,Yes,0
1588,55,Male,13,37.51,2200.44,Month-to-month,Credit card,DSL,No internet service,No internet service,No,No,0,No,No,Yes,Yes,0
1589,51,Female,40,87.42,3325.05,One year,Credit card,Fiber optic,Yes,No internet service,No internet service,Yes,0,Yes,No,Yes,No,0
1590,29,Female,55,119.85,5567.39,Two year,Mailed check,Fiber optic,No,Yes,No,Yes,0,No,No,Yes,No,0
1591,36,Male,43,41.36,6782.86,Month-to-month,Bank transfer,DSL,Yes,Yes,No internet service,No,0,No,No,Yes,Yes,0
1592,54,Male,44,117.92,2916.95,One year,Mailed check,No,No internet service,No,Yes,Yes,1,No,Yes,Yes,No,0
1593,61,Female,68,118.9,1937.73,Month-to-month,Electronic check,Fiber optic,No internet service,No,Yes,Yes,1,No,Yes,Yes,No,0
1594,66,Male,33,27.79,5049.3,One year,Bank transfer,Fiber optic,No internet service,No internet service,No,No,0,Yes,No,Yes,No phone service,0
1595,34,Male,24,22.44,7377.6,One year,Mailed check,No,No internet service,No internet service,Yes,Yes,0,Yes,No,Yes,No,0
1596,27,Female,36,146.61,1548.02,Two year,Credit card,Fiber optic,No internet service,No internet service,No internet service,No,0,Yes,No,Yes,No,0
1597,66,Male,10,45.14,6443.85,Month-to-month,Credit card,Fiber optic,No internet service,Yes,Yes,Yes,0,Yes,No,Yes,No,1
1598,64,Female,20,126.88,3865.2,One year,Electronic check,Fiber optic,No,Yes,Yes,No,0,Yes,No,Yes,Yes,0
1599,29,Female,12,93.04,6416.15,Month-to-month,Electronic check,Fiber optic,Yes,Yes,No internet service,Yes,0,No,No,Yes,Yes,0
1600,33,Female,62,54.38,4093.78,Month-to-month,Electronic check,DSL,No,No,No,No,0,No,Yes,Yes,No,0
1601,41,Female,18,36.9,3080.89,Two year,Credit card,DSL,Yes,Yes,No internet service,Yes,0,No,No,Yes,No phone service,0
1602,36,Female,63,84.57,5604.25,One year,Mailed check,Fiber optic,Yes,No,No internet service,No,0,Yes,No,Yes,No,0
1603,25,Male,25,72.96,7214.96,Month-to-month,Credit card,Fiber optic,Yes,No,No,Yes,0,Yes,Yes,Yes,No phone service,0
1604,48,Male,12,110.86,2629.99,One year,Credit card,Fiber optic,No internet service,No,No internet service,Yes,0,No,No,No,No phone service,0
1605,38,Male,21,137.54,3739.91,Month-to-month,Credit card,Fiber optic,No internet service,Yes,No,No,1,Yes,No,Yes,No,0
1606,34,Male,25,124.68,1912.26,Month-to-month,Mailed check,Fiber optic,No internet service,No internet service,No internet service,Yes,0,No,Yes,Yes,No phone service,0
1607,40,Female,11,55.68,1548.93,One year,Credit card,DSL,Yes,Yes,Yes,No,0,No,Yes,Yes,No phone service,0
1608,54,Female,64,134.26,6245.33,One year,Electronic check,DSL,Yes,Yes,No,Yes,0,Yes,Yes,Yes,No phone service,0
1609,33,Male,50,128.34,1685.25,Month-to-month,Electronic check,DSL,Yes,Yes,No,Yes,0,No,Yes,Yes,No,0
1610,23,Female,62,140.79,6367.21,One year,Electronic check,DSL,No,No,Yes,No,0,No,No,Yes,No phone service,0
1611,25,Male,49,79.63,3490.81,Month-to-month,Electronic check,Fiber optic,No internet service,No internet service,Yes,Yes,0,No,No,Yes,No,0
1612,42,Male,14,119.91,7960.88,Month-to-month,Credit card,Fiber optic,No internet service,Yes,No,No,0,Yes,No,Yes,Yes,0
1613,35,Male,1,96.92,1659.0,Month-to-month,Credit card,DSL,No internet service,Yes,Yes,Yes,0,Yes,Yes,Yes,No,1
1614,42,Female,25,60.37,834.53,Two year,Credit card,No,No,No,No internet service,No,0,Yes,No,Yes,Yes,0
1615,29,Female,59,149.28,695.92,Two year,Electronic check,No,No,Yes,No internet service,Yes,0,No,No,Yes,Yes,0
1616,32,Female,69,24.98,6699.8,Month-to-month,Mailed check,Fiber optic,No,Yes,No internet service,Yes,1,Yes,Yes,No,No,0
1617,43,Female,5,41.1,3558.43,Month-to-month,Bank transfer,Fiber optic,Yes,No,Yes,No,1,No,No,Yes,Yes,1
1618,58,Male,19,136.03,124.68,One year,Bank transfer,DSL,No,Yes,Yes,Yes,0,No,No,Yes,No,0
1619,62,Female,23,27.87,7010.69,One year,Bank transfer,Fiber optic,Yes,No internet service,Yes,Yes,0,Yes,No,Yes,No,0
1620,43,Female,9,135.29,7027.68,Month-to-month,Mailed check,DSL,Yes,No,No,No,0,Yes,No,Yes,No phone service,1
1621,64,Female,50,112.98,6470.69,Month-to-month,Credit card,Fiber optic,No internet service,No internet service,No internet service,Yes,0,No,No,Yes,Yes,0
1622,49,Male,16,24.77,2061.72,Two year,Bank transfer,Fiber optic,No internet service,Yes,No,No,0,Yes,Yes,Yes,No,0
1623,27,Male,33,75.81,3044.75,One year,Bank transfer,No,No,No,No,Yes,0,Yes,No,Yes,No,0
1624,33,Female,2,118.08,5984.92,Month-to-month,Credit card,Fiber optic,Yes,No,No,Yes,1,No,Yes,Yes,Yes,1
1625,24,Female,14,95.8,3965.89,One year,Bank transfer,DSL,Yes,Yes,No internet service,No,0,Yes,No,Yes,Yes,0
1626,34,Female,1,141.66,1315.23,Month-to-month,Credit card,Fiber optic,Yes,No internet service,No internet service,No,0,No,No,Yes,Yes,1
1627,40,Female,58,132.79,2018.11,Month-to-month,Bank transfer,Fiber optic,No internet service,Yes,No internet service,Yes,0,Yes,No,No,Yes,0
1628,43,Male,16,63.24,7783.46,Two year,Credit card,Fiber optic,No internet service,No,Yes,No,1,Yes,No,Yes,No,0
1629,38,Female,47,31.0,1293.0,Month-to-month,Electronic check,No,No internet service,No,No internet service,Yes,0,No,No,Yes,Yes,0
1630,39,Female,44,142.75,5836.04,Month-to-month,Mailed check,No,No internet service,No,Yes,Yes,0,No,No,Yes,No,1
1631,24,Female,14,87.25,3876.34,One year,Bank transfer,Fiber optic,No internet service,Yes,Yes,No,0,No,No,Yes,Yes,0
1632,31,Male,24,29.67,6013.95,Two year,Credit card,DSL,No internet service,Yes,Yes,No,1,No,No,No,No phone service,0
1633,32,Male,55,126.15,5322.79,One year,Electronic check,DSL,No,Yes,No internet service,No,0,Yes,No,Yes,Yes,0
1634,24,Female,15,132.91,3569.42,Month-to-month,Credit card,No,No,No internet service,No internet service,No,0,Yes,No,Yes,Yes,0
1635,26,Female,34,103.13,2895.9,One year,Bank transfer,No,No,No internet service,No internet service,Yes,0,Yes,No,Yes,No,0
1636,68,Female,2,78.18,6059.44,One year,Bank transfer,DSL,No,No internet service,No internet service,Yes,0,No,Yes,Yes,No,0
1637,65,Female,27,106.08,2652.82,Month-to-month,Bank transfer,Fiber optic,Yes,No,No,No,0,Yes,No,Yes,No phone service,1
1638,25,Female,23,111.87,6323.39,One year,Bank transfer,Fiber optic,No internet service,No internet service,No internet service,Yes,0,No,No,Yes,No phone service,0
1639,67,Male,68,136.09,5470.76,Month-to-month,Bank transfer,Fiber optic,No internet service,No,No internet service,No,0,No,No,Yes,Yes,1
1640,40,Male,14,144.26,4663.59,Two year,Electronic check,No,No,No internet service,No internet service,Yes,0,No,No,Yes,No,0
1641,46,Male,63,86.86,3013.53,One year,Credit card,DSL,Yes,No internet service,No internet service,No,0,Yes,No,Yes,Yes,0
1642,35,Female,65,123.8,1720.14,Month-to-month,Credit card,No,No,No,No internet service,Yes,0,Yes,No,Yes,No,1
1643,48,Male,68,145.39,5712.32,One year,Bank transfer,Fiber optic,No internet service,Yes,No,Yes,0,No,No,Yes,No,0
1644,47,Male,63,39.66,821.66,Month-to-month,Credit card,Fiber optic,No,No internet service,No,No,0,No,Yes,Yes,No,0
1645,69,Male,64,22.37,7767.28,One year,Electronic check,Fiber optic,Yes,No,Yes,Yes,0,No,Yes,Yes,No,0
1646,56,Female,32,132.97,7832.11,Month-to-month,Bank transfer,Fiber optic,No internet service,Yes,Yes,No,0,Yes,No,Yes,No phone service,0
1647,52,Female,13,45.39,1128.76,Month-to-month,Mailed check,Fiber optic,Yes,Yes,No internet service,No,0,No,No,Yes,No,0
1648,35,Male,66,25.52,921.09,One year,Electronic check,Fiber optic,No,Yes,Yes,Yes,1,No,No,Yes,No phone service,0
1649,59,Female,19,40.81,3360.46,Two year,Bank transfer,Fiber optic,No internet service,No,No,Yes,0,No,No,Yes,No phone service,0
1650,56,Male,24,69.93,7713.1,Month-to-month,Credit card,Fiber optic,Yes,No internet service,No internet service,Yes,0,Yes,No,Yes,Yes,0
1651,34,Male,11,48.5,3262.46,One year,Electronic check,DSL,Yes,No internet service,Yes,No,0,Yes,No,Yes,Yes,0
1652,31,Male,59,59.68,2974.04,One year,Bank transfer,No,Yes,No internet service,Yes,Yes,0,No,No,Yes,No phone service,0
1653,48,Male,15,146.79,5658.32,Month-to-month,Credit card,DSL,No internet service,Yes,No,Yes,1,No,No,Yes,No phone service,0
1654,41,Female,10,111.57,1511.98,Month-to-month,Credit card,Fiber optic,No internet service,No internet service,No internet service,No,0,No,No,Yes,No phone service,1
1655,52,Female,41,112.58,2970.26,One year,Bank transfer,DSL,No,No,Yes,Yes,0,Yes,No,Yes,No,0
1656,61,Female,27,32.31,2401.33,Month-to-month,Electronic check,Fiber optic,No,No internet service,No,Yes,1,Yes,No,Yes,No,0
1657,62,Female,60,115.17,4852.12,Two year,Bank transfer,DSL,No internet service,No internet service,No internet service,Yes,0,No,Yes,Yes,No phone service,0
1658,51,Male,52,116.11,1385.75,One year,Bank transfer,No,Yes,No internet service,No,Yes,0,Yes,Yes,Yes,No phone service,0
1659,20,Female,28,105.77,4434.74,Two year,Bank transfer,DSL,No internet service,No internet service,No internet service,Yes,0,No,No,No,No phone service,0
1660,54,Male,65,49.7,6874.62,Month-to-month,Bank transfer,Fiber optic,No internet service,No,No internet service,Yes,0,Yes,No,Yes,Yes,0
1661,60,Female,17,74.99,4161.95,Two year,Bank transfer,Fiber optic,No internet service,No internet service,No internet service,No,0,No,No,Yes,Yes,0
1662,57,Female,44,130.02,5499.62,Month-to-month,Credit card,DSL,No internet service,Yes,No,Yes,0,Yes,No,Yes,No,0
1663,43,Female,10,107.13,694.46,One year,Bank transfer,No,No,No internet service,No internet service,Yes,0,No,No,Yes,No,0
1664,40,Male,63,115.26,3647.14,Month-to-month,Electronic check,No,No,Yes,Yes,Yes,0,No,No,Yes,Yes,1
1665,61,Male,47,96.36,849.66,Month-to-month,Mailed check,Fiber optic,Yes,Yes,No internet service,No,0,No,Yes,Yes,No,0
1666,56,Male,38,78.45,4835.75,Month-to-month,Bank transfer,DSL,No internet service,Yes,No internet service,No,0,Yes,Yes,Yes,No,0
1667,32,Male,70,118.68,2320.33,Month-to-month,Electronic check,DSL,No internet service,No,No,Yes,0,No,Yes,Yes,No phone service,0
1668,66,Female,53,28.83,2369.4,One year,Mailed check,DSL,No,Yes,No internet service,No,1,No,No,Yes,No phone service,0
1669,21,Male,44,107.51,706.46,One year,Electronic check,DSL,No,Yes,Yes,No,0,No,No,Yes,Yes,0
1670,46,Male,54,149.64,2550.88,One year,Credit card,DSL,No internet service,No internet service,Yes,No,1,No,Yes,Yes,No phone service,0
1671,39,Female,20,121.42,4102.75,Month-to-month,Credit card,No,No,No,No internet service,Yes,0,Yes,No,Yes,No,1
1672,42,Female,31,57.77,4718.81,Month-to-month,Mailed check,Fiber optic,No internet service,No,No,No,0,Yes,No,Yes,No phone service,0
1673,30,Male,7,56.12,626.66,Two year,Mailed check,DSL,Yes,No,Yes,Yes,0,No,No,Yes,No,0
1674,35,Female,58,106.74,5246.53,One year,Mailed check,DSL,Yes,Yes,No,No,0,Yes,No,No,Yes,0
1675,50,Male,10,136.46,3962.12,Month-to-month,Credit card,Fiber optic,Yes,Yes,No internet service,No,0,No,No,Yes,No phone service,1
1676,33,Female,10,95.13,4341.57,One year,Credit card,DSL,No internet service,Yes,No,No,1,Yes,No,Yes,Yes,0
1677,62,Male,39,88.56,6679.09,Two year,Electronic check,No,No,No internet service,No internet service,Yes,0,No,Yes,Yes,No phone service,0
1678,59,Male,28,40.85,2803.59,Two year,Credit card,DSL,Yes,Yes,No internet service,Yes,0,No,No,Yes,No phone service,0
1679,61,Male,30,113.01,1475.0,Month-to-month,Mailed check,No,No internet service,No,No,No,0,No,Yes,Yes,No phone service,1
1680,19,Male,37,111.3,4459.3,Two year,Bank transfer,Fiber optic,Yes,No internet service,Yes,No,0,No,Yes,Yes,Yes,0
1681,52,Male,67,145.7,7565.67,Month-to-month,Bank transfer,No,Yes,No internet service,No internet service,Yes,0,No,No,Yes,No phone service,0
1682,59,Female,43,59.02,4191.17,One year,Mailed check,DSL,No,No,No internet service,No,0,No,No,Yes,No,0
1683,51,Male,52,118.34,6672.11,Month-to-month,Credit card,DSL,No internet service,Yes,No internet service,Yes,0,Yes,No,No,No phone service,0
1684,47,Male,56,76.43,6080.55,One year,Mailed check,Fiber optic,No,No internet service,Yes,Yes,0,Yes,No,Yes,No phone service,0
1685,30,Male,68,92.6,4194.81,One year,Credit card,No,No,No,Yes,No,0,Yes,Yes,Yes,No,0
1686,30,Male,9,126.14,5215.68,Month-to-month,Bank transfer,Fiber optic,No,Yes,No internet service,No,0,No,No,Yes,Yes,1
1687,35,Male,23,48.86,3312.77,One year,Electronic check,Fiber optic,Yes,No internet service,Yes,Yes,0,Yes,No,Yes,Yes,0
1688,49,Female,63,64.57,4291.97,One year,Credit card,DSL,Yes,No internet service,No,No,0,No,No,Yes,No,0
1689,49,Female,61,120.53,4107.56,Month-to-month,Electronic check,Fiber optic,Yes,No internet service,No,No,0,Yes,No,Yes,No phone service,0
1690,52,Male,40,94.16,5701.97,Month-to-month,Bank transfer,DSL,No internet service,No internet service,No,No,0,No,No,Yes,No,0
1691,56,Female,44,32.01,3338.85,Month-to-month,Electronic check,Fiber optic,No,No internet service,No,Yes,0,Yes,Yes,Yes,No,0
1692,63,Male,24,75.92,888.16,One year,Electronic check,DSL,Yes,Yes,No internet service,Yes,0,No,No,Yes,No phone service,0
1693,69,Female,51,96.26,6330.81,Two year,Mailed check,DSL,No,No,No,Yes,0,Yes,No,No,No,0
1694,46,Female,58,138.24,5510.34,One year,Electronic check,Fiber optic,No,No internet service,Yes,Yes,0,No,No,Yes,Yes,0
1695,66,Male,33,44.5,7605.98,Month-to-month,Bank transfer,No,No,No,No internet service,Yes,0,Yes,Yes,Yes,Yes,0
1696,46,Female,16,124.77,3486.86,Month-to-month,Credit card,Fiber optic,No,No,Yes,Yes,0,No,No,Yes,Yes,1
1697,61,Female,22,36.98,717.82,Month-to-month,Electronic check,Fiber optic,No,No,No,Yes,0,Yes,No,Yes,No,0
1698,33,Male,57,51.49,1060.79,Two year,Credit card,No,Yes,Yes,No internet service,Yes,0,Yes,No,Yes,No phone service,0
1699,61,Male,62,51.63,6209.22,Month-to-month,Mailed check,DSL,No internet service,No,No internet service,Yes,1,Yes,Yes,Yes,Yes,0
1700,64,Female,71,134.07,635.28,Month-to-month,Bank transfer,DSL,No internet service,No,No internet service,Yes,0,Yes,Yes,Yes,No phone service,1
1701,27,Female,70,45.87,7271.83,One year,Bank transfer,Fiber optic,No internet service,No,No,No,0,Yes,No,Yes,No phone service,0
1702,47,Female,30,122.3,2325.04,Two year,Credit card,Fiber optic,No internet service,No internet service,Yes,Yes,0,Yes,No,Yes,Yes,0
1703,42,Male,23,80.03,7201.14,Month-to-month,Bank transfer,Fiber optic,No,No internet service,No internet service,Yes,0,No,No,No,No,0
1704,56,Female,32,149.88,6210.7,Month-to-month,Mailed check,DSL,Yes,No,Yes,No,0,Yes,Yes,Yes,Yes,1
1705,37,Female,57,129.08,6982.49,One year,Credit card,Fiber optic,Yes,Yes,No,Yes,0,No,Yes,Yes,No,0
1706,22,Female,9,116.16,1790.91,One year,Bank transfer,Fiber optic,No,No internet service,No,Yes,1,Yes,Yes,Yes,No phone service,0
1707,18,Male,31,133.19,4805.98,Month-to-month,Mailed check,DSL,No,No internet service,Yes,No,0,No,No,Yes,Yes,1
1708,47,Male,71,102.42,839.35,One year,Mailed check,Fiber optic,Yes,No,No internet service,Yes,0,Yes,No,Yes,Yes,0
1709,66,Male,9,129.67,1698.02,One year,Electronic check,Fiber optic,Yes,No,Yes,No,0,No,No,Yes,No,0
1710,20,Male,13,53.95,2548.23,Two year,Bank transfer,No,No internet service,Yes,No internet service,Yes,0,No,No,Yes,No,0
1711,62,Female,58,32.7,5952.42,Month-to-month,Credit card,No,No internet service,No internet service,No internet service,Yes,0,No,No,Yes,No phone service,0
1712,31,Male,3,100.07,295.24,Month-to-month,Electronic check,No,No internet service,No,Yes,No,1,Yes,No,Yes,Yes,1
1713,47,Female,35,76.51,7234.63,One year,Credit card,No,Yes,No internet service,No internet service,Yes,0,Yes,Yes,Yes,Yes,0
1714,67,Female,21,75.44,659.35,One year,Electronic check,DSL,No internet service,No,No internet service,No,0,Yes,No,Yes,Yes,0
1715,21,Female,64,88.48,3074.27,One year,Mailed check,No,Yes,No,No internet service,Yes,0,No,Yes,No,No,0
1716,35,Female,52,66.98,740.61,One year,Electronic check,Fiber optic,Yes,Yes,No,No,0,Yes,Yes,Yes,No,0
1717,54,Male,34,101.39,6174.85,Month-to-month,Electronic check,Fiber optic,No,No internet service,No internet service,No,0,No,No,Yes,Yes,1
1718,42,Male,35,23.97,1216.39,Month-to-month,Electronic check,DSL,Yes,No internet service,Yes,Yes,0,Yes,No,Yes,No,0
1719,65,Male,15,146.09,7089.58,Month-to-month,Bank transfer,No,No,No,No,Yes,0,No,Yes,Yes,No phone service,1
1720,18,Male,6,140.21,4288.75,Two year,Electronic check,DSL,No,Yes,No internet service,Yes,0,Yes,Yes,Yes,Yes,0
1721,63,Male,32,141.59,7592.94,Month-to-month,Mailed check,DSL,Yes,Yes,No,No,1,Yes,No,Yes,Yes,0
1722,32,Female,52,67.45,2393.85,Month-to-month,Credit card,No,Yes,Yes,Yes,No,0,Yes,Yes,Yes,No phone service,0
1723,26,Male,28,89.15,3689.1,Month-to-month,Bank transfer,Fiber optic,No internet service,No internet service,No,Yes,1,No,No,Yes,Yes,0
1724,32,Male,64,144.04,5584.55,Two year,Mailed check,Fiber optic,Yes,No,No,No,0,No,No,Yes,Yes,0
1725,66,Male,19,137.3,6672.12,Two year,Bank transfer,Fiber optic,No internet service,No,No internet service,No,0,Yes,No,No,Yes,0
1726,41,Male,15,122.73,3428.72,Two year,Credit card,DSL,No internet service,Yes,Yes,No,0,Yes,No,Yes,Yes,0
1727,21,Female,6,72.95,7150.22,Month-to-month,Credit card,Fiber optic,Yes,Yes,Yes,No,1,No,Yes,Yes,No,1
1728,29,Female,38,93.36,1032.1,One year,Credit card,DSL,No internet service,Yes,No,No,0,No,Yes,Yes,No phone service,0
1729,54,Female,26,123.08,5698.61,Month-to-month,Bank transfer,No,No,No internet service,No internet service,Yes,0,Yes,No,Yes,Yes,1
1730,54,Female,51,55.49,2850.77,Month-to-month,Bank transfer,Fiber optic,No,No,No,Yes,0,Yes,No,Yes,No,0
1731,60,Female,53,101.44,900.55,Month-to-month,Credit card,No,Yes,Yes,No,No,0,Yes,No,Yes,Yes,0
1732,23,Male,56,127.63,3154.65,Month-to-month,Credit card,Fiber optic,Yes,Yes,No,Yes,0,No,Yes,Yes,No,0
1733,56,Female,59,111.97,7053.7,One year,Mailed check,Fiber optic,Yes,No,No internet service,No,0,No,No,Yes,No,0
1734,63,Female,70,82.33,7846.22,Two year,Credit card,Fiber optic,No,No internet service,No,No,0,Yes,Yes,Yes,No phone service,0
1735,41,Female,58,96.0,3203.12,Month-to-month,Electronic check,Fiber optic,No internet service,No internet service,No internet service,Yes,0,No,No,Yes,No,0
1736,28,Male,13,148.53,7102.69,Two year,Bank transfer,DSL,No,No internet service,Yes,No,0,Yes,No,Yes,Yes,0
1737,30,Male,43,98.26,4126.27,Month-to-month,Mailed check,No,No internet service,No,No,Yes,0,Yes,No,Yes,No phone service,0
1738,51,Female,51,122.13,5764.42,Month-to-month,Bank transfer,Fiber optic,No internet service,No internet service,Yes,Yes,1,No,No,Yes,No phone service,0
1739,42,Male,19,114.46,458.43,Month-to-month,Credit card,Fiber optic,Yes,Yes,No,Yes,0,Yes,No,Yes,Yes,0
1740,24,Male,21,111.19,4502.76,Month-to-month,Electronic check,DSL,Yes,No internet service,Yes,Yes,0,Yes,No,No,Yes,0
1741,69,Female,24,113.13,654.28,Month-to-month,Credit card,DSL,Yes,No,No internet service,No,0,Yes,No,Yes,No phone service,1
1742,21,Male,26,79.07,2222.08,One year,Bank transfer,Fiber optic,No,No internet service,No,No,0,No,No,Yes,No,0
1743,25,Male,45,81.64,4577.83,One year,Mailed check,No,No,No,No,No,0,Yes,No,Yes,No phone service,0
1744,37,Male,28,80.82,6476.59,Two year,Bank transfer,Fiber optic,No,No,No internet service,No,0,No,No,Yes,No phone service,0
1745,46,Female,29,24.32,4531.06,Month-to-month,Mailed check,DSL,Yes,No internet service,Yes,No,1,No,No,Yes,Yes,0
1746,68,Female,17,51.34,7495.91,One year,Electronic check,DSL,Yes,Yes,Yes,Yes,0,Yes,Yes,Yes,Yes,0
1747,62,Female,68,40.09,6501.63,One year,Credit card,No,No internet service,No,No internet service,No,0,No,No,Yes,Yes,0
1748,63,Male,44,135.24,1334.3,Two year,Credit card,Fiber optic,No internet service,No internet service,Yes,Yes,0,Yes,No,Yes,No phone service,0
1749,27,Female,61,55.75,3172.77,Month-to-month,Electronic check,No,Yes,No,No internet service,No,0,No,Yes,Yes,No phone service,0
1750,60,Male,68,38.0,5381.03,Two year,Bank transfer,DSL,No,No internet service,Yes,No,1,No,No,Yes,Yes,0
1751,51,Male,25,35.57,7513.41,One year,Electronic check,No,Yes,Yes,No internet service,Yes,0,Yes,No,Yes,No phone service,0
1752,43,Male,67,111.0,7902.96,One year,Credit card,No,No,No,No internet service,No,0,Yes,No,Yes,Yes,0
1753,58,Female,2,20.79,6129.17,Month-to-month,Mailed check,No,Yes,Yes,No internet service,No,0,No,No,Yes,No phone service,1
1754,66,Female,49,81.27,4632.78,Month-to-month,Credit card,DSL,Yes,Yes,No internet service,Yes,0,No,No,Yes,No,0
1755,20,Female,70,35.45,6077.22,One year,Bank transfer,Fiber optic,No internet service,Yes,Yes,Yes,0,Yes,No,Yes,Yes,0
1756,23,Female,26,130.46,2258.57,Month-to-month,Mailed check,Fiber optic,No,Yes,No,No,0,Yes,No,Yes,No,1
1757,22,Male,27,144.6,2340.46,Month-to-month,Bank transfer,Fiber optic,No,Yes,Yes,No,1,No,Yes,Yes,Yes,1
1758,22,Female,18,144.64,5269.36,Two year,Credit card,Fiber optic,Yes,No internet service,No internet service,Yes,0,No,No,No,Yes,0
1759,64,Male,54,77.46,6987.5,Month-to-month,Credit card,Fiber optic,No internet service,Yes,No,No,0,Yes,No,Yes,No phone service,0
1760,40,Female,1,103.79,7761.49,Month-to-month,Mailed check,No,Yes,No internet service,No,Yes,0,Yes,No,Yes,Yes,1
1761,66,Female,61,97.96,2796.54,One year,Bank transfer,Fiber optic,Yes,Yes,Yes,Yes,1,No,No,Yes,No,0
1762,26,Female,3,65.51,6392.77,Month-to-month,Mailed check,Fiber optic,No,Yes,No internet service,No,0,Yes,No,Yes,No,1
1763,52,Male,68,77.73,6827.09,One year,Mailed check,Fiber optic,Yes,No,No internet service,Yes,0,No,No,Yes,No phone service,0
1764,37,Male,41,28.36,5023.07,One year,Bank transfer,Fiber optic,No internet service,No internet service,No internet service,No,0,Yes,Yes,Yes,Yes,0
1765,66,Male,37,123.44,2845.98,Month-to-month,Mailed check,DSL,Yes,Yes,No internet service,No,1,No,Yes,Yes,Yes,0
1766,59,Male,51,51.3,4990.8,One year,Electronic check,DSL,No internet service,Yes,No internet service,Yes,0,Yes,No,Yes,No phone service,0
1767,52,Male,15,79.87,4717.15,Month-to-month,Mailed check,Fiber optic,No,Yes,No,No,0,No,No,Yes,Yes,0
1768,67,Female,8,82.48,4891.55,Two year,Credit card,DSL,No,No internet service,Yes,No,0,No,No,Yes,Yes,0
1769,35,Male,38,92.89,4992.16,Two year,Bank transfer,Fiber optic,Yes,No internet service,Yes,No,1,Yes,No,Yes,No,0
1770,34,Male,56,126.32,6791.76,Month-to-month,Credit card,No,No internet service,No internet service,Yes,Yes,1,No,No,Yes,No,0
1771,41,Male,47,109.94,1443.64,Two year,Electronic check,Fiber optic,No,No,No,Yes,0,Yes,No,Yes,No,0
1772,20,Male,10,106.2,3001.62,One year,Electronic check,No,No internet service,No,No,No,1,Yes,No,Yes,No,0
1773,49,Female,49,88.48,4729.41,Month-to-month,Mailed check,Fiber optic,No,Yes,Yes,No,0,Yes,No,No,Yes,0
1774,52,Male,41,32.47,2338.29,Month-to-month,Credit card,DSL,No,No internet service,No,Yes,0,Yes,No,Yes,Yes,0
1775,55,Female,30,72.26,7827.41,Month-to-month,Mailed check,Fiber optic,No internet service,No internet service,No,Yes,0,Yes,Yes,Yes,No,0
1776,30,Female,5,144.45,2178.89,Two year,Mailed check,No,No internet service,No,Yes,No,1,No,No,Yes,Yes,0
1777,64,Female,71,149.42,3810.07,Month-to-month,Credit card,No,No internet service,Yes,No,No,0,Yes,No,Yes,No phone service,0
1778,42,Male,31,114.96,7031.18,Month-to-month,Electronic check,Fiber optic,No,No internet service,No internet service,No,0,Yes,Yes,Yes,No phone service,0
1779,26,Female,52,49.58,732.5,Month-to-month,Electronic check,DSL,No internet service,No internet service,Yes,Yes,0,Yes,No,Yes,Yes,0
1780,21,Male,23,33.25,6583.44,One year,Electronic check,DSL,Yes,Yes,Yes,Yes,0,No,No,Yes,Yes,0
1781,31,Male,48,73.92,4610.97,Two year,Bank transfer,Fiber optic,No internet service,No,Yes,Yes,0,Yes,No,No,No,0
1782,54,Male,40,131.35,351.24,One year,Bank transfer,Fiber optic,No,No,Yes,No,0,Yes,No,Yes,No,0
1783,51,Male,6,113.84,7233.01,Month-to-month,Mailed check,Fiber optic,No internet service,No internet service,No,Yes,0,No,No,Yes,No phone service,1
1784,28,Male,38,134.91,409.66,Month-to-month,Bank transfer,No,No internet service,Yes,Yes,No,0,Yes,No,Yes,Yes,0
1785,58,Female,41,100.05,4170.22,Month-to-month,Bank transfer,Fiber optic,No internet service,Yes,No internet service,Yes,1,Yes,Yes,Yes,Yes,0
1786,20,Female,27,36.94,487.35,Month-to-month,Credit card,DSL,Yes,Yes,No,Yes,0,No,No,Yes,No,0
1787,45,Male,69,34.92,662.48,One year,Mailed check,Fiber optic,No,No internet service,No,No,0,No,No,Yes,Yes,0
1788,46,Female,57,26.24,7108.91,Month-to-month,Mailed check,No,Yes,No,Yes,Yes,0,No,Yes,Yes,No,0
1789,26,Male,17,93.72,6150.02,Two year,Credit card,Fiber optic,Yes,No,No,No,0,No,No,Yes,No,0
1790,20,Female,71,51.58,1655.84,One year,Electronic check,DSL,No,No,No,Yes,0,Yes,No,No,Yes,0
1791,42,Female,47,115.47,5001.7,Two year,Credit card,DSL,No,No,No,Yes,0,No,Yes,No,No,0
1792,51,Female,13,109.21,6377.97,Two year,Electronic check,Fiber optic,No internet service,No,Yes,Yes,1,No,No,Yes,No phone service,0
1793,29,Female,11,61.35,7127.77,Two year,Mailed check,DSL,No,No internet service,No internet service,No,0,No,No,Yes,No,0
1794,59,Female,24,42.98,3799.62,Month-to-month,Mailed check,Fiber optic,No internet service,No internet service,Yes,Yes,0,No,No,Yes,No phone service,0
1795,26,Male,4,33.31,7190.25,Two year,Bank transfer,Fiber optic,Yes,No,No internet service,Yes,1,Yes,No,Yes,Yes,0
1796,32,Male,46,115.85,4112.02,One year,Bank transfer,DSL,No internet service,No,No,No,1,Yes,No,Yes,Yes,0
1797,57,Female,18,78.56,5537.0,One year,Credit card,Fiber optic,No,No internet service,No internet service,Yes,0,Yes,No,Yes,Yes,0
1798,42,Male,43,62.06,7834.33,Month-to-month,Bank transfer,DSL,No internet service,No,Yes,Yes,0,Yes,No,Yes,Yes,0
1799,22,Female,33,131.36,1964.02,Month-to-month,Mailed check,Fiber optic,Yes,No,Yes,No,0,Yes,Yes,Yes,Yes,1
1800,28,Male,10,97.17,1431.32,Two year,Mailed check,DSL,No,No,Yes,Yes,0,Yes,Yes,Yes,No,0
1801,51,Female,59,87.34,2801.95,Month-to-month,Electronic check,Fiber optic,No,Yes,No,Yes,0,No,No,Yes,Yes,0
1802,41,Female,31,116.64,1398.75,Month-to-month,Bank transfer,Fiber optic,No internet service,No,No internet service,No,0,Yes,No,Yes,Yes,0
1803,32,Female,28,126.03,2344.89,Month-to-month,Electronic check,DSL,No internet service,Yes,Yes,Yes,0,No,No,Yes,Yes,0
1804,55,Male,60,109.19,5969.58,Two year,Mailed check,No,No internet service,No,Yes,Yes,0,Yes,No,Yes,No phone service,0
1805,25,Male,3,77.2,3872.44,Month-to-month,Bank transfer,DSL,Yes,No,Yes,No,0,Yes,No,Yes,No,1
1806,22,Female,55,69.31,3062.83,Two year,Electronic check,Fiber optic,Yes,No internet service,No,Yes,0,No,No,Yes,Yes,0
1807,65,Female,14,120.32,3012.92,Month-to-month,Mailed check,Fiber optic,No,No internet service,Yes,Yes,0,Yes,No,No,Yes,1
1808,43,Male,58,87.33,1636.79,Month-to-month,Electronic check,Fiber optic,No,No internet service,No,Yes,0,Yes,Yes,No,No,0
1809,35,Male,15,111.57,3634.55,Month-to-month,Bank transfer,DSL,Yes,Yes,No,No,0,No,No,Yes,No phone service,0
1810,23,Male,2,135.75,5034.62,One year,Electronic check,DSL,No internet service,Yes,Yes,No,0,Yes,No,Yes,Yes,0
1811,54,Male,24,139.07,1199.32,Month-to-month,Electronic check,Fiber optic,No internet service,No,No,No,0,Yes,Yes,Yes,No phone service,1
1812,65,Male,64,56.1,7785.22,Month-to-month,Mailed check,DSL,Yes,Yes,No,No,0,Yes,No,Yes,No,0
1813,30,Female,71,44.43,3601.92,Month-to-month,Bank transfer,No,No internet service,No internet service,Yes,Yes,0,No,Yes,Yes,Yes,0
1814,45,Male,24,53.97,7588.89,Month-to-month,Credit card,DSL,Yes,Yes,Yes,Yes,0,No,No,Yes,No,0
1815,22,Female,27,117.68,1163.81,One year,Credit card,Fiber optic,No internet service,No,No internet service,No,0,Yes,No,Yes,Yes,0
1816,30,Female,37,68.11,6161.01,Month-to-month,Electronic check,Fiber optic,No internet service,Yes,Yes,No,0,No,Yes,Yes,Yes,0
1817,34,Male,39,42.54,4979.34,Month-to-month,Mailed check,Fiber optic,No,No internet service,No internet service,No,0,No,No,Yes,Yes,0
1818,67,Male,63,32.79,6578.51,Month-to-month,Bank transfer,Fiber optic,No internet service,No,No internet service,Yes,0,No,No,Yes,Yes,0
1819,57,Female,26,62.55,4845.36,Month-to-month,Mailed check,Fiber optic,No internet service,Yes,No internet service,Yes,0,Yes,No,Yes,No,0
1820,62,Male,65,37.7,7706.41,Two year,Bank transfer,DSL,Yes,No,Yes,Yes,0,No,Yes,Yes,Yes,0
1821,49,Female,4,40.33,5052.76,Month-to-month,Mailed check,Fiber optic,Yes,No,No internet service,Yes,0,Yes,No,Yes,No phone service,1
1822,46,Male,29,108.9,6298.37,Month-to-month,Credit card,DSL,Yes,Yes,No internet service,No,0,No,No,Yes,Yes,0
1823,68,Male,1,22.57,7032.9,Month-to-month,Credit card,Fiber optic,Yes,No,No internet service,Yes,0,Yes,No,Yes,No,1
1824,20,Male,50,35.28,5745.21,One year,Credit card,No,No internet service,Yes,Yes,Yes,0,Yes,No,Yes,No phone service,0
1825,57,Female,11,129.77,4241.47,One year,Mailed check,DSL,Yes,No internet service,Yes,No,0,No,No,Yes,Yes,0
1826,51,Male,59,129.84,2255.25,Month-to-month,Mailed check,Fiber optic,No,No internet service,Yes,No,1,No,No,Yes,No,0
1827,57,Female,62,62.8,6850.49,One year,Electronic check,DSL,Yes,Yes,Yes,Yes,1,Yes,Yes,Yes,No,0
1828,44,Male,36,31.43,3896.57,One year,Credit card,No,No internet service,Yes,No,Yes,0,Yes,No,Yes,Yes,0
1829,30,Female,56,111.65,5003.59,Month-to-month,Electronic check,Fiber optic,No,No,Yes,Yes,0,No,Yes,Yes,No phone service,1
1830,62,Male,21,66.82,725.89,Month-to-month,Mailed check,DSL,No internet service,Yes,No internet service,No,0,No,No,No,No,0
1831,50,Female,13,25.91,4029.08,One year,Bank transfer,Fiber optic,No,No,Yes,No,0,Yes,No,Yes,No,0
1832,23,Female,9,40.52,5615.45,One year,Credit card,Fiber optic,No,No internet service,No,No,0,No,No,Yes,No phone service,0
1833,41,Female,11,37.84,4714.17,Two year,Credit card,Fiber optic,No,Yes,No,No,0,No,No,Yes,Yes,0
1834,36,Female,70,96.59,3643.58,Month-to-month,Credit card,DSL,No internet service,No internet service,No,No,1,No,Yes,Yes,Yes,0
1835,33,Female,1,136.76,1865.08,One year,Credit card,Fiber optic,No,Yes,Yes,Yes,0,Yes,No,No,Yes,0
1836,57,Female,70,123.1,2546.39,Month-to-month,Credit card,Fiber optic,No internet service,No internet service,No,Yes,0,Yes,No,Yes,Yes,0
1837,45,Male,56,91.05,5634.93,Two year,Mailed check,DSL,No,Yes,No,Yes,0,Yes,No,Yes,No phone service,0
1838,50,Female,31,74.88,1871.11,One year,Credit card,DSL,Yes,Yes,No,Yes,0,Yes,No,Yes,No,0
1839,65,Female,37,100.43,5011.64,One year,Credit card,No,Yes,No,Yes,Yes,0,No,No,Yes,Yes,0
1840,58,Female,47,77.7,4758.93,Month-to-month,Electronic check,DSL,No,No,No,Yes,0,No,No,Yes,No,0
1841,30,Male,47,51.99,7766.3,Month-to-month,Bank transfer,Fiber optic,No,Yes,No,Yes,0,Yes,Yes,Yes,No,0
1842,60,Male,69,108.3,580.18,One year,Credit card,Fiber optic,Yes,No,No internet service,No,0,Yes,Yes,Yes,No phone service,0
1843,62,Male,58,133.52,954.17,Month-to-month,Electronic check,DSL,Yes,Yes,No internet service,Yes,0,Yes,No,Yes,No,0
1844,42,Female,36,68.47,4098.06,Month-to-month,Mailed check,Fiber optic,No internet service,Yes,No internet service,No,0,No,No,Yes,Yes,0
1845,59,Male,32,129.4,4264.17,Month-to-month,Electronic check,Fiber optic,Yes,No internet service,No,Yes,1,Yes,Yes,Yes,No,0
1846,53,Male,64,76.04,415.43,Month-to-month,Credit card,Fiber optic,No internet service,No,No internet service,Yes,1,No,No,Yes,Yes,0
1847,44,Female,71,72.17,6624.26,One year,Electronic check,Fiber optic,No,No,Yes,No,0,Yes,No,Yes,Yes,0
1848,55,Female,42,23.68,4008.32,Month-to-month,Electronic check,No,No internet service,No internet service,No internet service,No,1,No,No,Yes,Yes,0
1849,24,Male,48,110.39,2838.49,Month-to-month,Mailed check,Fiber optic,No,Yes,Yes,Yes,0,No,No,Yes,No,1
1850,22,Female,30,124.98,2618.94,Month-to-month,Electronic check,DSL,No internet service,No,No internet service,Yes,0,No,No,Yes,No phone service,0
1851,60,Female,21,106.26,6905.12,Two year,Mailed check,DSL,No internet service,Yes,No internet service,Yes,0,Yes,No,Yes,No,0
1852,62,Female,60,39.68,1654.19,Two year,Mailed check,DSL,No internet service,No,No internet service,Yes,0,Yes,No,Yes,No phone service,0
1853,68,Female,13,33.43,1367.3,Month-to-month,Electronic check,No,No,No,Yes,Yes,1,Yes,No,Yes,No phone service,0
1854,48,Male,1,94.47,1784.11,One year,Credit card,No,No,Yes,Yes,No,0,Yes,No,No,No phone service,0
1855,40,Female,65,72.2,5037.68,Month-to-month,Bank transfer,DSL,No internet service,Yes,No internet service,No,0,Yes,No,Yes,No,0
1856,59,Male,33,75.78,6506.35,One year,Electronic check,Fiber optic,No,No,Yes,No,0,No,No,Yes,No phone service,0
1857,27,Male,38,145.81,2714.73,One year,Electronic check,DSL,No internet service,No internet service,No internet service,Yes,0,No,No,Yes,No phone service,0
1858,49,Male,25,114.11,1470.35,Month-to-month,Electronic check,No,No,No internet service,No,Yes,0,Yes,No,Yes,No phone service,1
1859,60,Male,26,73.53,1752.63,Month-to-month,Bank transfer,DSL,No internet service,No internet service,No,No,1,Yes,No,Yes,Yes,0
1860,47,Female,59,22.48,4991.55,One year,Bank transfer,Fiber optic,Yes,No internet service,No,No,0,No,No,Yes,No phone service,0
1861,56,Female,33,24.43,2043.68,Two year,Mailed check,DSL,Yes,No internet service,Yes,Yes,0,No,No,Yes,Yes,0
1862,48,Female,41,109.02,7030.51,Two year,Bank transfer,DSL,No internet service,Yes,No,Yes,0,Yes,No,Yes,No phone service,0
1863,35,Male,30,128.91,920.74,One year,Bank transfer,DSL,No,No,No internet service,Yes,0,Yes,No,Yes,No,0
1864,53,Male,57,112.0,355.71,Month-to-month,Electronic check,Fiber optic,No internet service,No internet service,No internet service,Yes,1,Yes,No,Yes,Yes,0
1865,19,Male,49,72.77,798.19,Month-to-month,Mailed check,Fiber optic,Yes,No,Yes,Yes,1,Yes,Yes,Yes,No phone service,0
1866,31,Female,48,24.05,6780.58,Two year,Credit card,DSL,Yes,Yes,No internet service,No,0,No,No,Yes,No,0
1867,30,Male,49,145.76,5244.71,Month-to-month,Mailed check,DSL,No internet service,No,No,No,0,Yes,No,Yes,Yes,1
1868,46,Female,47,148.22,7666.18,One year,Bank transfer,Fiber optic,Yes,Yes,No internet service,Yes,0,No,No,No,No,0
1869,29,Female,56,91.42,2756.74,Month-to-month,Bank transfer,No,No internet service,No,Yes,Yes,1,Yes,Yes,Yes,No phone service,0
1870,56,Female,65,29.19,1780.16,Month-to-month,Electronic check,Fiber optic,Yes,No,No internet service,Yes,0,No,Yes,Yes,No phone service,0
1871,19,Female,12,90.33,4539.6,Month-to-month,Credit card,Fiber optic,No,Yes,No internet service,Yes,0,Yes,Yes,Yes,No phone service,0
1872,49,Male,69,136.0,4348.84,Two year,Credit card,Fiber optic,No,No,No,Yes,0,Yes,No,Yes,No phone service,0
1873,30,Female,6,108.4,4769.09,Month-to-month,Credit card,Fiber optic,No,Yes,Yes,Yes,0,No,No,Yes,Yes,1
1874,63,Male,65,113.6,2845.52,One year,Bank transfer,Fiber optic,No internet service,No,No,Yes,0,No,No,Yes,Yes,0
1875,44,Female,25,31.05,146.59,Two year,Bank transfer,DSL,No internet service,No,No internet service,Yes,0,No,No,Yes,Yes,0
1876,66,Male,1,33.85,376.75,Two year,Mailed check,Fiber optic,No,No internet service,Yes,No,1,No,No,Yes,No phone service,0
1877,58,Male,32,36.56,5344.23,Month-to-month,Bank transfer,DSL,No,No,No internet service,Yes,1,Yes,No,Yes,No phone service,0
1878,34,Female,3,137.57,4233.74,One year,Credit card,DSL,No,No internet service,No internet service,No,0,No,No,Yes,No,0
1879,57,Female,49,88.36,6585.99,Two year,Credit card,DSL,Yes,No internet service,No,No,1,Yes,Yes,Yes,No,0
1880,48,Female,19,122.9,2473.24,Month-to-month,Credit card,DSL,No,Yes,No internet service,Yes,0,Yes,No,Yes,Yes,0
1881,51,Male,60,34.99,6542.23,One year,Electronic check,DSL,Yes,Yes,Yes,Yes,0,Yes,No,Yes,No phone service,0
1882,41,Female,29,140.59,3461.38,Month-to-month,Mailed check,Fiber optic,No,No,Yes,No,0,Yes,No,Yes,No phone service,1
1883,62,Female,50,126.75,863.92,Month-to-month,Mailed check,Fiber optic,No internet service,Yes,No,Yes,0,Yes,Yes,Yes,No,0
1884,52,Male,2,49.22,7825.5,Month-to-month,Bank transfer,No,No,No internet service,No,Yes,1,Yes,No,Yes,Yes,1
1885,65,Female,56,133.64,4144.29,One year,Electronic check,DSL,Yes,No,Yes,Yes,0,No,No,Yes,No phone service,0
1886,23,Male,17,54.25,5072.88,One year,Mailed check,DSL,No,Yes,No,No,1,Yes,No,Yes,No,0
1887,36,Female,60,46.69,5399.3,Month-to-month,Electronic check,No,Yes,Yes,No internet service,Yes,0,Yes,No,Yes,Yes,0
1888,47,Male,36,54.35,2963.06,Two year,Electronic check,Fiber optic,No,Yes,Yes,No,0,No,No,Yes,Yes,0
1889,24,Male,61,138.29,6005.47,Month-to-month,Bank transfer,Fiber optic,Yes,No internet service,No,Yes,0,Yes,No,Yes,Yes,0
1890,27,Female,17,139.03,6975.11,One year,Electronic check,Fiber optic,Yes,Yes,Yes,Yes,1,No,No,Yes,No,0
1891,58,Male,49,62.77,3158.78,Two year,Mailed check,Fiber optic,No,No,No internet service,No,0,Yes,No,Yes,No phone service,0
1892,49,Female,60,111.71,5290.31,Month-to-month,Bank transfer,DSL,No,No,No,No,0,Yes,No,Yes,No,1
1893,51,Female,20,107.85,6081.28,One year,Mailed check,No,No internet service,No,Yes,No,1,No,No,Yes,No phone service,0
1894,45,Male,50,124.85,1601.99,One year,Electronic check,DSL,No internet service,No internet service,No internet service,Yes,0,No,No,Yes,No phone service,0
1895,32,Female,3,58.55,2727.51,One year,Electronic check,DSL,No internet service,Yes,No,Yes,0,Yes,No,Yes,No phone service,0
1896,47,Male,43,86.32,959.49,Month-to-month,Credit card,Fiber optic,Yes,No,Yes,No,0,No,Yes,Yes,Yes,0
1897,54,Male,57,106.8,4857.45,Month-to-month,Bank transfer,Fiber optic,Yes,Yes,No internet service,No,0,Yes,Yes,Yes,No phone service,0
1898,46,Male,50,23.41,6427.41,One year,Bank transfer,No,No internet service,Yes,No internet service,Yes,1,No,No,Yes,Yes,0
1899,39,Male,68,68.98,4925.63,Month-to-month,Credit card,DSL,No internet service,No,No internet service,Yes,0,No,No,No,No,0
1900,21,Male,50,110.47,1520.29,Month-to-month,Mailed check,Fiber optic,No,No internet service,No internet service,Yes,0,Yes,No,Yes,No phone service,0
1901,37,Male,37,52.84,4416.31,Two year,Mailed check,Fiber optic,No internet service,No,No internet service,Yes,0,No,No,Yes,No,0
1902,49,Male,46,144.5,6695.98,Month-to-month,Electronic check,DSL,Yes,No,No,Yes,1,Yes,No,Yes,No,0
1903,53,Male,42,23.92,2491.53,Two year,Bank transfer,Fiber optic,No,No internet service,No internet service,No,1,Yes,No,Yes,No phone service,0
1904,67,Female,15,144.55,6677.95,Month-to-month,Electronic check,Fiber optic,No internet service,Yes,No,Yes,0,No,No,Yes,No phone service,0
1905,21,Female,33,48.18,6298.52,One year,Credit card,Fiber optic,No internet service,Yes,No,Yes,0,No,No,Yes,Yes,0
1906,44,Male,11,26.35,271.75,Two year,Electronic check,No,No internet service,No internet service,Yes,Yes,1,Yes,No,Yes,No phone service,0
1907,34,Female,20,58.02,1991.69,Two year,Mailed check,Fiber optic,No,No,Yes,No,0,No,Yes,Yes,Yes,0
1908,29,Female,24,122.22,4389.25,Month-to-month,Mailed check,No,No,No internet service,No,No,1,Yes,Yes,No,Yes,1
1909,39,Female,64,117.82,5769.18,Two year,Credit card,Fiber optic,No,No,No internet service,Yes,0,No,No,Yes,No phone service,0
1910,34,Female,65,47.15,7056.19,Month-to-month,Mailed check,Fiber optic,No internet service,No internet service,No internet service,Yes,0,No,No,Yes,No phone service,0
1911,27,Female,17,45.58,5164.23,Month-to-month,Credit card,No,No,Yes,No,No,0,No,No,Yes,No phone service,0
1912,18,Female,61,103.54,3104.72,One year,Bank transfer,DSL,No,No internet service,No internet service,Yes,0,No,No,Yes,Yes,0
1913,39,Male,15,79.55,1558.55,Two year,Credit card,No,No,No internet service,No,No,0,No,Yes,Yes,Yes,0
1914,43,Female,51,123.0,6104.28,Two year,Credit card,Fiber optic,No,No,Yes,No,0,Yes,No,Yes,Yes,0
1915,35,Female,27,23.14,1733.57,Month-to-month,Credit card,No,Yes,No,No internet service,No,0,Yes,No,Yes,Yes,0
1916,67,Female,61,99.35,5593.9,One year,Mailed check,Fiber optic,No internet service,No,No internet service,Yes,0,No,No,Yes,Yes,0
1917,31,Female,58,114.99,1531.57,Two year,Bank transfer,No,No,No internet service,No internet service,No,0,Yes,No,No,No phone service,0
1918,64,Male,31,149.14,819.33,Month-to-month,Electronic check,No,Yes,No internet service,Yes,Yes,1,Yes,No,Yes,Yes,0
1919,46,Male,12,108.24,2083.69,One year,Bank transfer,Fiber optic,Yes,No,No internet service,No,1,Yes,No,Yes,No phone service,0
1920,29,Male,46,50.14,2350.95,Month-to-month,Mailed check,Fiber optic,No internet service,Yes,No,No,0,Yes,No,Yes,Yes,0
1921,53,Male,31,34.06,5212.95,Month-to-month,Bank transfer,Fiber optic,No internet service,No,No internet service,No,0,Yes,No,Yes,Yes,0
1922,52,Female,32,103.32,1370.98,One year,Bank transfer,DSL,No,No internet service,No,No,1,No,No,No,No phone service,0
1923,69,Male,32,88.01,7449.42,Month-to-month,Credit card,DSL,No internet service,No internet service,No internet service,No,0,No,No,Yes,No,0
1924,29,Male,53,136.89,4479.46,Month-to-month,Credit card,Fiber optic,No internet service,No,No,Yes,0,No,No,Yes,No,0
1925,24,Male,61,114.46,3978.36,Month-to-month,Mailed check,Fiber optic,No internet service,No,Yes,No,0,Yes,Yes,Yes,Yes,0
1926,46,Male,46,86.27,3534.09,One year,Credit card,DSL,No internet service,No internet service,No internet service,No,1,Yes,No,Yes,No phone service,0
1927,28,Female,7,72.47,4576.15,Month-to-month,Mailed check,Fiber optic,No,No internet service,Yes,Yes,0,No,Yes,Yes,No,1
1928,50,Male,4,72.57,277.33,Month-to-month,Electronic check,DSL,Yes,Yes,Yes,Yes,0,No,No,Yes,No,0
1929,23,Female,52,49.42,7921.68,One year,Bank transfer,DSL,No internet service,No,No internet service,No,0,Yes,Yes,Yes,No phone service,0
1930,64,Male,31,22.25,4504.44,Month-to-month,Electronic check,DSL,Yes,No,No internet service,Yes,0,Yes,No,Yes,No,0
1931,32,Female,36,94.74,378.04,Two year,Electronic check,DSL,Yes,Yes,No,No,0,Yes,No,Yes,Yes,0
1932,49,Female,54,47.61,4760.82,Month-to-month,Bank transfer,DSL,Yes,No internet service,No internet service,No,0,Yes,No,Yes,Yes,0
1933,68,Male,54,47.08,3552.92,Month-to-month,Credit card,Fiber optic,No internet service,No internet service,No internet service,No,0,Yes,No,Yes,Yes,0
1934,28,Male,17,36.3,289.9,Month-to-month,Electronic check,DSL,No internet service,Yes,No,Yes,0,Yes,Yes,Yes,No,0
1935,40,Male,30,44.65,7402.99,Month-to-month,Bank transfer,No,No,No,No,No,0,No,Yes,Yes,No phone service,0
1936,43,Male,22,24.13,183.48,Two year,Electronic check,Fiber optic,No internet service,No internet service,No internet service,Yes,0,No,Yes,Yes,No phone service,0
1937,51,Female,43,107.65,4665.19,Month-to-month,Electronic check,DSL,No internet service,Yes,No internet service,No,0,No,No,Yes,Yes,0
1938,63,Female,27,72.18,7698.15,One year,Bank transfer,DSL,No internet service,Yes,No internet service,No,0,No,No,Yes,Yes,0
1939,51,Male,37,93.0,1977.08,Month-to-month,Credit card,Fiber optic,Yes,Yes,Yes,Yes,0,Yes,No,Yes,Yes,0
1940,46,Male,46,102.8,2108.01,One year,Mailed check,DSL,No,No internet service,Yes,No,0,Yes,No,Yes,Yes,0
1941,21,Female,35,146.42,103.34,Two year,Bank transfer,No,Yes,No internet service,No internet service,No,1,No,No,Yes,No,0
1942,34,Male,4,28.87,624.17,Month-to-month,Mailed check,Fiber optic,No,Yes,No,Yes,0,Yes,Yes,Yes,Yes,1
1943,52,Female,26,74.33,454.62,One year,Bank transfer,Fiber optic,No internet service,Yes,No internet service,Yes,0,No,Yes,Yes,No,0
1944,30,Male,19,51.97,6598.98,Two year,Bank transfer,No,No internet service,No internet service,No internet service,No,0,No,No,Yes,Yes,0
1945,58,Female,45,81.97,6710.23,One year,Mailed check,Fiber optic,Yes,No internet service,Yes,No,0,No,Yes,Yes,No phone service,0
1946,56,Female,26,139.66,5840.93,Month-to-month,Mailed check,No,Yes,No internet service,No internet service,Yes,1,No,No,Yes,No,0
1947,32,Female,22,114.12,2886.69,Month-to-month,Credit card,No,Yes,No internet service,No internet service,No,0,No,No,Yes,No phone service,0
1948,46,Female,58,106.05,6587.91,Month-to-month,Bank transfer,No,No,No internet service,Yes,No,0,Yes,No,Yes,No phone service,1
1949,46,Female,63,77.36,4364.22,Two year,Bank transfer,No,Yes,Yes,Yes,Yes,0,Yes,Yes,Yes,No phone service,0
1950,28,Male,28,107.24,2504.05,One year,Bank transfer,DSL,No internet service,No internet service,No,Yes,1,No,No,Yes,Yes,0
1951,69,Female,65,24.21,3554.49,Two year,Credit card,DSL,No,No internet service,No,No,0,No,No,Yes,No phone service,0
1952,49,Male,44,96.21,619.57,Month-to-month,Mailed check,Fiber optic,No,Yes,No,Yes,0,Yes,No,Yes,No phone service,0
1953,19,Female,43,91.99,7564.78,Month-to-month,Bank transfer,No,No internet service,Yes,No internet service,Yes,0,No,Yes,Yes,No phone service,0
1954,64,Female,37,65.06,4991.02,Month-to-month,Mailed check,Fiber optic,Yes,No,No,Yes,0,Yes,No,Yes,No,0
1955,31,Male,66,46.2,5876.75,Month-to-month,Credit card,DSL,Yes,No internet service,Yes,No,1,Yes,Yes,Yes,Yes,0
1956,37,Male,17,124.98,5445.01,Month-to-month,Electronic check,Fiber optic,No internet service,No,No,No,0,No,No,Yes,No phone service,0
1957,39,Male,40,27.0,5375.22,Month-to-month,Mailed check,Fiber optic,No internet service,No,No internet service,Yes,0,Yes,No,Yes,Yes,0
1958,28,Male,38,29.06,236.36,Two year,Credit card,Fiber optic,No internet service,Yes,No internet service,Yes,1,No,Yes,Yes,No,0
1959,44,Female,61,77.27,4250.43,Month-to-month,Electronic check,No,No internet service,Yes,No,No,1,Yes,Yes,Yes,Yes,0
1960,20,Male,9,52.83,6591.51,Month-to-month,Bank transfer,Fiber optic,No,No,No internet service,No,0,Yes,Yes,Yes,No phone service,1
1961,34,Female,61,116.91,451.7,Two year,Bank transfer,Fiber optic,No,No,No internet service,No,0,No,Yes,Yes,Yes,0
1962,61,Male,16,102.44,7653.71,Two year,Mailed check,Fiber optic,Yes,No,No internet service,No,1,Yes,Yes,No,Yes,0
1963,45,Male,2,120.43,3450.86,Month-to-month,Electronic check,Fiber optic,No,No,No,Yes,1,No,No,Yes,Yes,1
1964,46,Female,43,62.21,2390.17,Two year,Credit card,DSL,No,No internet service,No internet service,Yes,1,No,Yes,Yes,Yes,0
1965,38,Female,42,116.27,4301.39,Month-to-month,Bank transfer,Fiber optic,No,No,No,No,0,No,Yes,Yes,Yes,1
1966,64,Male,57,132.1,6429.59,Month-to-month,Bank transfer,DSL,No internet service,Yes,No,No,0,No,No,Yes,No,0
1967,33,Female,67,64.89,3850.56,Two year,Electronic check,Fiber optic,No,No,No internet service,Yes,0,No,No,Yes,No phone service,0
1968,54,Female,30,64.19,5196.33,One year,Credit card,Fiber optic,Yes,No,No,No,0,Yes,Yes,Yes,Yes,0
1969,37,Female,13,136.99,4049.32,Two year,Bank transfer,DSL,No,Yes,No,No,0,Yes,No,Yes,Yes,0
1970,23,Female,19,26.47,5087.05,Two year,Bank transfer,Fiber optic,No internet service,No,No internet service,Yes,0,Yes,No,Yes,No phone service,0
1971,36,Female,7,65.52,1190.44,Month-to-month,Mailed check,Fiber optic,No,Yes,No internet service,Yes,0,No,No,Yes,No phone service,1
1972,22,Female,9,35.43,405.44,One year,Credit card,DSL,Yes,No internet service,No,No,0,Yes,No,Yes,No phone service,0
1973,20,Female,54,23.77,1181.52,Month-to-month,Bank transfer,DSL,No,No internet service,Yes,No,0,Yes,No,Yes,No phone service,0
1974,18,Female,61,34.67,2358.12,Month-to-month,Electronic check,Fiber optic,Yes,Yes,Yes,No,0,No,Yes,Yes,Yes,0
1975,55,Male,2,76.06,2101.51,Month-to-month,Bank transfer,Fiber optic,No internet service,No internet service,Yes,Yes,1,No,Yes,Yes,No phone service,1
1976,32,Female,50,109.3,4959.89,Month-to-month,Credit card,Fiber optic,Yes,No internet service,Yes,No,0,No,No,Yes,No,0
1977,51,Male,31,57.61,3701.53,Two year,Mailed check,Fiber optic,Yes,No internet service,No,Yes,0,No,No,Yes,Yes,0
1978,52,Female,33,130.46,406.61,Two year,Bank transfer,Fiber optic,No internet service,Yes,No internet service,No,0,Yes,Yes,Yes,No,0
1979,66,Female,11,76.89,375.44,One year,Electronic check,No,Yes,No,Yes,No,0,Yes,No,Yes,No phone service,0
1980,42,Female,33,145.87,815.65,Month-to-month,Bank transfer,DSL,No,No internet service,No internet service,Yes,0,Yes,No,Yes,No,1
1981,41,Female,7,144.04,2889.34,One year,Electronic check,No,No,No,Yes,Yes,1,Yes,No,Yes,Yes,1
1982,29,Male,31,120.53,148.85,One year,Credit card,Fiber optic,Yes,No,Yes,No,0,Yes,No,No,Yes,0
1983,35,Male,48,141.21,4002.5,Two year,Mailed check,Fiber optic,No,No internet service,Yes,Yes,0,No,No,Yes,Yes,0
1984,32,Female,47,111.92,2949.29,Month-to-month,Credit card,Fiber optic,No,No internet service,No internet service,No,0,Yes,Yes,No,Yes,1
1985,61,Male,53,136.43,4487.99,Month-to-month,Bank transfer,DSL,No internet service,No,No internet service,Yes,0,No,No,Yes,No,1
1986,33,Female,19,50.74,5794.52,Two year,Bank transfer,Fiber optic,Yes,No internet service,Yes,Yes,0,Yes,Yes,Yes,Yes,0
1987,44,Female,6,64.9,2082.69,Two year,Mailed check,DSL,No,Yes,No internet service,No,0,No,No,Yes,Yes,0
1988,25,Male,49,117.88,1340.96,Month-to-month,Electronic check,Fiber optic,Yes,Yes,Yes,Yes,1,Yes,No,No,Yes,0
1989,63,Male,50,75.19,2296.62,Month-to-month,Credit card,Fiber optic,Yes,No internet service,No,No,1,Yes,No,Yes,No phone service,0
1990,42,Female,12,128.85,113.93,Two year,Electronic check,Fiber optic,No,No,No internet service,Yes,0,No,Yes,Yes,No,0
1991,34,Female,23,134.09,1048.1,One year,Bank transfer,DSL,No internet service,No internet service,Yes,Yes,0,No,No,Yes,No phone service,0
1992,46,Male,54,58.96,6031.56,One year,Electronic check,No,No internet service,Yes,No,No,0,No,No,Yes,Yes,0
1993,25,Female,69,127.05,1860.17,Month-to-month,Credit card,No,Yes,No,No,No,0,No,No,Yes,No phone service,0
1994,32,Male,59,40.05,7954.97,Month-to-month,Electronic check,Fiber optic,No internet service,No internet service,Yes,Yes,0,Yes,No,Yes,Yes,0
1995,44,Female,36,63.45,1425.87,Month-to-month,Bank transfer,No,No,Yes,No,No,0,Yes,No,No,No phone service,0
1996,63,Female,3,87.34,6331.3,One year,Credit card,No,No,No,No,No,0,No,No,Yes,Yes,0
1997,67,Male,58,49.44,5669.85,Month-to-month,Electronic check,Fiber optic,No internet service,Yes,Yes,No,1,Yes,No,Yes,Yes,0
1998,69,Male,55,95.3,2644.84,Month-to-month,Electronic check,No,No internet service,No internet service,No,No,0,No,No,Yes,Yes,0
1999,24,Male,57,95.23,2712.84,Month-to-month,Credit card,Fiber optic,Yes,No internet service,No,Yes,0,Yes,No,Yes,No phone service,0
2000,20,Female,17,46.9,4552.06,Month-to-month,Bank transfer,Fiber optic,No internet service,Yes,Yes,No,0,No,Yes,No,Yes,0
2001,46,Female,39,123.43,6833.76,Month-to-month,Credit card,DSL,Yes,Yes,Yes,Yes,0,No,No,Yes,No phone service,0
2002,61,Female,68,102.11,3150.88,Month-to-month,Bank transfer,Fiber optic,No,Yes,No,No,0,Yes,No,Yes,Yes,1
2003,41,Female,55,61.31,583.32,Two year,Electronic check,No,No internet service,Yes,No internet service,No,0,Yes,No,Yes,No,0
2004,20,Male,45,50.18,3057.91,Month-to-month,Credit card,Fiber optic,Yes,Yes,Yes,No,0,Yes,No,Yes,Yes,0
2005,37,Female,1,134.24,1737.77,Month-to-month,Bank transfer,Fiber optic,Yes,No,No internet service,No,0,No,No,Yes,No,1
2006,63,Female,21,128.65,7519.74,Month-to-month,Credit card,No,Yes,No internet service,Yes,Yes,0,Yes,No,Yes,Yes,0
2007,32,Female,21,49.87,5608.47,Two year,Electronic check,No,Yes,No,No internet service,No,0,Yes,Yes,Yes,Yes,0
2008,42,Male,52,24.63,501.58,Month-to-month,Credit card,DSL,No,Yes,Yes,No,0,No,No,Yes,Yes,0
2009,47,Female,43,124.59,2414.61,Month-to-month,Electronic check,No,No internet service,No,No,Yes,0,Yes,No,Yes,Yes,1
2010,31,Female,52,100.02,496.71,Month-to-month,Electronic check,DSL,Yes,No internet service,No,No,0,No,No,Yes,Yes,0
2011,24,Male,67,33.11,6657.13,One year,Electronic check,Fiber optic,No internet service,Yes,No internet service,No,0,Yes,No,Yes,No phone service,0
2012,34,Female,44,96.36,7259.74,One year,Bank transfer,DSL,No internet service,Yes,No internet service,No,0,No,Yes,Yes,No phone service,0
2013,61,Female,32,78.78,987.01,Month-to-month,Bank transfer,DSL,No,No internet service,Yes,No,0,No,No,No,No phone service,0
2014,37,Male,10,120.69,3578.29,Month-to-month,Mailed check,DSL,No internet service,No,Yes,Yes,0,Yes,No,Yes,No,1
2015,53,Female,64,47.18,7461.88,Month-to-month,Bank transfer,Fiber optic,No,No internet service,No internet service,Yes,0,Yes,Yes,Yes,Yes,0
2016,26,Female,69,78.91,1247.17,One year,Mailed check,Fiber optic,No,No internet service,No internet service,Yes,0,Yes,No,Yes,Yes,0
2017,55,Female,68,40.31,2406.04,One year,Credit card,DSL,Yes,No,No,Yes,0,No,No,Yes,Yes,0
2018,65,Male,28,144.48,2503.77,Month-to-month,Electronic check,No,No,No,No internet service,No,1,Yes,No,Yes,No,1
2019,39,Female,53,121.24,337.46,One year,Bank transfer,No,Yes,Yes,No,No,0,No,No,Yes,No,0
2020,19,Female,51,115.77,386.56,Month-to-month,Electronic check,Fiber optic,No,Yes,No internet service,Yes,0,Yes,Yes,Yes,No,1
2021,41,Male,53,109.73,7627.06,One year,Mailed check,Fiber optic,No,Yes,No,No,0,No,No,Yes,No,0
2022,25,Male,4,75.03,4611.63,One year,Bank transfer,Fiber optic,No internet service,No internet service,No,No,0,Yes,No,Yes,No phone service,0
2023,28,Female,17,140.03,2522.52,Two year,Bank transfer,DSL,Yes,No,No,Yes,1,Yes,Yes,Yes,No,0
2024,30,Female,67,29.48,3091.53,Month-to-month,Bank transfer,DSL,No internet service,No,Yes,Yes,1,Yes,No,No,No,0
2025,34,Female,47,124.42,5747.26,One year,Bank transfer,No,No,Yes,No,Yes,0,No,No,Yes,No,0
2026,25,Female,56,47.98,2995.49,Month-to-month,Electronic check,DSL,Yes,No internet service,No internet service,No,0,No,No,Yes,No,0
2027,38,Male,23,62.12,1899.31,Month-to-month,Bank transfer,No,No,No internet service,No internet service,No,0,No,No,Yes,No phone service,0
2028,35,Female,18,87.53,904.51,Month-to-month,Mailed check,DSL,No,No,No internet service,No,0,No,No,Yes,Yes,0
2029,47,Male,1,121.75,5858.57,Month-to-month,Bank transfer,DSL,No internet service,No,Yes,No,0,Yes,No,Yes,No,1
2030,35,Male,35,129.01,1526.46,Month-to-month,Mailed check,DSL,Yes,No,No,No,1,No,No,Yes,No phone service,1
2031,63,Female,64,95.89,650.22,Two year,Mailed check,Fiber optic,Yes,No,Yes,No,0,Yes,No,Yes,No phone service,0
2032,64,Female,58,72.39,3472.94,One year,Electronic check,Fiber optic,Yes,No internet service,No,Yes,0,Yes,No,Yes,No phone service,0
2033,48,Male,59,143.05,412.61,Month-to-month,Bank transfer,DSL,No,Yes,No internet service,Yes,0,No,No,Yes,Yes,0
2034,55,Male,1,52.05,7723.48,Month-to-month,Mailed check,Fiber optic,Yes,No,No,Yes,0,Yes,No,Yes,No,1
2035,49,Female,3,124.4,5055.61,Month-to-month,Bank transfer,No,No,No,Yes,Yes,0,Yes,No,Yes,Yes,1
2036,28,Male,67,99.57,1306.3,Month-to-month,Electronic check,Fiber optic,No,No,Yes,No,0,Yes,No,No,No phone service,0
2037,62,Female,37,69.0,1462.39,Month-to-month,Electronic check,DSL,No,No internet service,Yes,Yes,1,Yes,Yes,Yes,Yes,0
2038,42,Female,29,20.18,4601.64,Month-to-month,Bank transfer,DSL,Yes,Yes,Yes,Yes,0,Yes,No,Yes,No phone service,0
2039,50,Male,33,78.06,2916.87,Two year,Mailed check,Fiber optic,No internet service,No internet service,No internet service,Yes,0,No,No,Yes,No phone service,0
2040,55,Male,61,55.97,6216.71,One year,Credit card,Fiber optic,No,Yes,Yes,Yes,0,No,Yes,Yes,No,0
2041,58,Female,4,33.57,4411.87,One year,Credit card,No,No internet service,No internet service,Yes,No,0,No,No,Yes,No phone service,0
2042,25,Male,14,29.77,3523.34,Two year,Electronic check,Fiber optic,Yes,No,Yes,Yes,0,Yes,No,Yes,Yes,0
2043,28,Female,33,65.18,7707.54,Month-to-month,Mailed check,DSL,Yes,No,No internet service,No,1,Yes,No,Yes,Yes,0
2044,39,Female,22,99.92,3186.76,Month-to-month,Credit card,Fiber optic,Yes,Yes,No,Yes,0,No,No,Yes,No phone service,0
2045,68,Female,48,128.88,3264.83,Month-to-month,Mailed check,Fiber optic,Yes,No internet service,No internet service,No,0,Yes,Yes,Yes,No,0
2046,41,Male,3,43.86,5359.6,One year,Bank transfer,Fiber optic,Yes,Yes,No internet service,Yes,0,No,No,No,Yes,0
2047,58,Female,23,75.2,6494.88,Month-to-month,Electronic check,No,No internet service,No internet service,No internet service,No,0,Yes,No,Yes,No,0
2048,34,Female,68,70.95,5047.1,Month-to-month,Bank transfer,Fiber optic,Yes,No,No,No,0,Yes,No,Yes,No,0
2049,29,Female,21,86.74,5619.02,Two year,Bank transfer,Fiber optic,Yes,Yes,Yes,No,0,No,No,Yes,No,0
2050,63,Female,43,125.25,3046.16,Month-to-month,Bank transfer,DSL,Yes,Yes,No internet service,Yes,0,Yes,No,Yes,No,0
2051,49,Female,26,91.97,3888.03,One year,Mailed check,DSL,Yes,No,Yes,Yes,0,Yes,Yes,Yes,No phone service,0
2052,32,Female,41,130.07,1656.58,Two year,Credit card,Fiber optic,Yes,No,Yes,Yes,0,No,No,Yes,No phone service,0
2053,33,Female,38,87.41,5473.95,Month-to-month,Bank transfer,Fiber optic,No,No,No,No,0,No,No,No,No phone service,0
2054,39,Female,11,98.5,1849.47,Two year,Electronic check,DSL,No,No,No,No,1,No,Yes,No,No,0
2055,45,Female,29,76.86,109.93,One year,Mailed check,DSL,No internet service,No,No internet service,No,0,No,No,Yes,Yes,0
2056,37,Female,60,127.0,7476.72,Two year,Credit card,Fiber optic,Yes,No,No,Yes,0,No,No,Yes,Yes,0
2057,50,Female,67,140.1,2517.52,Month-to-month,Bank transfer,No,No internet service,No internet service,No,Yes,0,No,No,Yes,No phone service,0
2058,27,Male,65,103.09,1653.39,Two year,Electronic check,DSL,No internet service,No internet service,No,No,1,Yes,Yes,Yes,Yes,0
2059,57,Female,61,126.7,2218.36,Month-to-month,Bank transfer,Fiber optic,Yes,Yes,Yes,Yes,1,Yes,Yes,Yes,No phone service,0
2060,49,Female,19,27.67,2710.54,One year,Credit card,DSL,Yes,No internet service,No,No,0,No,No,Yes,No,0
2061,67,Female,46,137.79,3848.92,Month-to-month,Credit card,Fiber optic,No,Yes,No internet service,Yes,0,Yes,No,Yes,No phone service,1
2062,50,Male,49,44.56,647.88,Month-to-month,Bank transfer,Fiber optic,Yes,No internet service,No,No,0,Yes,No,Yes,Yes,0
2063,19,Female,22,53.35,516.12,Month-to-month,Bank transfer,DSL,No,No internet service,No internet service,No,0,No,No,No,No phone service,0
2064,50,Male,57,26.93,2414.0,Month-to-month,Mailed check,Fiber optic,No internet service,No,No internet service,No,0,Yes,Yes,Yes,No phone service,0
2065,50,Female,14,145.5,2436.55,Month-to-month,Credit card,DSL,No internet service,No internet service,No,Yes,0,Yes,No,No,Yes,0
2066,58,Female,44,130.76,1029.41,Month-to-month,Credit card,DSL,No,No internet service,Yes,Yes,0,Yes,No,Yes,No phone service,1
2067,30,Male,16,138.71,3297.85,Month-to-month,Bank transfer,Fiber optic,No,No internet service,No internet service,No,0,No,No,Yes,No phone service,0
2068,47,Female,12,130.14,2343.83,Month-to-month,Electronic check,Fiber optic,Yes,No,No internet service,Yes,0,Yes,No,Yes,Yes,1
2069,50,Male,55,82.34,305.84,Month-to-month,Bank transfer,Fiber optic,No,No,No internet service,Yes,0,No,No,Yes,No phone service,0
2070,30,Male,51,140.13,7097.19,Month-to-month,Bank transfer,DSL,No,No internet service,No,No,0,No,Yes,Yes,No,1
2071,69,Female,39,146.03,7099.55,Two year,Credit card,Fiber optic,Yes,Yes,No internet service,Yes,0,Yes,No,Yes,No phone service,0
2072,43,Female,33,85.33,1752.54,One year,Mailed check,DSL,No internet service,No internet service,No,Yes,0,Yes,No,Yes,Yes,0
2073,39,Female,33,42.83,1386.69,Month-to-month,Bank transfer,DSL,No,No,No internet service,Yes,0,No,No,Yes,No,0
2074,56,Female,29,105.62,4423.61,One year,Electronic check,Fiber optic,Yes,No,Yes,Yes,0,No,No,No,No,0
2075,19,Male,69,146.81,5082.95,One year,Electronic check,Fiber optic,Yes,Yes,No internet service,No,0,No,No,Yes,Yes,0
2076,55,Male,70,133.38,7664.59,Month-to-month,Bank transfer,No,No,No,No,Yes,0,Yes,Yes,No,Yes,1
2077,56,Female,31,132.04,3081.05,Month-to-month,Electronic check,Fiber optic,No internet service,No,No,Yes,1,No,No,No,No phone service,0
2078,43,Male,31,141.4,4983.78,Month-to-month,Electronic check,DSL,Yes,No internet service,No internet service,Yes,0,No,No,Yes,No,0
2079,63,Male,46,136.21,7037.63,Two year,Bank transfer,No,No,Yes,No,No,0,No,No,Yes,No,0
2080,67,Female,52,120.92,3654.63,Month-to-month,Electronic check,DSL,No internet service,No,Yes,No,0,No,Yes,Yes,No,0
2081,32,Male,10,113.38,1066.53,One year,Electronic check,DSL,No,No,No,No,1,No,No,Yes,Yes,1
2082,51,Male,41,54.42,3081.83,Month-to-month,Bank transfer,Fiber optic,Yes,No internet service,No internet service,Yes,1,Yes,No,Yes,No phone service,0
2083,59,Female,3,100.77,1178.88,One year,Credit card,No,Yes,No internet service,Yes,No,0,Yes,No,Yes,Yes,0
2084,61,Male,59,87.79,231.45,Month-to-month,Mailed check,Fiber optic,Yes,No internet service,No,Yes,0,Yes,No,Yes,No,0
2085,66,Female,52,132.05,6037.27,Month-to-month,Mailed check,Fiber optic,No,No internet service,No internet service,No,0,No,No,Yes,No phone service,1
2086,57,Male,34,83.92,1983.55,Month-to-month,Credit card,Fiber optic,Yes,Yes,No,No,0,No,Yes,Yes,No phone service,0
2087,28,Female,49,36.61,115.86,Two year,Bank transfer,Fiber optic,No,No internet service,No internet service,Yes,0,Yes,No,Yes,Yes,0
2088,20,Male,28,20.65,6992.22,Month-to-month,Credit card,Fiber optic,No internet service,Yes,No,No,0,Yes,No,Yes,No,0
2089,23,Male,13,108.12,3605.93,Month-to-month,Mailed check,DSL,No internet service,No,No,No,0,Yes,Yes,Yes,No,0
2090,26,Female,69,91.49,1986.99,One year,Mailed check,DSL,No internet service,No,Yes,No,1,No,No,Yes,No,0
2091,23,Female,67,63.03,2176.04,One year,Mailed check,Fiber optic,No internet service,No internet service,Yes,No,0,No,No,Yes,No phone service,0
2092,26,Female,61,41.97,2000.25,Month-to-month,Mailed check,No,Yes,No internet service,No,No,0,Yes,No,Yes,No,0
2093,56,Female,60,80.67,1636.99,Month-to-month,Bank transfer,Fiber optic,Yes,No internet service,No internet service,Yes,0,Yes,No,Yes,Yes,0
2094,48,Male,71,33.04,6745.69,Month-to-month,Mailed check,Fiber optic,No,No,No internet service,Yes,0,No,Yes,Yes,No phone service,0
2095,49,Male,24,63.69,1445.62,Month-to-month,Mailed check,DSL,No internet service,No,No,No,0,No,No,Yes,Yes,0
2096,58,Male,63,69.3,4538.65,Two year,Bank transfer,DSL,No internet service,No,No,Yes,0,No,Yes,Yes,No phone service,0
2097,67,Female,61,80.53,710.83,Month-to-month,Credit card,No,No,Yes,Yes,Yes,0,Yes,No,Yes,Yes,0
2098,29,Male,23,80.66,7601.22,Two year,Bank transfer,DSL,No,No,No,No,1,Yes,No,Yes,No,0
2099,25,Male,30,53.41,4866.18,Month-to-month,Mailed check,Fiber optic,No,No internet service,No,No,0,No,No,Yes,No phone service,0
2100,25,Female,60,130.53,7234.9,Month-to-month,Electronic check,DSL,No,Yes,No internet service,Yes,1,Yes,No,No,Yes,0
2101,67,Female,18,66.22,3243.23,One year,Bank transfer,Fiber optic,No internet service,Yes,Yes,No,1,Yes,No,Yes,No phone service,0
2102,45,Male,56,49.85,6504.31,One year,Bank transfer,Fiber optic,Yes,Yes,Yes,Yes,0,No,Yes,Yes,No phone service,0
2103,37,Female,53,42.86,6843.87,Month-to-month,Credit card,Fiber optic,No internet service,No,No,Yes,0,No,No,Yes,No,0
2104,64,Male,7,61.94,5653.3,One year,Mailed check,Fiber optic,No,No,Yes,No,0,Yes,No,Yes,No phone service,0
2105,24,Male,69,28.78,834.28,One year,Electronic check,Fiber optic,Yes,No,No internet service,No,0,No,Yes,Yes,Yes,0
2106,28,Female,52,24.28,227.03,Month-to-month,Bank transfer,Fiber optic,No internet service,No,No,Yes,0,Yes,No,Yes,No phone service,0
2107,37,Male,4,98.67,1431.62,Month-to-month,Bank transfer,No,No,No internet service,No,Yes,0,Yes,Yes,Yes,Yes,1
2108,33,Female,34,100.49,1032.96,Month-to-month,Bank transfer,Fiber optic,Yes,Yes,No internet service,No,0,No,Yes,Yes,No,0
2109,21,Female,69,88.85,5828.59,One year,Electronic check,DSL,Yes,Yes,Yes,No,0,Yes,No,Yes,No phone service,0
2110,23,Male,33,119.1,4500.35,Month-to-month,Bank transfer,Fiber optic,No,Yes,Yes,No,0,Yes,No,Yes,Yes,0
2111,39,Male,69,25.09,4255.01,One year,Bank transfer,Fiber optic,Yes,Yes,No internet service,No,0,No,Yes,Yes,No phone service,0
2112,43,Male,38,141.68,2097.65,One year,Electronic check,No,No internet service,Yes,No internet service,No,0,No,Yes,Yes,No phone service,0
2113,20,Female,26,32.36,1321.4,One year,Bank transfer,DSL,No internet service,No internet service,No internet service,No,0,No,Yes,Yes,No,0
2114,58,Male,1,107.62,1731.73,One year,Electronic check,DSL,No internet service,No internet service,No internet service,Yes,1,No,No,No,No phone service,0
2115,59,Female,4,37.34,3262.19,Month-to-month,Credit card,No,Yes,Yes,Yes,Yes,0,Yes,No,Yes,No phone service,0
2116,31,Female,39,134.39,5947.13,Two year,Electronic check,No,Yes,Yes,Yes,No,0,Yes,No,Yes,No,0
2117,28,Male,54,86.39,2110.68,One year,Credit card,Fiber optic,No,No,No internet service,Yes,0,Yes,Yes,No,No phone service,0
2118,35,Female,33,30.7,5619.04,Month-to-month,Electronic check,DSL,No,Yes,No internet service,Yes,0,Yes,Yes,Yes,No,0
2119,29,Male,33,100.17,3982.94,One year,Mailed check,DSL,Yes,No internet service,No,Yes,0,Yes,Yes,Yes,No phone service,0
2120,40,Male,20,21.18,7094.98,One year,Bank transfer,DSL,No internet service,No,No,Yes,0,No,No,Yes,Yes,0
2121,29,Male,16,120.88,1940.03,Month-to-month,Credit card,Fiber optic,Yes,No internet service,Yes,Yes,0,No,No,Yes,Yes,0
2122,30,Male,21,104.58,3661.77,Month-to-month,Bank transfer,DSL,No internet service,No,No,Yes,0,No,No,Yes,Yes,0
2123,42,Male,45,47.64,863.65,Month-to-month,Bank transfer,No,No,No,No,Yes,0,Yes,No,Yes,No,0
2124,62,Male,62,68.72,2747.71,Two year,Electronic check,DSL,Yes,Yes,No,Yes,0,No,No,Yes,No,0
2125,68,Male,31,21.01,4104.36,One year,Mailed check,Fiber optic,Yes,No internet service,Yes,No,0,Yes,No,Yes,No,0
2126,36,Female,42,110.18,5888.65,Month-to-month,Electronic check,Fiber optic,Yes,No internet service,No,No,0,No,No,Yes,No,0
2127,63,Male,12,61.95,1664.81,One year,Bank transfer,Fiber optic,No internet service,Yes,No internet service,No,0,No,No,Yes,No,0
2128,53,Female,65,94.31,1822.93,Month-to-month,Electronic check,Fiber optic,No,No,Yes,No,0,No,No,Yes,No,0
2129,62,Female,3,144.37,5089.46,Month-to-month,Credit card,Fiber optic,No internet service,No,No,Yes,0,No,No,Yes,No phone service,1
2130,25,Female,9,58.93,3121.42,Month-to-month,Mailed check,No,No,No internet service,Yes,No,0,No,No,Yes,Yes,1
2131,46,Male,51,148.73,3908.55,One year,Bank transfer,Fiber optic,No internet service,Yes,No,No,0,Yes,No,Yes,No,0
2132,49,Female,16,102.25,6705.47,Two year,Electronic check,DSL,No,Yes,Yes,Yes,0,Yes,Yes,No,No phone service,0
2133,68,Female,3,51.47,4042.76,Two year,Credit card,DSL,No internet service,No internet service,No internet service,No,0,Yes,No,Yes,No phone service,0
2134,61,Male,24,76.78,5254.75,Month-to-month,Mailed check,No,Yes,No,No,No,0,Yes,No,Yes,No,0
2135,35,Male,13,116.26,5288.52,One year,Electronic check,Fiber optic,No internet service,No,No,Yes,0,Yes,No,Yes,Yes,0
2136,23,Female,2,78.04,6448.53,Two year,Electronic check,No,Yes,Yes,Yes,No,1,Yes,Yes,Yes,No,0
2137,35,Male,71,28.91,5141.3,Month-to-month,Bank transfer,Fiber optic,Yes,No,No internet service,No,0,No,No,Yes,Yes,0
2138,36,Male,21,41.92,612.0,One year,Credit card,DSL,Yes,No,No,Yes,0,No,No,Yes,Yes,0
2139,39,Male,19,122.87,2803.17,Two year,Mailed check,Fiber optic,No internet service,No,No internet service,Yes,0,No,No,Yes,No,0
2140,54,Male,47,104.29,7915.6,One year,Electronic check,Fiber optic,Yes,No internet service,No,No,0,Yes,No,Yes,Yes,0
2141,49,Female,22,94.08,1652.43,Month-to-month,Mailed check,Fiber optic,No internet service,Yes,No internet service,No,0,Yes,No,Yes,Yes,0
2142,58,Male,33,41.79,4735.16,Two year,Credit card,No,No,No internet service,No,No,0,Yes,No,Yes,Yes,0
2143,20,Male,32,128.91,6759.23,Two year,Bank transfer,Fiber optic,No internet service,No internet service,Yes,Yes,0,No,Yes,No,No,0
2144,45,Male,64,144.9,4733.81,One year,Bank transfer,DSL,No internet service,No,Yes,No,0,No,No,Yes,Yes,0
2145,27,Female,39,25.32,3040.94,Month-to-month,Bank transfer,Fiber optic,No internet service,Yes,No internet service,No,0,No,No,Yes,Yes,0
2146,68,Female,42,30.14,733.81,One year,Mailed check,Fiber optic,No,No,No,No,0,No,No,Yes,No phone service,0
2147,52,Male,9,135.01,2957.15,Month-to-month,Mailed check,Fiber optic,No,Yes,No,No,0,No,No,Yes,No,1
2148,46,Male,25,126.02,1538.33,Month-to-month,Electronic check,Fiber optic,No,No,No internet service,Yes,0,No,Yes,Yes,Yes,1
2149,32,Female,2,100.33,7690.82,One year,Credit card,Fiber optic,Yes,Yes,No,Yes,0,Yes,No,Yes,No,0
2150,50,Male,19,142.85,5748.75,Two year,Credit card,Fiber optic,No internet service,Yes,Yes,No,0,Yes,No,Yes,No,0
2151,24,Male,20,104.04,6020.13,Two year,Credit card,Fiber optic,No internet service,No,No,No,0,No,Yes,Yes,No phone service,0
2152,29,Female,70,48.08,3544.16,One year,Mailed check,Fiber optic,Yes,No,Yes,Yes,0,No,Yes,Yes,No phone service,0
2153,66,Male,17,114.72,968.72,Month-to-month,Bank transfer,DSL,Yes,No internet service,No internet service,Yes,0,Yes,Yes,Yes,Yes,0
2154,47,Male,68,103.94,2207.06,Month-to-month,Credit card,Fiber optic,No internet service,No internet service,No,Yes,0,No,No,Yes,Yes,0
2155,38,Female,3,148.15,2151.72,Two year,Electronic check,Fiber optic,Yes,Yes,No internet service,Yes,0,Yes,Yes,Yes,Yes,0
2156,48,Female,51,47.81,3945.56,One year,Mailed check,DSL,Yes,No,Yes,No,0,No,Yes,Yes,No,0
2157,41,Male,26,97.73,3741.74,Two year,Bank transfer,No,No,No,No internet service,Yes,0,No,No,Yes,No phone service,0
2158,37,Female,56,121.42,3523.92,Month-to-month,Credit card,Fiber optic,Yes,No internet service,No internet service,Yes,0,No,Yes,Yes,No phone service,0
2159,54,Male,64,64.07,4018.22,One year,Bank transfer,DSL,Yes,No,No,No,0,No,No,Yes,Yes,0
2160,21,Male,8,69.36,7897.48,Two year,Electronic check,Fiber optic,No internet service,Yes,No internet service,No,0,Yes,No,Yes,No phone service,0
2161,45,Male,37,135.43,2456.99,Month-to-month,Credit card,DSL,Yes,Yes,No internet service,No,1,Yes,No,Yes,No,0
2162,61,Female,27,72.55,4960.63,Month-to-month,Credit card,Fiber optic,Yes,Yes,No,No,0,No,Yes,Yes,Yes,0
2163,37,Female,45,101.22,1992.11,Month-to-month,Bank transfer,Fiber optic,Yes,No internet service,No internet service,No,0,Yes,No,Yes,No phone service,0
2164,41,Male,4,135.6,3786.19,Two year,Mailed check,DSL,No,Yes,Yes,No,0,No,No,Yes,Yes,0
2165,67,Male,37,47.28,1680.39,One year,Bank transfer,No,No internet service,No internet service,No,No,0,Yes,Yes,Yes,No,0
2166,66,Female,71,147.64,4509.72,One year,Electronic check,DSL,No,No internet service,Yes,Yes,0,Yes,No,Yes,No,0
2167,68,Female,33,111.25,2193.59,Month-to-month,Bank transfer,Fiber optic,Yes,Yes,No,Yes,0,No,No,Yes,Yes,0
2168,49,Female,31,84.5,390.63,One year,Bank transfer,No,No internet service,No internet service,No internet service,No,0,Yes,No,Yes,Yes,0
2169,58,Male,55,76.02,6540.64,One year,Credit card,Fiber optic,No internet service,No internet service,Yes,Yes,1,No,No,Yes,No phone service,0
2170,53,Female,12,144.07,1113.22,Month-to-month,Mailed check,No,Yes,Yes,Yes,Yes,0,Yes,No,Yes,No,0
2171,51,Female,11,46.74,3007.51,Two year,Mailed check,No,No,Yes,Yes,No,0,No,Yes,Yes,No,0
2172,53,Male,32,60.52,3869.7,Month-to-month,Mailed check,No,Yes,No internet service,No internet service,Yes,0,Yes,No,Yes,Yes,0
2173,19,Male,57,60.01,3516.59,Month-to-month,Mailed check,Fiber optic,No,No internet service,Yes,Yes,0,No,No,Yes,No phone service,0
2174,32,Male,38,57.57,5832.76,Month-to-month,Bank transfer,Fiber optic,Yes,No,Yes,Yes,0,Yes,No,Yes,Yes,0
2175,51,Female,60,80.91,4814.54,Month-to-month,Credit card,No,No internet service,Yes,No internet service,Yes,1,No,Yes,Yes,Yes,0
2176,53,Male,19,148.59,2433.43,One year,Credit card,No,No internet service,No,No internet service,No,0,No,No,No,Yes,0
2177,23,Male,56,135.54,508.45,Month-to-month,Mailed check,No,No,No internet service,No internet service,Yes,0,Yes,No,Yes,No,1
2178,56,Male,14,62.63,6164.0,Two year,Bank transfer,No,Yes,No,Yes,Yes,0,Yes,No,Yes,Yes,0
2179,59,Male,33,74.97,2884.96,Month-to-month,Mailed check,Fiber optic,No,No internet service,Yes,No,0,Yes,Yes,Yes,Yes,0
2180,68,Female,10,107.03,7128.83,Month-to-month,Mailed check,DSL,No internet service,No,Yes,Yes,0,No,No,Yes,No phone service,1
2181,68,Male,64,22.23,3220.95,One year,Credit card,DSL,No internet service,No internet service,No,No,0,No,No,Yes,Yes,0
2182,29,Female,64,126.62,5769.5,One year,Credit card,DSL,No,No internet service,Yes,Yes,0,Yes,Yes,Yes,No phone service,0
2183,20,Female,62,134.37,7522.56,Month-to-month,Mailed check,DSL,No,No internet service,Yes,Yes,1,Yes,No,Yes,Yes,1
2184,62,Female,68,131.44,5244.1,Two year,Bank transfer,DSL,No,Yes,No,No,0,Yes,No,No,No,0
2185,35,Male,43,68.76,3366.56,One year,Mailed check,DSL,No,No internet service,No,No,1,No,No,No,Yes,0
2186,57,Female,59,80.06,4582.45,Month-to-month,Credit card,DSL,No,Yes,Yes,No,0,Yes,No,Yes,No,0
2187,38,Male,52,21.61,4393.22,Month-to-month,Credit card,No,Yes,No internet service,No,Yes,0,No,No,Yes,Yes,0
2188,32,Male,19,71.92,4720.08,Month-to-month,Bank transfer,DSL,No,No,Yes,No,0,No,No,Yes,No,0
2189,50,Male,21,79.86,1259.88,Two year,Mailed check,DSL,No,No internet service,No internet service,No,0,No,Yes,Yes,No,0
2190,52,Female,22,137.91,5618.23,Month-to-month,Mailed check,Fiber optic,No internet service,No internet service,No internet service,Yes,0,No,No,Yes,Yes,0
2191,43,Male,9,136.22,1245.84,Month-to-month,Electronic check,No,No internet service,No,No internet service,No,0,No,Yes,Yes,No phone service,1
2192,25,Male,9,145.59,215.47,Month-to-month,Mailed check,DSL,Yes,No internet service,No internet service,Yes,0,No,No,Yes,No,1
2193,53,Male,27,135.06,5035.76,Month-to-month,Bank transfer,DSL,No,No internet service,No,Yes,0,No,No,Yes,No,0
2194,65,Female,17,21.07,1023.62,One year,Credit card,DSL,No,No internet service,Yes,No,0,No,Yes,Yes,Yes,0
2195,47,Female,44,103.39,6186.25,One year,Electronic check,Fiber optic,No internet service,No,No,No,1,No,No,Yes,No phone service,0
2196,40,Female,45,28.87,6941.13,Month-to-month,Bank transfer,DSL,No internet service,No internet service,No internet service,Yes,0,Yes,No,No,No,0
2197,59,Male,8,55.44,7563.42,Month-to-month,Bank transfer,Fiber optic,No internet service,Yes,No internet service,No,1,Yes,Yes,Yes,Yes,1
2198,61,Female,18,95.18,5349.37,Month-to-month,Electronic check,No,No,Yes,Yes,Yes,1,No,Yes,Yes,No,0
2199,31,Male,33,111.08,3907.92,One year,Mailed check,Fiber optic,No,Yes,No,No,0,Yes,Yes,Yes,Yes,0
2200,31,Male,1,105.1,2883.02,Two year,Electronic check,Fiber optic,Yes,Yes,No internet service,No,0,Yes,No,Yes,Yes,0
2201,19,Female,6,26.38,3978.31,Month-to-month,Bank transfer,DSL,No internet service,No,No,Yes,0,Yes,Yes,Yes,No phone service,1
2202,54,Male,41,33.47,1603.78,Month-to-month,Mailed check,Fiber optic,No internet service,No internet service,Yes,Yes,0,No,Yes,Yes,Yes,0
2203,22,Female,55,36.72,2852.54,Month-to-month,Credit card,Fiber optic,No internet service,Yes,Yes,No,0,No,Yes,Yes,No phone service,0
2204,55,Male,5,31.88,5771.65,Two year,Electronic check,Fiber optic,No internet service,No internet service,No,Yes,0,Yes,No,Yes,Yes,0
2205,62,Female,59,43.17,1817.64,One year,Bank transfer,No,No internet service,No internet service,Yes,No,0,No,No,Yes,Yes,0
2206,58,Male,18,109.5,2186.13,Month-to-month,Mailed check,DSL,No,No,No,No,1,No,Yes,Yes,No,1
2207,64,Male,49,128.01,6019.69,Month-to-month,Bank transfer,No,No,No internet service,No,Yes,0,No,Yes,Yes,No phone service,1
2208,31,Male,65,73.15,1504.9,Month-to-month,Mailed check,No,No internet service,Yes,No,Yes,1,No,No,Yes,No,0
2209,56,Male,54,110.06,2042.51,One year,Mailed check,DSL,No internet service,Yes,No internet service,Yes,0,Yes,No,Yes,No phone service,0
2210,42,Male,61,46.0,238.63,Month-to-month,Electronic check,DSL,No,No,No internet service,No,0,Yes,Yes,Yes,No phone service,0
2211,37,Female,8,146.53,5788.41,Month-to-month,Credit card,DSL,No,Yes,No,No,0,Yes,No,Yes,No,1
2212,19,Male,3,65.5,4981.44,One year,Mailed check,Fiber optic,Yes,Yes,Yes,Yes,0,Yes,Yes,Yes,No phone service,0
2213,56,Female,25,129.96,5585.65,Month-to-month,Bank transfer,DSL,No,No,Yes,Yes,0,No,No,Yes,No phone service,1
2214,23,Female,69,142.9,1793.19,One year,Mailed check,DSL,Yes,No,No internet service,No,0,No,No,Yes,No,0
2215,34,Female,55,132.41,5530.27,Month-to-month,Credit card,No,No internet service,Yes,No,No,0,No,Yes,Yes,No phone service,0
2216,42,Male,40,28.72,4811.38,One year,Bank transfer,DSL,No internet service,No,No internet service,Yes,1,No,No,Yes,No,0
2217,45,Male,50,104.54,2992.37,Month-to-month,Mailed check,Fiber optic,No internet service,No,No,Yes,0,No,Yes,Yes,Yes,0
2218,19,Male,33,35.61,3558.82,Two year,Mailed check,Fiber optic,No,Yes,Yes,No,0,No,No,Yes,No,0
2219,52,Female,18,20.74,4586.57,Month-to-month,Electronic check,No,No,Yes,Yes,No,0,No,No,Yes,No phone service,0
2220,54,Male,57,26.73,3997.01,Month-to-month,Credit card,DSL,No internet service,No,No internet service,Yes,0,No,No,Yes,Yes,0
2221,22,Male,16,139.1,5170.44,Two year,Mailed check,DSL,No internet service,No internet service,Yes,No,0,No,No,Yes,Yes,0
2222,18,Female,38,138.1,1529.74,Two year,Credit card,Fiber optic,Yes,No internet service,No,No,1,No,Yes,Yes,Yes,0
2223,57,Female,41,49.36,4371.61,Month-to-month,Mailed check,Fiber optic,No,Yes,Yes,No,0,Yes,No,Yes,No,0
2224,29,Female,7,91.12,3657.21,Two year,Bank transfer,No,No,Yes,Yes,Yes,0,Yes,Yes,Yes,No,0
2225,53,Female,53,144.15,3742.06,Month-to-month,Credit card,DSL,Yes,No internet service,No internet service,No,0,No,No,Yes,Yes,0
2226,62,Female,63,84.57,3808.12,One year,Bank transfer,Fiber optic,No internet service,No,No,Yes,0,No,No,No,No phone service,0
2227,40,Female,32,71.17,7063.63,Month-to-month,Credit card,Fiber optic,No internet service,No internet service,No internet service,No,0,No,Yes,Yes,No phone service,0
2228,64,Male,38,82.82,6567.16,Month-to-month,Bank transfer,No,No,No internet service,No internet service,No,0,Yes,No,Yes,Yes,0
2229,48,Female,22,122.73,5073.6,Month-to-month,Mailed check,Fiber optic,No,Yes,Yes,Yes,0,No,No,Yes,No phone service,1
2230,28,Male,16,82.05,5760.25,One year,Bank transfer,Fiber optic,No internet service,No,No,Yes,0,Yes,Yes,Yes,No phone service,0
2231,27,Male,52,121.83,438.14,One year,Bank transfer,DSL,Yes,No internet service,No,No,0,No,Yes,Yes,No,0
2232,20,Male,29,76.12,5977.53,Month-to-month,Mailed check,DSL,Yes,No,No internet service,Yes,0,Yes,No,Yes,No phone service,0
2233,31,Female,16,52.76,3940.7,Two year,Credit card,Fiber optic,Yes,Yes,No internet service,Yes,1,No,No,Yes,No,0
2234,33,Male,17,62.44,2610.21,Month-to-month,Bank transfer,DSL,No,No internet service,Yes,Yes,0,Yes,No,Yes,Yes,0
2235,27,Female,64,30.12,1204.24,Month-to-month,Electronic check,Fiber optic,Yes,Yes,No,No,0,No,No,Yes,No phone service,0
2236,46,Female,13,84.66,694.15,One year,Electronic check,DSL,No,No internet service,No,Yes,0,Yes,No,Yes,No phone service,0
2237,27,Male,56,39.25,454.6,Month-to-month,Bank transfer,No,No,No,Yes,No,0,No,Yes,Yes,No,0
2238,29,Female,5,125.5,1378.19,Month-to-month,Bank transfer,DSL,No internet service,Yes,No internet service,Yes,0,No,No,Yes,No,1
2239,47,Male,12,74.68,338.14,Month-to-month,Bank transfer,Fiber optic,No internet service,No,No,Yes,0,No,No,Yes,Yes,0
2240,58,Male,41,119.45,5887.87,Month-to-month,Credit card,Fiber optic,Yes,No internet service,Yes,No,0,Yes,No,Yes,Yes,0
2241,18,Female,3,144.08,2064.05,Two year,Mailed check,DSL,Yes,Yes,No internet service,No,0,Yes,Yes,Yes,No phone service,0
2242,22,Male,33,130.43,3013.05,Month-to-month,Electronic check,DSL,No,No,Yes,Yes,0,Yes,Yes,Yes,No,1
2243,37,Male,50,143.69,6599.46,Month-to-month,Electronic check,No,No internet service,No,No,No,0,Yes,No,No,No,1
2244,25,Male,56,93.83,1005.79,Month-to-month,Credit card,DSL,No internet service,No internet service,No internet service,No,1,No,No,Yes,No phone service,0
2245,60,Female,9,41.49,6701.19,Month-to-month,Bank transfer,DSL,No,Yes,Yes,Yes,0,No,No,Yes,No,1
2246,29,Male,50,141.6,5152.37,Month-to-month,Bank transfer,Fiber optic,Yes,No,Yes,Yes,0,No,No,No,No,0
2247,18,Female,29,132.91,2802.03,One year,Mailed check,Fiber optic,Yes,Yes,Yes,No,0,Yes,Yes,Yes,No,0
2248,37,Female,39,132.37,1030.68,One year,Mailed check,DSL,No,Yes,No,Yes,0,No,No,Yes,No,0
2249,45,Male,45,110.13,822.79,Two year,Electronic check,No,No internet service,Yes,No,No,0,Yes,No,Yes,No phone service,0
2250,60,Male,17,101.24,2750.56,Month-to-month,Mailed check,No,No,Yes,No,No,0,Yes,Yes,Yes,Yes,1
2251,54,Female,56,21.91,1208.7,Month-to-month,Electronic check,No,No,No internet service,Yes,No,0,Yes,No,Yes,Yes,0
2252,64,Female,46,117.25,2214.91,Two year,Credit card,Fiber optic,Yes,No,No,Yes,0,No,Yes,Yes,No phone service,0
2253,54,Male,67,31.9,518.35,Month-to-month,Bank transfer,No,No internet service,Yes,Yes,No,0,Yes,Yes,Yes,Yes,0
2254,29,Male,69,53.77,4800.57,Two year,Bank transfer,Fiber optic,Yes,No,Yes,Yes,0,Yes,No,Yes,No,0
2255,54,Female,14,91.69,1247.68,Two year,Electronic check,No,Yes,No,Yes,No,0,Yes,Yes,Yes,No phone service,0
2256,66,Female,67,78.73,6078.19,Two year,Bank transfer,Fiber optic,No internet service,No,No internet service,No,0,Yes,No,No,Yes,0
2257,66,Female,23,22.05,1823.58,Month-to-month,Credit card,DSL,Yes,No internet service,Yes,No,0,Yes,Yes,Yes,No,0
2258,61,Female,61,127.12,6404.01,Month-to-month,Mailed check,No,No,Yes,No,Yes,0,No,No,Yes,Yes,0
2259,45,Female,23,134.24,1600.07,One year,Credit card,Fiber optic,No,Yes,Yes,Yes,0,Yes,No,Yes,No phone service,0
2260,64,Male,27,108.64,5798.8,One year,Bank transfer,No,No internet service,No,No,No,0,Yes,No,No,Yes,0
2261,32,Female,54,90.34,2731.29,Month-to-month,Credit card,DSL,No,No,No internet service,No,0,Yes,No,Yes,Yes,0
2262,23,Female,10,144.9,4706.65,One year,Bank transfer,No,No,No internet service,No internet service,Yes,0,Yes,No,Yes,Yes,0
2263,61,Male,16,35.59,405.43,Month-to-month,Electronic check,DSL,No,No internet service,Yes,No,0,No,No,Yes,No phone service,0
2264,37,Male,41,115.93,4012.43,Month-to-month,Mailed check,Fiber optic,No,No,No,Yes,0,Yes,No,No,No,1
2265,67,Female,55,36.69,1274.63,Two year,Mailed check,Fiber optic,Yes,Yes,No internet service,No,0,No,Yes,No,No phone service,0
2266,31,Female,61,69.64,3941.93,Month-to-month,Bank transfer,Fiber optic,No,No internet service,No internet service,No,1,Yes,No,Yes,Yes,0
2267,19,Male,49,96.11,1216.74,Month-to-month,Bank transfer,Fiber optic,No internet service,Yes,No internet service,Yes,0,Yes,No,Yes,No phone service,0
2268,26,Female,52,115.82,3553.0,Month-to-month,Mailed check,Fiber optic,Yes,No internet service,No,Yes,0,Yes,Yes,Yes,Yes,0
2269,54,Female,2,20.48,973.9,Month-to-month,Credit card,DSL,No,Yes,Yes,Yes,0,No,No,Yes,No,1
2270,37,Male,50,53.88,1837.62,Month-to-month,Credit card,Fiber optic,No,No,Yes,No,0,No,No,Yes,No,0
2271,43,Female,43,89.97,4801.12,Month-to-month,Credit card,DSL,No internet service,No internet service,No internet service,No,0,Yes,No,Yes,Yes,0
2272,46,Male,8,89.27,7815.62,Month-to-month,Mailed check,Fiber optic,Yes,No,Yes,Yes,0,No,No,Yes,No phone service,1
2273,18,Male,59,102.89,3648.56,Two year,Electronic check,DSL,No,No internet service,No internet service,No,1,No,No,Yes,Yes,0
2274,52,Male,65,59.5,5528.67,Two year,Bank transfer,Fiber optic,No internet service,No,No,No,0,No,No,Yes,No phone service,0
2275,23,Male,12,90.27,4361.45,Month-to-month,Bank transfer,No,Yes,No internet service,Yes,No,0,Yes,No,Yes,No phone service,0
2276,54,Female,4,44.67,4037.03,Month-to-month,Mailed check,DSL,Yes,No internet service,No,Yes,0,No,Yes,Yes,Yes,1
2277,22,Male,41,44.29,611.16,Month-to-month,Electronic check,Fiber optic,No,No internet service,Yes,Yes,0,No,No,Yes,No,0
2278,50,Female,7,94.95,1239.95,One year,Mailed check,DSL,No internet service,Yes,No,No,0,No,No,Yes,No,0
2279,66,Female,69,109.11,7076.16,One year,Credit card,DSL,No internet service,Yes,No,No,1,No,No,Yes,No phone service,0
2280,68,Female,69,35.65,3340.3,Two year,Credit card,Fiber optic,No,No internet service,Yes,No,0,No,No,No,Yes,0
2281,31,Female,30,35.96,4953.23,Month-to-month,Bank transfer,Fiber optic,No,No,No internet service,Yes,0,No,No,Yes,Yes,0
2282,29,Female,6,93.49,4273.04,One year,Bank transfer,Fiber optic,No,No,No internet service,Yes,1,Yes,No,Yes,Yes,0
2283,59,Male,19,55.11,3093.17,One year,Bank transfer,No,No internet service,No internet service,No,Yes,0,Yes,No,Yes,No,0
2284,37,Male,66,71.01,3163.75,Two year,Bank transfer,No,Yes,Yes,No,Yes,0,No,No,Yes,No,0
2285,67,Male,10,72.1,4488.17,One year,Credit card,No,No,Yes,No internet service,Yes,0,No,No,Yes,No phone service,0
2286,41,Male,16,43.21,1215.02,Month-to-month,Credit card,Fiber optic,No,Yes,Yes,No,0,Yes,No,Yes,No,0
2287,60,Female,37,20.17,3159.35,One year,Electronic check,Fiber optic,Yes,Yes,Yes,No,0,No,No,Yes,No,0
2288,51,Male,32,130.91,3631.11,Two year,Bank transfer,Fiber optic,Yes,No,No,Yes,0,Yes,No,No,Yes,0
2289,42,Female,47,112.95,7882.5,Month-to-month,Mailed check,Fiber optic,No internet service,No internet service,Yes,Yes,0,No,No,Yes,Yes,0
2290,67,Female,43,109.77,2876.49,Month-to-month,Electronic check,Fiber optic,No,No internet service,No,Yes,0,Yes,No,Yes,No,0
2291,46,Male,36,91.05,5192.17,Month-to-month,Electronic check,DSL,No internet service,No internet service,Yes,Yes,0,Yes,Yes,Yes,No phone service,0
2292,56,Male,26,111.13,1185.58,Month-to-month,Credit card,DSL,Yes,No,No,No,0,No,No,No,Yes,1
2293,48,Male,10,141.64,617.3,Month-to-month,Bank transfer,Fiber optic,No,Yes,Yes,No,1,No,Yes,No,No phone service,1
2294,64,Male,31,106.54,6985.18,Two year,Electronic check,DSL,No internet service,Yes,No,No,0,No,No,Yes,No,0
2295,60,Female,29,54.46,5872.81,One year,Bank transfer,DSL,No internet service,No,No internet service,No,0,Yes,Yes,Yes,No,0
2296,67,Female,5,94.17,2608.24,One year,Credit card,Fiber optic,Yes,No,No internet service,Yes,0,Yes,Yes,Yes,Yes,0
2297,40,Male,1,77.5,4086.17,One year,Electronic check,DSL,No,No internet service,No internet service,Yes,0,Yes,No,Yes,Yes,0
2298,61,Female,3,92.33,1172.38,Two year,Electronic check,Fiber optic,No internet service,No internet service,No internet service,Yes,0,Yes,Yes,Yes,Yes,0
2299,55,Female,67,87.29,5686.57,Two year,Mailed check,Fiber optic,No internet service,No,No,No,0,Yes,No,Yes,Yes,0
2300,37,Female,71,131.64,655.61,One year,Credit card,DSL,Yes,No,Yes,No,0,No,No,Yes,No,0
2301,40,Male,35,104.73,6080.56,Month-to-month,Mailed check,DSL,No,No,No,No,0,Yes,No,Yes,No,1
2302,62,Female,15,44.54,4420.01,Month-to-month,Credit card,DSL,Yes,Yes,No,No,0,Yes,No,Yes,Yes,0
2303,69,Male,67,28.19,2302.92,Month-to-month,Mailed check,Fiber optic,No internet service,No internet service,No,No,1,No,No,Yes,No phone service,0
2304,33,Male,30,75.17,6914.34,Month-to-month,Credit card,Fiber optic,No,No,Yes,Yes,0,No,Yes,Yes,Yes,0
2305,67,Female,43,22.03,7889.97,Month-to-month,Credit card,Fiber optic,Yes,No,No,No,0,Yes,No,Yes,Yes,0
2306,59,Female,60,61.38,2109.36,One year,Electronic check,Fiber optic,No,Yes,No internet service,No,0,Yes,No,Yes,Yes,0
2307,25,Male,40,67.84,6469.34,One year,Mailed check,Fiber optic,No,No,No internet service,No,0,No,Yes,Yes,No phone service,0
2308,67,Female,65,68.83,6026.31,Month-to-month,Mailed check,Fiber optic,No,No internet service,No,Yes,0,No,No,Yes,Yes,0
2309,38,Female,29,147.32,6002.8,Two year,Mailed check,DSL,No internet service,Yes,No internet service,No,0,Yes,No,Yes,No,0
2310,18,Male,19,59.51,7662.16,Month-to-month,Electronic check,Fiber optic,No,No,No internet service,No,0,Yes,No,Yes,No phone service,0
2311,25,Male,3,54.48,3944.28,One year,Bank transfer,Fiber optic,Yes,No internet service,Yes,Yes,0,No,Yes,Yes,No,0
2312,46,Male,36,36.82,5425.93,One year,Credit card,DSL,No,No internet service,No,Yes,0,No,No,Yes,No phone service,0
2313,49,Male,43,86.43,6608.63,One year,Mailed check,Fiber optic,No,Yes,No,Yes,0,No,Yes,Yes,No phone service,0
2314,55,Female,15,39.98,3888.34,Month-to-month,Credit card,DSL,No internet service,No internet service,No internet service,No,0,Yes,No,Yes,Yes,0
2315,22,Female,41,100.12,3903.31,One year,Electronic check,Fiber optic,Yes,Yes,No,No,0,Yes,No,Yes,No,0
2316,64,Male,36,40.17,2617.37,Month-to-month,Credit card,DSL,No,No internet service,No,No,0,Yes,No,Yes,No phone service,0
2317,39,Male,33,94.97,6268.52,One year,Electronic check,DSL,No internet service,No,No internet service,No,0,No,No,Yes,No,0
2318,64,Male,5,127.42,5520.95,Month-to-month,Bank transfer,Fiber optic,No internet service,Yes,No internet service,Yes,0,Yes,No,Yes,No phone service,1
2319,51,Female,14,25.53,3664.01,One year,Mailed check,Fiber optic,No,No internet service,No,Yes,0,Yes,No,Yes,Yes,0
2320,18,Male,68,74.57,3412.76,Month-to-month,Electronic check,No,No,Yes,Yes,Yes,0,No,No,Yes,No phone service,0
2321,43,Female,47,79.94,673.46,One year,Credit card,Fiber optic,No,No internet service,No internet service,Yes,0,Yes,Yes,Yes,No,0
2322,60,Male,54,122.84,151.36,Month-to-month,Electronic check,Fiber optic,No internet service,Yes,No,No,1,Yes,No,No,No,0
2323,27,Male,4,80.83,4278.26,Two year,Electronic check,No,No,No,No internet service,Yes,0,No,Yes,Yes,No,0
2324,47,Male,9,93.78,3398.19,Two year,Bank transfer,DSL,No internet service,Yes,No,No,0,No,Yes,Yes,No,0
2325,67,Female,53,122.86,6388.69,Month-to-month,Mailed check,DSL,Yes,Yes,No,No,0,No,No,No,No phone service,0
2326,35,Female,60,92.77,4386.97,Month-to-month,Electronic check,Fiber optic,No,No,Yes,Yes,0,Yes,No,Yes,No phone service,0
2327,34,Female,46,66.58,7499.98,One year,Electronic check,Fiber optic,Yes,No internet service,No internet service,No,1,Yes,Yes,Yes,No phone service,0
2328,43,Male,54,31.16,1649.51,Month-to-month,Credit card,Fiber optic,Yes,No,Yes,No,0,Yes,No,Yes,No phone service,0
2329,25,Female,37,114.89,7922.19,Month-to-month,Electronic check,Fiber optic,Yes,Yes,No internet service,No,0,Yes,No,No,Yes,0
2330,64,Female,23,133.25,2453.56,Month-to-month,Electronic check,DSL,No internet service,No,Yes,Yes,0,No,No,Yes,No phone service,1
2331,57,Male,27,146.11,5175.15,One year,Mailed check,Fiber optic,No internet service,No,No internet service,No,0,Yes,No,Yes,Yes,0
2332,66,Male,70,140.46,4064.64,Month-to-month,Mailed check,Fiber optic,No internet service,Yes,Yes,No,0,No,No,Yes,No phone service,0
2333,29,Female,66,123.66,2940.65,Month-to-month,Credit card,No,No internet service,Yes,Yes,No,0,Yes,No,Yes,No phone service,0
2334,44,Female,61,103.65,1200.54,One year,Electronic check,No,Yes,No,No internet service,Yes,0,No,No,Yes,No phone service,0
2335,25,Female,51,121.59,1165.19,Month-to-month,Electronic check,Fiber optic,No internet service,Yes,Yes,No,0,No,No,Yes,Yes,0
2336,42,Female,50,76.17,5720.9,Month-to-month,Electronic check,DSL,Yes,No internet service,Yes,No,0,Yes,No,Yes,No phone service,0
2337,63,Male,19,97.32,3083.37,Two year,Bank transfer,Fiber optic,Yes,No internet service,No internet service,No,0,Yes,No,No,No phone service,0
2338,21,Male,1,65.33,7694.25,One year,Bank transfer,DSL,No internet service,No internet service,No internet service,Yes,0,No,No,Yes,No phone service,0
2339,50,Male,40,62.47,2672.62,Month-to-month,Credit card,No,Yes,No internet service,No,Yes,0,No,No,No,No,0
2340,18,Female,32,118.37,7869.84,Month-to-month,Bank transfer,No,No internet service,No,No internet service,Yes,1,Yes,No,Yes,No,1
2341,36,Female,22,79.01,1722.84,One year,Credit card,Fiber optic,Yes,No,No,No,1,No,No,Yes,No,0
2342,48,Male,66,47.58,912.23,Month-to-month,Electronic check,Fiber optic,No,No,Yes,No,0,Yes,Yes,Yes,Yes,0
2343,33,Male,40,46.25,2569.3,Two year,Bank transfer,Fiber optic,No internet service,Yes,No internet service,No,0,Yes,No,Yes,No phone service,0
2344,31,Female,38,131.69,7096.12,One year,Mailed check,DSL,Yes,No,No,No,0,Yes,No,Yes,Yes,0
2345,65,Female,48,108.11,4222.63,Two year,Bank transfer,Fiber optic,No internet service,No,No internet service,No,0,Yes,No,Yes,No phone service,0
2346,22,Male,55,90.99,1171.64,Two year,Electronic check,Fiber optic,Yes,Yes,No,Yes,0,No,Yes,Yes,Yes,0
2347,58,Male,55,72.12,1699.74,Month-to-month,Mailed check,No,No internet service,Yes,No,Yes,0,No,No,Yes,No,0
2348,43,Male,51,76.01,2558.96,One year,Credit card,DSL,No,Yes,No internet service,No,0,No,Yes,No,No phone service,0
2349,45,Female,60,27.47,4762.32,Two year,Electronic check,No,No,No internet service,Yes,Yes,0,No,No,Yes,No,0
2350,19,Female,8,79.14,2725.79,One year,Mailed check,Fiber optic,No internet service,No,Yes,Yes,0,No,Yes,Yes,No,0
2351,67,Female,68,123.41,6001.73,Month-to-month,Bank transfer,No,No internet service,No,No,No,0,No,No,Yes,No phone service,1
2352,23,Female,9,70.44,4968.72,Month-to-month,Credit card,DSL,Yes,No,No,No,0,Yes,No,Yes,Yes,1
2353,26,Female,2,69.87,7003.21,Month-to-month,Bank transfer,Fiber optic,Yes,Yes,Yes,Yes,0,Yes,No,No,No,0
2354,50,Female,70,22.04,4057.6,One year,Mailed check,No,No internet service,No,No internet service,Yes,0,No,Yes,Yes,No,0
2355,58,Male,59,79.52,2716.29,One year,Mailed check,Fiber optic,No,No internet service,No internet service,No,0,Yes,No,Yes,No phone service,0
2356,42,Male,19,23.29,7970.55,Two year,Electronic check,Fiber optic,No,No,Yes,No,0,Yes,No,No,No phone service,0
2357,65,Female,28,94.15,2909.5,One year,Credit card,Fiber optic,No internet service,No,Yes,No,0,No,No,No,Yes,0
2358,30,Male,14,85.88,3485.96,Two year,Credit card,No,Yes,Yes,Yes,Yes,0,Yes,Yes,Yes,No,0
2359,26,Female,24,129.2,6492.11,Month-to-month,Mailed check,Fiber optic,No internet service,No internet service,No,Yes,0,Yes,No,Yes,No,0
2360,30,Male,44,95.63,800.23,Month-to-month,Electronic check,Fiber optic,No internet service,No,Yes,No,0,Yes,No,Yes,Yes,0
2361,48,Female,56,62.05,3153.27,Two year,Mailed check,No,No,Yes,Yes,No,0,Yes,No,Yes,No phone service,0
2362,58,Male,51,87.11,777.11,One year,Mailed check,Fiber optic,No,No internet service,Yes,No,0,Yes,Yes,Yes,No phone service,0
2363,28,Male,32,110.96,1200.52,One year,Credit card,No,Yes,No internet service,Yes,No,0,Yes,No,Yes,No phone service,0
2364,21,Female,50,32.22,136.66,Month-to-month,Bank transfer,Fiber optic,Yes,Yes,No internet service,No,0,No,No,Yes,Yes,0
2365,51,Female,41,100.74,175.4,One year,Bank transfer,DSL,No internet service,Yes,No internet service,Yes,0,Yes,No,Yes,No phone service,0
2366,55,Male,66,139.16,3104.27,Two year,Credit card,DSL,No internet service,Yes,Yes,Yes,0,No,No,Yes,No phone service,0
2367,63,Male,25,58.89,6492.39,Month-to-month,Electronic check,Fiber optic,No internet service,Yes,No,No,0,Yes,Yes,Yes,Yes,0
2368,21,Female,61,101.46,4737.33,One year,Credit card,Fiber optic,No internet service,Yes,No,No,0,Yes,Yes,Yes,No,0
2369,55,Male,66,126.77,5115.82,Month-to-month,Electronic check,Fiber optic,No,Yes,No internet service,No,0,No,No,Yes,No,0
2370,36,Female,42,86.53,4202.07,Month-to-month,Credit card,No,Yes,No,No,Yes,0,Yes,No,Yes,Yes,0
2371,23,Female,65,113.34,6576.37,One year,Electronic check,No,Yes,Yes,No,No,0,No,No,Yes,No phone service,0
2372,51,Male,36,60.43,7054.99,Month-to-month,Mailed check,DSL,Yes,Yes,No internet service,Yes,0,Yes,No,Yes,No phone service,0
2373,35,Female,9,59.79,6812.95,Month-to-month,Mailed check,Fiber optic,Yes,No internet service,Yes,Yes,0,No,No,No,No,0
2374,30,Male,36,106.79,6515.84,One year,Electronic check,Fiber optic,No,No internet service,Yes,No,1,No,Yes,Yes,No phone service,0
2375,58,Male,38,111.7,1543.43,One year,Credit card,DSL,No internet service,No internet service,No internet service,No,0,Yes,Yes,Yes,No,0
2376,40,Female,33,141.81,4791.62,Month-to-month,Mailed check,Fiber optic,Yes,Yes,Yes,No,0,Yes,No,Yes,No,0
2377,36,Male,42,49.23,4699.09,Two year,Credit card,DSL,Yes,Yes,Yes,No,1,No,Yes,Yes,No phone service,0
2378,62,Female,61,80.87,4270.76,Month-to-month,Bank transfer,DSL,No internet service,No,No internet service,No,0,No,Yes,Yes,No,0
2379,28,Female,46,52.57,3898.42,Two year,Mailed check,DSL,No,No,No internet service,Yes,0,Yes,No,Yes,No,0
2380,18,Female,61,30.41,804.45,One year,Credit card,Fiber optic,No,No,No internet service,Yes,0,Yes,Yes,Yes,Yes,0
2381,41,Male,18,72.42,907.09,Month-to-month,Credit card,Fiber optic,Yes,No,No,No,0,Yes,No,Yes,No phone service,0
2382,24,Female,70,68.63,7228.02,Month-to-month,Bank transfer,Fiber optic,Yes,Yes,No internet service,No,0,No,Yes,Yes,Yes,0
2383,42,Male,15,55.16,5078.47,Month-to-month,Credit card,Fiber optic,Yes,No internet service,No internet service,No,1,Yes,No,Yes,No phone service,0
2384,38,Female,48,58.61,2172.31,Month-to-month,Electronic check,DSL,No,Yes,No internet service,No,0,No,Yes,Yes,No phone service,0
2385,32,Female,13,66.85,2306.47,One year,Mailed check,DSL,Yes,Yes,No internet service,No,0,No,No,No,No phone service,0
2386,18,Female,43,148.55,4920.54,Month-to-month,Electronic check,DSL,No internet service,Yes,Yes,Yes,1,Yes,No,Yes,No phone service,0
2387,29,Male,60,121.78,3314.79,Month-to-month,Bank transfer,Fiber optic,No,Yes,No internet service,Yes,0,No,Yes,Yes,No,1
2388,24,Male,57,29.28,3586.46,One year,Electronic check,No,No,No internet service,No internet service,Yes,0,No,Yes,Yes,Yes,0
2389,32,Female,71,133.41,579.13,Month-to-month,Credit card,Fiber optic,No internet service,No internet service,No,Yes,0,No,No,Yes,Yes,0
2390,38,Female,17,102.33,1196.04,One year,Bank transfer,DSL,No internet service,No,No,No,0,Yes,No,Yes,No,0
2391,36,Male,50,135.78,3207.47,Month-to-month,Bank transfer,DSL,No,Yes,Yes,No,0,No,No,Yes,Yes,1
2392,46,Male,32,64.42,5627.52,One year,Electronic check,Fiber optic,Yes,No,No internet service,No,0,Yes,No,Yes,Yes,0
2393,42,Male,22,80.39,479.4,One year,Bank transfer,Fiber optic,No,No internet service,No internet service,Yes,0,Yes,No,Yes,No phone service,0
2394,50,Female,55,136.51,2743.01,One year,Electronic check,Fiber optic,Yes,No internet service,No internet service,Yes,0,No,No,No,No phone service,0
2395,66,Male,57,55.43,5591.07,Month-to-month,Electronic check,DSL,No internet service,No,No,No,1,Yes,No,Yes,No phone service,0
2396,49,Female,13,139.02,6357.2,Month-to-month,Electronic check,Fiber optic,Yes,No internet service,Yes,Yes,0,Yes,Yes,Yes,No phone service,0
2397,66,Male,47,127.7,1602.74,Month-to-month,Bank transfer,Fiber optic,No internet service,No internet service,No,No,0,Yes,No,No,No,0
2398,52,Female,62,147.47,5878.75,Month-to-month,Bank transfer,No,Yes,Yes,No internet service,No,0,Yes,No,Yes,No,0
2399,61,Female,54,62.15,7647.75,Month-to-month,Mailed check,DSL,Yes,Yes,No,No,0,Yes,No,Yes,No,0
2400,55,Female,29,50.65,7263.82,One year,Electronic check,DSL,No internet service,No internet service,No internet service,No,0,No,No,Yes,Yes,0
2401,43,Male,22,63.01,6336.07,One year,Electronic check,Fiber optic,Yes,No internet service,No internet service,Yes,0,Yes,No,Yes,No phone service,0
2402,28,Male,65,144.1,5727.38,Two year,Electronic check,DSL,No,No,No internet service,No,0,Yes,No,Yes,Yes,0
2403,52,Male,29,63.3,1957.59,Month-to-month,Electronic check,Fiber optic,Yes,No,Yes,No,0,Yes,Yes,Yes,No phone service,0
2404,25,Female,48,93.48,5107.84,One year,Electronic check,DSL,No,No internet service,No,No,0,No,No,Yes,No phone service,0
2405,63,Female,5,72.48,5181.86,Two year,Electronic check,DSL,No internet service,Yes,No internet service,No,0,Yes,No,Yes,Yes,0
2406,31,Male,35,71.51,3313.89,One year,Electronic check,No,Yes,Yes,No internet service,No,0,Yes,No,Yes,Yes,0
2407,27,Female,71,45.14,3994.82,One year,Mailed check,DSL,Yes,No,Yes,Yes,0,No,No,Yes,Yes,0
2408,19,Female,46,89.82,5582.83,Two year,Mailed check,DSL,No,Yes,Yes,No,0,Yes,No,Yes,No,0
2409,63,Female,35,130.42,7621.6,Two year,Credit card,DSL,No,Yes,No internet service,No,0,No,No,Yes,Yes,0
2410,26,Male,45,26.43,2432.92,Month-to-month,Electronic check,No,No internet service,No,No internet service,Yes,1,Yes,No,Yes,No,0
2411,20,Female,13,135.6,2046.27,One year,Electronic check,Fiber optic,No,No,No internet service,No,0,Yes,No,Yes,Yes,0
2412,38,Male,10,106.51,4854.27,Month-to-month,Mailed check,No,No,Yes,No internet service,No,0,Yes,No,Yes,No,1
2413,43,Male,66,100.18,1133.31,One year,Mailed check,No,No,No,Yes,No,0,No,No,Yes,Yes,0
2414,25,Male,70,101.37,4702.01,Two year,Electronic check,Fiber optic,Yes,No internet service,No,No,0,No,No,Yes,No,0
2415,65,Male,25,58.52,801.93,Month-to-month,Electronic check,Fiber optic,Yes,No,Yes,No,0,No,No,Yes,Yes,0
2416,19,Male,44,73.97,3975.61,Two year,Mailed check,No,Yes,No internet service,Yes,No,0,Yes,No,No,No phone service,0
2417,23,Female,60,123.91,5001.27,One year,Mailed check,Fiber optic,Yes,No internet service,No,No,0,No,No,Yes,Yes,0
2418,45,Male,47,59.83,653.87,Month-to-month,Credit card,No,Yes,No internet service,No internet service,Yes,0,No,No,Yes,Yes,0
2419,46,Male,40,81.1,1734.93,One year,Credit card,Fiber optic,No,No,No internet service,No,0,No,No,Yes,No phone service,0
2420,43,Male,7,22.55,2749.46,Month-to-month,Electronic check,Fiber optic,No,No,No,No,0,Yes,No,Yes,No phone service,1
2421,42,Female,46,115.36,3011.93,Month-to-month,Mailed check,DSL,Yes,No,Yes,No,0,No,No,Yes,No,0
2422,29,Female,23,74.3,5441.23,Two year,Credit card,Fiber optic,Yes,No internet service,No internet service,Yes,0,No,Yes,Yes,No phone service,0
2423,22,Female,46,88.3,4279.27,Month-to-month,Electronic check,Fiber optic,No internet service,No,No,No,0,No,No,Yes,No,0
2424,51,Female,13,34.91,3118.66,One year,Credit card,Fiber optic,No internet service,Yes,No,No,0,No,No,Yes,Yes,0
2425,65,Male,21,148.92,3660.34,Two year,Credit card,No,No,Yes,No,No,0,Yes,No,Yes,No phone service,0
2426,54,Male,1,59.32,202.52,Two year,Credit card,Fiber optic,No internet service,No,No internet service,Yes,0,No,No,Yes,No,0
2427,32,Female,19,102.55,6187.15,Two year,Bank transfer,DSL,No,No internet service,No,No,0,No,Yes,Yes,Yes,0
2428,61,Female,60,95.56,423.94,One year,Electronic check,Fiber optic,No internet service,No,Yes,Yes,0,Yes,No,Yes,No,0
2429,53,Female,33,122.06,6651.61,One year,Credit card,Fiber optic,Yes,Yes,Yes,Yes,0,No,Yes,Yes,Yes,0
2430,32,Female,4,58.2,4373.87,Month-to-month,Electronic check,No,Yes,No internet service,No,No,0,No,No,Yes,No,0
2431,60,Male,3,118.27,4269.77,Month-to-month,Electronic check,Fiber optic,No,No,No,No,0,Yes,No,Yes,Yes,1
2432,65,Female,52,69.73,5666.17,Two year,Mailed check,DSL,No,No,No,Yes,0,Yes,No,Yes,Yes,0
2433,40,Female,28,73.45,6890.52,One year,Electronic check,DSL,No,No internet service,Yes,No,0,No,No,Yes,No,0
2434,23,Female,70,107.45,7546.9,Month-to-month,Credit card,DSL,No,No internet service,No internet service,Yes,0,Yes,No,Yes,Yes,1
2435,63,Female,70,121.96,4392.62,Month-to-month,Electronic check,DSL,No internet service,Yes,Yes,No,0,No,Yes,Yes,No,0
2436,67,Female,55,106.69,1290.2,Two year,Mailed check,Fiber optic,Yes,No,No,Yes,0,Yes,No,Yes,Yes,0
2437,61,Female,57,136.98,7041.18,Two year,Bank transfer,DSL,No internet service,Yes,No internet service,Yes,0,No,No,Yes,No phone service,0
2438,60,Female,16,57.07,421.31,Month-to-month,Bank transfer,DSL,Yes,Yes,No internet service,No,0,Yes,Yes,Yes,No phone service,0
2439,62,Male,24,137.08,6477.96,One year,Mailed check,Fiber optic,Yes,No internet service,No,Yes,0,Yes,No,No,No,0
2440,38,Male,69,37.01,5475.33,Month-to-month,Credit card,Fiber optic,No internet service,No,No,No,0,Yes,Yes,Yes,No phone service,0
2441,40,Male,41,105.74,7247.35,One year,Credit card,DSL,No,Yes,Yes,Yes,0,No,No,Yes,No phone service,0
2442,60,Male,47,91.19,7189.96,One year,Credit card,Fiber optic,No internet service,Yes,Yes,Yes,1,Yes,No,Yes,Yes,0
2443,33,Male,69,84.3,519.92,One year,Electronic check,DSL,No internet service,No internet service,Yes,No,0,No,No,Yes,No phone service,0
2444,64,Male,31,60.42,4914.63,Month-to-month,Bank transfer,Fiber optic,No internet service,No,No,Yes,0,No,No,Yes,No,0
2445,32,Female,30,85.49,1084.9,Month-to-month,Credit card,Fiber optic,Yes,No,No internet service,Yes,0,Yes,Yes,Yes,No,0
2446,42,Female,18,41.03,719.9,Month-to-month,Bank transfer,No,No,Yes,Yes,No,0,No,No,Yes,Yes,0
2447,53,Male,44,68.01,3641.39,Two year,Mailed check,DSL,Yes,No internet service,No,Yes,0,No,No,Yes,No phone service,0
2448,28,Female,27,32.83,871.02,Two year,Bank transfer,DSL,No internet service,No,No internet service,Yes,1,No,No,Yes,Yes,0
2449,68,Male,26,94.34,5850.43,Two year,Credit card,Fiber optic,No internet service,No,No,Yes,0,No,No,Yes,No phone service,0
2450,32,Female,60,32.45,7754.63,Two year,Bank transfer,DSL,Yes,Yes,No,Yes,1,No,Yes,No,No phone service,0
2451,21,Female,18,40.84,4599.71,One year,Mailed check,Fiber optic,Yes,No,No,Yes,0,No,Yes,No,No phone service,0
2452,38,Female,56,31.11,1957.83,Month-to-month,Bank transfer,DSL,No,No,Yes,No,0,Yes,Yes,Yes,Yes,0
2453,30,Female,31,69.57,6761.33,One year,Electronic check,Fiber optic,No internet service,No,No,No,0,No,Yes,Yes,Yes,0
2454,39,Female,59,129.45,6839.52,Month-to-month,Mailed check,No,Yes,No,No,No,0,No,Yes,Yes,No phone service,0
2455,36,Female,2,137.9,5889.01,Month-to-month,Electronic check,No,Yes,Yes,No,Yes,0,Yes,Yes,Yes,No,1
2456,51,Male,39,29.35,4959.54,Month-to-month,Electronic check,No,Yes,No,Yes,No,0,Yes,No,Yes,No phone service,0
2457,31,Male,61,102.49,6955.56,Month-to-month,Credit card,DSL,Yes,No,No,Yes,0,Yes,Yes,Yes,No,1
2458,21,Female,63,108.97,1390.0,One year,Credit card,Fiber optic,No internet service,No internet service,No,No,0,No,No,No,No phone service,0
2459,65,Male,18,89.39,7459.64,Month-to-month,Mailed check,Fiber optic,No,Yes,Yes,No,0,Yes,No,Yes,No phone service,0
2460,69,Female,17,106.71,7582.9,Month-to-month,Credit card,No,Yes,No,No,Yes,0,No,No,Yes,No,1
2461,63,Male,39,50.38,6988.74,One year,Bank transfer,No,Yes,No internet service,No internet service,No,1,Yes,Yes,Yes,No,0
2462,44,Female,71,83.65,2080.23,One year,Mailed check,No,No,Yes,No,Yes,0,No,Yes,Yes,Yes,0
2463,46,Male,54,70.81,6879.61,One year,Credit card,No,No internet service,No,No,Yes,0,No,Yes,Yes,No,0
2464,64,Female,35,31.66,4031.34,Month-to-month,Credit card,Fiber optic,Yes,No internet service,Yes,Yes,0,Yes,No,No,No phone service,0
2465,45,Male,11,101.32,4799.95,Month-to-month,Bank transfer,Fiber optic,No,Yes,Yes,Yes,0,No,No,No,Yes,1
2466,52,Female,61,84.38,6740.74,One year,Electronic check,No,No,No,Yes,No,0,Yes,No,Yes,No phone service,0
2467,25,Male,44,55.77,333.7,One year,Bank transfer,Fiber optic,No internet service,No internet service,Yes,Yes,0,No,No,Yes,Yes,0
2468,33,Female,68,81.58,2967.25,Month-to-month,Electronic check,No,No,Yes,No internet service,Yes,0,Yes,No,Yes,No phone service,0
2469,59,Female,25,120.79,6543.98,Two year,Credit card,No,No internet service,No internet service,No,Yes,0,No,Yes,Yes,No,0
2470,53,Female,48,124.22,6530.24,Month-to-month,Electronic check,Fiber optic,No,No internet service,No,Yes,1,Yes,No,Yes,No phone service,1
2471,47,Male,32,104.44,6804.63,Month-to-month,Electronic check,DSL,Yes,No,No internet service,No,1,Yes,No,Yes,No phone service,0
2472,35,Male,4,80.81,1436.81,Month-to-month,Credit card,DSL,No internet service,No internet service,Yes,Yes,0,Yes,No,Yes,Yes,1
2473,19,Male,38,94.85,5676.5,Month-to-month,Mailed check,DSL,No,No,No,No,0,No,Yes,No,No,0
2474,66,Female,63,70.05,1257.38,Two year,Bank transfer,Fiber optic,Yes,No,No internet service,No,1,No,No,Yes,No,0
2475,30,Male,47,36.45,6302.27,Month-to-month,Credit card,Fiber optic,No,No internet service,No,Yes,0,Yes,No,Yes,No phone service,0
2476,21,Female,1,70.13,2036.5,Month-to-month,Bank transfer,Fiber optic,Yes,No internet service,No internet service,No,1,No,No,Yes,No phone service,0
2477,43,Male,3,88.94,5928.76,Month-to-month,Bank transfer,Fiber optic,No internet service,No internet service,No internet service,Yes,0,No,No,Yes,Yes,0
2478,42,Male,62,97.85,3694.51,Month-to-month,Electronic check,No,Yes,No internet service,No,Yes,0,Yes,No,Yes,Yes,0
2479,47,Male,64,141.65,7891.48,Month-to-month,Credit card,DSL,No,Yes,Yes,Yes,0,Yes,No,Yes,No,1
2480,28,Male,17,121.05,4681.16,Month-to-month,Mailed check,No,Yes,No,Yes,No,0,Yes,No,No,No,0
2481,24,Female,62,39.76,5097.38,Month-to-month,Bank transfer,DSL,Yes,No internet service,No internet service,Yes,1,No,No,Yes,Yes,0
2482,48,Male,35,42.64,3008.49,One year,Bank transfer,Fiber optic,No internet service,Yes,Yes,No,0,No,Yes,Yes,Yes,0
2483,61,Male,13,33.06,5902.71,One year,Mailed check,Fiber optic,Yes,No internet service,No,Yes,0,Yes,No,Yes,No phone service,0
2484,27,Female,35,115.96,4009.6,One year,Bank transfer,Fiber optic,Yes,Yes,No internet service,Yes,0,Yes,Yes,Yes,No phone service,0
2485,56,Female,43,111.8,242.73,One year,Credit card,Fiber optic,No,No,No,Yes,0,No,No,Yes,Yes,0
2486,30,Male,2,148.23,4907.79,Month-to-month,Mailed check,DSL,No,No internet service,No,No,0,Yes,No,No,Yes,1
2487,48,Male,56,87.86,6660.63,Two year,Credit card,Fiber optic,No internet service,Yes,Yes,Yes,0,No,No,Yes,Yes,0
2488,24,Female,51,127.43,1970.73,Month-to-month,Mailed check,DSL,No internet service,Yes,No,No,0,Yes,Yes,Yes,No phone service,0
2489,66,Female,54,94.94,1846.4,Month-to-month,Bank transfer,Fiber optic,No internet service,No,No internet service,Yes,0,Yes,Yes,No,No,0
2490,59,Female,16,133.63,4910.2,One year,Mailed check,Fiber optic,No,No internet service,No internet service,No,0,Yes,Yes,Yes,Yes,0
2491,59,Male,18,113.73,6562.04,One year,Credit card,Fiber optic,Yes,No internet service,No,Yes,0,Yes,No,Yes,No phone service,0
2492,53,Male,7,103.57,2072.0,Month-to-month,Mailed check,No,No internet service,No,No,Yes,0,Yes,Yes,Yes,No,1
2493,37,Male,45,93.47,7464.87,Month-to-month,Bank transfer,No,No,No,No internet service,No,0,No,No,Yes,Yes,0
2494,21,Female,36,113.99,7426.36,Month-to-month,Electronic check,Fiber optic,No,No,Yes,Yes,0,Yes,No,Yes,No,1
2495,24,Female,41,74.55,1684.24,Two year,Bank transfer,DSL,No internet service,Yes,Yes,Yes,0,Yes,No,Yes,No phone service,0
2496,18,Female,42,32.55,2183.9,Month-to-month,Bank transfer,Fiber optic,No,Yes,Yes,Yes,0,No,Yes,Yes,No phone service,0
2497,61,Male,7,25.2,5634.73,One year,Electronic check,Fiber optic,Yes,No,No,No,0,Yes,No,Yes,Yes,0
2498,62,Female,15,82.27,7618.69,Month-to-month,Mailed check,Fiber optic,No,No internet service,No,No,0,Yes,No,Yes,No,0
2499,59,Male,60,97.91,5708.07,Month-to-month,Bank transfer,Fiber optic,No,Yes,No internet service,No,0,Yes,No,Yes,No,0
2500,64,Female,40,30.25,3614.71,Month-to-month,Electronic check,Fiber optic,Yes,No,No internet service,No,0,Yes,No,Yes,No,0
2501,30,Male,37,57.3,1435.11,Month-to-month,Credit card,No,No internet service,Yes,No internet service,Yes,0,Yes,No,Yes,No,0
2502,39,Male,66,61.86,3741.98,Month-to-month,Electronic check,No,No,Yes,No internet service,Yes,0,No,No,Yes,No phone service,0
2503,38,Female,55,93.16,4893.47,One year,Bank transfer,No,Yes,No,Yes,No,0,No,No,Yes,No,0
2504,39,Male,56,56.2,2714.52,Month-to-month,Credit card,No,No internet service,No internet service,No,Yes,0,Yes,No,Yes,Yes,0
2505,45,Female,44,32.43,4131.04,One year,Bank transfer,No,Yes,No internet service,No,No,0,No,No,Yes,No phone service,0
2506,26,Male,57,41.43,1128.69,Month-to-month,Electronic check,DSL,No,Yes,Yes,Yes,0,Yes,No,No,Yes,0
2507,43,Female,6,42.61,3672.29,Two year,Credit card,No,Yes,No internet service,No internet service,No,0,No,Yes,Yes,No,0
2508,26,Female,32,129.55,817.13,Two year,Bank transfer,DSL,No internet service,No internet service,No internet service,No,0,Yes,No,Yes,No,0
2509,32,Male,18,56.96,487.8,Month-to-month,Electronic check,Fiber optic,No internet service,No,No,No,0,Yes,Yes,Yes,No phone service,0
2510,27,Female,68,112.91,6872.2,Two year,Credit card,DSL,No internet service,No,No internet service,Yes,0,Yes,No,Yes,No,0
2511,41,Male,7,93.82,1720.14,Month-to-month,Bank transfer,Fiber optic,Yes,No,No,No,0,No,No,Yes,Yes,1
2512,59,Female,8,147.02,4643.73,One year,Electronic check,DSL,Yes,No internet service,Yes,No,0,No,Yes,Yes,No phone service,0
2513,25,Female,64,55.47,1276.96,Month-to-month,Bank transfer,Fiber optic,No internet service,No internet service,No,Yes,0,No,Yes,Yes,No,0
2514,41,Female,7,40.59,2173.97,One year,Bank transfer,Fiber optic,No internet service,No,Yes,Yes,0,No,Yes,Yes,Yes,0
2515,33,Female,41,26.76,2954.58,One year,Bank transfer,DSL,No internet service,No internet service,No internet service,Yes,0,No,No,Yes,No,0
2516,66,Male,40,51.32,1235.04,Month-to-month,Mailed check,No,No,No,No,No,0,No,No,Yes,No,0
2517,43,Female,3,108.93,463.1,One year,Bank transfer,No,No,Yes,No internet service,Yes,0,Yes,No,Yes,No,0
2518,44,Female,17,31.08,7029.56,One year,Credit card,Fiber optic,No,Yes,No internet service,No,0,Yes,No,Yes,No,0
2519,54,Male,66,51.81,193.48,One year,Electronic check,No,No internet service,No internet service,No internet service,Yes,0,No,No,Yes,Yes,0
2520,21,Male,52,131.19,584.44,Two year,Electronic check,Fiber optic,No,No internet service,No,No,0,Yes,Yes,Yes,No phone service,0
2521,67,Male,22,95.78,6460.07,Two year,Mailed check,No,No internet service,No internet service,No internet service,No,0,Yes,Yes,Yes,Yes,0
2522,41,Male,4,29.04,2327.87,Two year,Mailed check,Fiber optic,Yes,No internet service,No,No,0,Yes,No,Yes,Yes,0
2523,36,Male,6,26.2,5810.28,Two year,Mailed check,Fiber optic,No internet service,Yes,No internet service,Yes,0,No,No,Yes,No phone service,0
2524,53,Male,38,27.95,1255.18,Month-to-month,Bank transfer,No,No internet service,No,Yes,No,0,No,No,Yes,No phone service,0
2525,56,Female,26,142.44,1974.53,Month-to-month,Bank transfer,DSL,No,Yes,No,No,0,No,No,Yes,No,1
2526,27,Male,11,130.48,4624.93,Month-to-month,Credit card,DSL,Yes,No,Yes,No,1,Yes,Yes,Yes,No,1
2527,42,Female,17,129.84,7910.22,Two year,Electronic check,Fiber optic,Yes,No internet service,Yes,Yes,0,No,No,Yes,Yes,0
2528,35,Male,31,140.15,680.21,Month-to-month,Electronic check,DSL,Yes,No,No,Yes,0,Yes,No,Yes,No,1
2529,36,Female,35,85.68,3264.38,Month-to-month,Bank transfer,Fiber optic,No,No,No,Yes,0,Yes,Yes,Yes,No phone service,0
2530,53,Female,16,52.15,440.34,Month-to-month,Electronic check,DSL,No,No,No,No,1,Yes,Yes,Yes,No phone service,0
2531,27,Female,18,72.18,1673.89,Month-to-month,Bank transfer,No,No,No,No internet service,No,1,Yes,Yes,Yes,No,0
2532,50,Male,62,113.45,7269.02,Month-to-month,Mailed check,No,No,Yes,No internet service,Yes,0,Yes,Yes,Yes,Yes,0
2533,67,Male,27,133.88,862.03,One year,Bank transfer,DSL,No,No internet service,Yes,No,0,Yes,No,Yes,No,0
2534,22,Male,35,76.56,6869.16,Month-to-month,Credit card,DSL,No internet service,No internet service,No,Yes,0,No,Yes,Yes,No phone service,0
2535,64,Male,45,89.6,1504.65,One year,Bank transfer,DSL,Yes,No,Yes,Yes,0,Yes,Yes,Yes,No phone service,0
2536,66,Female,35,141.13,6908.1,Two year,Bank transfer,Fiber optic,No,No internet service,No internet service,Yes,0,Yes,No,Yes,Yes,0
2537,52,Male,28,33.97,4350.37,One year,Electronic check,Fiber optic,Yes,Yes,Yes,Yes,0,Yes,Yes,Yes,No phone service,0
2538,61,Female,9,132.1,7037.83,Month-to-month,Bank transfer,Fiber optic,No,No,Yes,Yes,0,Yes,Yes,Yes,Yes,1
2539,51,Female,15,40.71,1298.46,Two year,Credit card,DSL,No internet service,No internet service,No,Yes,0,No,No,Yes,Yes,0
2540,50,Male,21,82.9,6120.09,One year,Bank transfer,Fiber optic,Yes,No internet service,No,Yes,0,Yes,No,Yes,No,0
2541,38,Male,52,48.4,5477.52,Month-to-month,Bank transfer,DSL,No,No,Yes,No,0,No,No,Yes,No,0
2542,34,Male,35,98.38,4389.17,One year,Mailed check,Fiber optic,No internet service,Yes,No internet service,No,1,Yes,No,Yes,Yes,0
2543,39,Female,51,92.61,6503.64,One year,Bank transfer,DSL,No internet service,No,Yes,Yes,0,No,Yes,Yes,No,0
2544,65,Male,55,69.4,5221.38,Month-to-month,Bank transfer,Fiber optic,Yes,No,No internet service,No,0,No,No,Yes,No phone service,0
2545,54,Female,44,132.23,7028.67,Month-to-month,Bank transfer,Fiber optic,No,No internet service,Yes,Yes,0,No,No,Yes,Yes,1
2546,32,Male,65,105.78,3110.39,One year,Credit card,DSL,No internet service,No internet service,Yes,No,0,Yes,No,Yes,Yes,0
2547,52,Female,25,113.76,4760.39,One year,Electronic check,DSL,No internet service,No,No,Yes,0,No,No,Yes,No,0
2548,45,Male,47,39.59,6977.75,Month-to-month,Mailed check,Fiber optic,No internet service,No,Yes,No,0,Yes,No,Yes,Yes,0
2549,24,Male,56,134.81,1797.03,One year,Mailed check,Fiber optic,Yes,No internet service,No internet service,Yes,0,No,No,Yes,Yes,0
2550,49,Female,38,41.72,3937.36,Month-to-month,Bank transfer,No,Yes,No,Yes,No,0,No,Yes,Yes,Yes,0
2551,28,Male,11,48.96,7689.86,One year,Bank transfer,DSL,No,Yes,Yes,Yes,0,Yes,No,Yes,No,0
2552,27,Male,67,36.65,3841.45,Month-to-month,Electronic check,DSL,No,No,No internet service,Yes,1,No,No,Yes,Yes,0
2553,26,Male,15,77.25,2097.35,Month-to-month,Bank transfer,DSL,Yes,Yes,Yes,No,0,Yes,Yes,Yes,Yes,0
2554,31,Male,1,135.4,2873.5,Two year,Credit card,DSL,Yes,No,Yes,Yes,0,Yes,No,Yes,Yes,0
2555,30,Male,7,52.82,7092.16,One year,Electronic check,DSL,Yes,No,Yes,Yes,0,Yes,Yes,Yes,No,0
2556,42,Male,1,68.59,7643.58,Month-to-month,Bank transfer,DSL,No internet service,No,Yes,Yes,0,No,Yes,Yes,Yes,1
2557,19,Male,49,129.99,7605.85,Month-to-month,Electronic check,Fiber optic,Yes,No internet service,No internet service,No,0,No,Yes,No,Yes,0
2558,52,Female,29,100.32,5621.64,One year,Mailed check,Fiber optic,No,No internet service,No internet service,No,0,No,No,Yes,No,0
2559,24,Female,26,117.71,4125.85,Two year,Bank transfer,Fiber optic,No internet service,No internet service,No internet service,No,0,No,No,Yes,Yes,0
2560,38,Male,45,47.82,1543.24,One year,Electronic check,Fiber optic,Yes,No internet service,No internet service,No,0,No,Yes,Yes,Yes,0
2561,35,Male,71,113.14,1073.45,One year,Electronic check,Fiber optic,No,No internet service,Yes,No,1,Yes,No,Yes,Yes,0
2562,20,Male,12,49.59,572.16,Two year,Bank transfer,Fiber optic,Yes,No internet service,No internet service,Yes,0,No,Yes,Yes,Yes,0
2563,59,Female,32,148.35,239.95,One year,Electronic check,Fiber optic,No,No,Yes,Yes,0,Yes,No,Yes,Yes,0
2564,56,Female,20,92.79,7037.12,Month-to-month,Bank transfer,Fiber optic,No internet service,Yes,No,No,0,No,No,Yes,No phone service,0
2565,58,Male,51,110.43,6491.78,One year,Bank transfer,No,No internet service,No internet service,Yes,No,0,No,No,Yes,Yes,0
2566,66,Female,36,35.39,4585.79,Month-to-month,Credit card,No,No,No internet service,Yes,No,0,Yes,No,Yes,No phone service,0
2567,28,Male,67,52.59,7989.91,One year,Credit card,Fiber optic,No,No,No internet service,Yes,0,Yes,Yes,Yes,No phone service,0
2568,56,Male,1,38.17,7629.11,Month-to-month,Electronic check,Fiber optic,No internet service,No internet service,No internet service,Yes,0,Yes,No,Yes,No phone service,1
2569,41,Male,27,70.72,5275.36,Month-to-month,Electronic check,Fiber optic,No internet service,No,No internet service,No,0,No,No,Yes,No phone service,0
2570,63,Male,40,56.94,3770.14,Month-to-month,Electronic check,DSL,No,No internet service,No,No,0,No,No,Yes,No phone service,0
2571,36,Female,14,115.28,1302.15,Month-to-month,Mailed check,Fiber optic,No,Yes,Yes,No,0,Yes,Yes,Yes,No,0
2572,21,Female,69,34.13,4173.19,Month-to-month,Bank transfer,Fiber optic,Yes,No internet service,No,Yes,1,Yes,No,Yes,No,0
2573,43,Male,6,117.77,1346.18,One year,Bank transfer,No,Yes,No internet service,Yes,No,0,No,No,Yes,No,0
2574,55,Female,33,25.94,3247.77,Month-to-month,Mailed check,DSL,No internet service,No,Yes,No,0,Yes,No,Yes,No phone service,0
2575,59,Female,55,46.26,7546.92,One year,Mailed check,DSL,No internet service,No internet service,No,Yes,0,Yes,No,Yes,Yes,0
2576,49,Male,19,122.96,2801.63,One year,Electronic check,Fiber optic,Yes,No,No,No,0,Yes,No,Yes,Yes,0
2577,56,Female,29,116.56,1307.02,One year,Bank transfer,Fiber optic,Yes,Yes,Yes,No,1,No,No,Yes,Yes,0
2578,62,Male,61,81.92,4700.93,One year,Credit card,DSL,No internet service,No internet service,No,No,0,No,No,Yes,Yes,0
2579,63,Male,70,26.5,4858.68,Month-to-month,Credit card,Fiber optic,No internet service,No,No internet service,Yes,0,No,No,Yes,No,0
2580,53,Male,24,99.29,1631.05,Month-to-month,Mailed check,DSL,No,Yes,Yes,Yes,0,Yes,No,Yes,No phone service,0
2581,57,Male,23,72.87,1653.03,Two year,Mailed check,Fiber optic,No,Yes,No internet service,Yes,1,Yes,No,Yes,No,0
2582,54,Female,10,61.15,7917.44,One year,Bank transfer,Fiber optic,No internet service,No,No,Yes,0,No,Yes,Yes,Yes,0
2583,50,Male,54,103.25,2021.92,One year,Bank transfer,DSL,Yes,No,No internet service,No,0,No,No,Yes,No phone service,0
2584,53,Female,41,76.76,6721.72,One year,Credit card,Fiber optic,No,No internet service,No,Yes,1,Yes,No,Yes,Yes,0
2585,20,Male,49,32.01,3815.56,Month-to-month,Bank transfer,DSL,No internet service,Yes,No internet service,Yes,0,No,No,Yes,No,0
2586,26,Male,17,139.07,3536.41,One year,Electronic check,Fiber optic,Yes,Yes,No,Yes,0,Yes,Yes,Yes,No,0
2587,25,Female,56,121.2,2430.2,Month-to-month,Mailed check,DSL,Yes,No,Yes,Yes,0,No,No,Yes,No,0
2588,50,Male,45,27.33,6213.22,Two year,Credit card,No,No internet service,Yes,Yes,No,0,No,Yes,Yes,Yes,0
2589,23,Female,30,88.26,7057.22,Month-to-month,Credit card,DSL,No,No,Yes,Yes,0,No,No,Yes,No phone service,0
2590,58,Female,44,30.84,2162.91,One year,Electronic check,Fiber optic,No,No internet service,Yes,Yes,0,No,No,Yes,No phone service,0
2591,56,Male,55,128.85,851.26,Month-to-month,Bank transfer,Fiber optic,No internet service,No,No,Yes,0,No,No,Yes,No,0
2592,21,Male,19,99.69,1181.66,Two year,Bank transfer,DSL,Yes,No internet service,No internet service,Yes,0,No,No,No,No phone service,0
2593,30,Male,29,42.42,6363.15,Two year,Mailed check,DSL,No,No,Yes,Yes,0,Yes,No,Yes,Yes,0
2594,66,Male,2,22.7,3543.03,Month-to-month,Electronic check,DSL,No internet service,No internet service,No,No,1,Yes,No,Yes,No phone service,1
2595,19,Male,36,24.11,1142.13,Month-to-month,Credit card,DSL,No,Yes,No,Yes,0,Yes,No,Yes,Yes,0
2596,22,Male,19,85.96,2788.28,Month-to-month,Electronic check,Fiber optic,No internet service,No,Yes,Yes,0,No,No,No,No,0
2597,61,Female,7,115.47,4162.46,One year,Credit card,Fiber optic,No,No,Yes,No,0,No,Yes,Yes,No,1
2598,44,Female,26,35.71,6831.21,Month-to-month,Electronic check,DSL,No,No,No,Yes,0,No,Yes,Yes,No,0
2599,49,Male,38,48.77,5169.77,One year,Bank transfer,Fiber optic,No,No internet service,No internet service,No,1,Yes,Yes,Yes,No phone service,0
2600,38,Female,3,62.54,1490.66,Month-to-month,Credit card,No,No internet service,No,No,No,0,No,Yes,No,Yes,1
2601,25,Female,66,48.35,1353.75,One year,Mailed check,No,No internet service,No,Yes,No,0,Yes,No,Yes,No,0
2602,55,Male,71,70.87,3357.44,One year,Electronic check,DSL,Yes,Yes,Yes,No,0,No,No,Yes,Yes,0
2603,25,Male,43,92.75,694.02,One year,Bank transfer,DSL,No,No,Yes,No,0,Yes,No,Yes,No,0
2604,67,Female,62,109.04,6069.06,One year,Credit card,Fiber optic,No,No,No internet service,No,0,Yes,Yes,Yes,Yes,0
2605,20,Male,71,145.29,3271.49,Month-to-month,Bank transfer,DSL,No internet service,No,No internet service,Yes,0,Yes,No,Yes,No,1
2606,61,Female,24,141.01,2809.89,One year,Electronic check,DSL,No,No,No internet service,No,0,No,No,Yes,Yes,0
2607,20,Male,39,94.12,4121.96,One year,Mailed check,DSL,No internet service,Yes,No,Yes,0,Yes,No,Yes,Yes,0
2608,39,Female,68,115.44,5700.76,One year,Mailed check,DSL,Yes,No,No,No,0,No,No,Yes,Yes,0
2609,23,Female,44,143.61,4597.84,Month-to-month,Electronic check,Fiber optic,No,No,No internet service,Yes,0,Yes,Yes,Yes,No phone service,1
2610,19,Female,5,30.85,6438.98,One year,Credit card,Fiber optic,No internet service,Yes,No internet service,No,0,Yes,No,Yes,No,0
2611,40,Female,55,20.73,5071.96,Two year,Bank transfer,DSL,No internet service,No internet service,Yes,Yes,0,No,No,Yes,Yes,0
2612,61,Male,30,23.87,6324.97,Two year,Bank transfer,Fiber optic,No,No internet service,Yes,No,0,Yes,No,Yes,No phone service,0
2613,19,Male,29,93.24,5604.58,One year,Credit card,Fiber optic,Yes,Yes,No,Yes,1,Yes,No,No,No phone service,0
2614,55,Female,26,119.17,1625.67,Month-to-month,Electronic check,Fiber optic,No internet service,Yes,No internet service,Yes,0,No,Yes,Yes,No phone service,0
2615,34,Female,26,67.72,513.6,Month-to-month,Bank transfer,No,No,No internet service,No internet service,Yes,0,Yes,No,Yes,Yes,0
2616,52,Male,37,90.88,7236.83,Month-to-month,Bank transfer,No,Yes,No,No,No,0,Yes,No,Yes,Yes,0
2617,51,Male,53,87.13,7570.68,Month-to-month,Electronic check,Fiber optic,No internet service,No internet service,No internet service,Yes,0,Yes,No,Yes,No phone service,0
2618,40,Female,30,32.32,5842.77,Month-to-month,Bank transfer,No,Yes,No,Yes,No,0,Yes,Yes,Yes,No,0
2619,47,Female,3,61.81,5821.23,Month-to-month,Credit card,DSL,No internet service,Yes,No internet service,Yes,1,Yes,No,Yes,Yes,1
2620,69,Female,43,22.53,2234.16,Two year,Credit card,Fiber optic,No,Yes,No,No,1,Yes,No,Yes,Yes,0
2621,25,Female,7,34.39,4385.29,Two year,Electronic check,Fiber optic,No,Yes,No,No,0,No,No,Yes,No,0
2622,39,Female,49,125.54,7938.69,Two year,Electronic check,Fiber optic,No,No internet service,No internet service,Yes,0,Yes,No,No,Yes,0
2623,61,Male,41,127.82,6863.53,Month-to-month,Credit card,DSL,Yes,Yes,No,Yes,0,Yes,No,Yes,No,0
2624,53,Female,54,124.25,2504.72,Two year,Electronic check,DSL,Yes,No internet service,Yes,No,0,No,No,Yes,No,0
2625,22,Male,69,114.49,2478.26,Month-to-month,Credit card,Fiber optic,No,No,Yes,No,0,Yes,No,Yes,Yes,1
2626,30,Male,27,123.13,3920.26,One year,Credit card,Fiber optic,No internet service,No,Yes,No,0,No,Yes,Yes,No phone service,0
2627,46,Male,8,107.23,3296.33,One year,Credit card,No,Yes,No,No internet service,Yes,0,Yes,No,Yes,Yes,0
2628,48,Female,32,107.08,3032.11,Month-to-month,Bank transfer,DSL,Yes,Yes,No,Yes,1,Yes,No,Yes,No phone service,0
2629,64,Male,64,106.76,5053.08,Two year,Electronic check,No,No internet service,No,Yes,Yes,0,Yes,Yes,No,Yes,0
2630,33,Male,10,86.83,190.79,Month-to-month,Bank transfer,DSL,No internet service,Yes,No,Yes,0,No,No,No,No phone service,1
2631,59,Male,13,67.24,6130.38,One year,Electronic check,No,No,No internet service,No,Yes,0,No,No,Yes,No,0
2632,47,Male,63,114.93,5946.42,Month-to-month,Mailed check,No,Yes,Yes,No,Yes,0,Yes,No,Yes,No phone service,0
2633,33,Female,35,58.82,6659.57,Two year,Bank transfer,DSL,No internet service,No,Yes,Yes,0,Yes,No,No,No phone service,0
2634,29,Female,61,90.58,6747.46,Month-to-month,Bank transfer,DSL,No internet service,Yes,No,No,0,Yes,Yes,Yes,Yes,0
2635,34,Male,54,76.34,4574.56,One year,Bank transfer,DSL,No,Yes,Yes,No,0,No,Yes,Yes,No,0
2636,33,Male,8,55.96,6262.58,One year,Mailed check,No,No,No internet service,Yes,Yes,0,No,Yes,Yes,No phone service,0
2637,29,Female,29,146.71,3989.92,One year,Electronic check,Fiber optic,Yes,Yes,Yes,Yes,0,Yes,No,Yes,No phone service,0
2638,25,Female,41,53.64,7617.09,One year,Mailed check,Fiber optic,No internet service,No,No internet service,Yes,0,No,No,Yes,Yes,0
2639,37,Female,30,60.21,1606.52,Month-to-month,Electronic check,DSL,No,Yes,No,No,0,No,Yes,Yes,No,0
2640,20,Male,21,41.01,7333.38,One year,Electronic check,No,Yes,Yes,No internet service,No,0,No,No,Yes,No phone service,0
2641,33,Female,11,126.99,2142.39,Two year,Electronic check,DSL,No,No,No internet service,Yes,0,No,No,Yes,Yes,1
2642,47,Male,2,96.26,911.51,Two year,Electronic check,DSL,Yes,Yes,No internet service,No,0,Yes,No,Yes,No,0
2643,62,Male,50,99.7,3568.93,Month-to-month,Electronic check,DSL,No internet service,No internet service,No internet service,Yes,0,No,Yes,Yes,No phone service,0
2644,40,Female,41,126.67,4957.85,Month-to-month,Mailed check,Fiber optic,No,No,Yes,No,0,Yes,No,Yes,No phone service,1
2645,45,Male,66,64.58,1924.82,Month-to-month,Bank transfer,DSL,Yes,No,Yes,Yes,0,Yes,No,Yes,No phone service,0
2646,68,Female,3,45.17,4490.79,One year,Mailed check,Fiber optic,Yes,Yes,No,No,0,No,Yes,Yes,No phone service,0
2647,57,Male,51,45.79,6482.36,Month-to-month,Bank transfer,DSL,No internet service,No internet service,No,Yes,0,No,No,Yes,No phone service,0
2648,22,Female,68,115.24,2130.97,One year,Bank transfer,Fiber optic,No,No internet service,Yes,No,0,No,No,Yes,No,0
2649,37,Male,25,99.83,4684.55,Two year,Credit card,Fiber optic,Yes,No,No,No,0,No,Yes,Yes,No phone service,0
2650,57,Male,30,46.82,2780.57,Month-to-month,Bank transfer,DSL,Yes,No,No,Yes,0,No,No,Yes,No phone service,0
2651,61,Female,11,38.86,4285.17,Month-to-month,Mailed check,DSL,Yes,Yes,No internet service,Yes,1,Yes,Yes,Yes,No phone service,1
2652,18,Female,17,35.69,5368.66,Two year,Credit card,Fiber optic,Yes,No,No internet service,Yes,1,Yes,No,Yes,No phone service,0
2653,47,Female,26,101.61,2868.34,Month-to-month,Electronic check,DSL,No,No internet service,No internet service,No,1,Yes,Yes,Yes,Yes,1
2654,38,Female,23,20.02,7956.41,Month-to-month,Electronic check,DSL,No,Yes,No internet service,Yes,0,Yes,No,Yes,No,0
2655,37,Male,56,22.38,4553.82,Month-to-month,Bank transfer,Fiber optic,Yes,Yes,No internet service,Yes,0,No,No,Yes,No,0
2656,23,Female,52,70.64,6613.25,Month-to-month,Electronic check,DSL,No,No internet service,Yes,Yes,0,No,No,Yes,No,0
2657,39,Female,48,109.88,5828.57,One year,Electronic check,Fiber optic,No,No internet service,No internet service,Yes,0,No,No,No,No phone service,0
2658,35,Male,20,110.36,6837.16,Month-to-month,Credit card,DSL,No internet service,No,No internet service,No,0,No,Yes,Yes,No,0
2659,25,Female,2,75.92,1473.03,Month-to-month,Mailed check,DSL,No internet service,No internet service,Yes,Yes,0,Yes,No,Yes,No phone service,0
2660,56,Female,31,109.84,1858.17,One year,Electronic check,Fiber optic,Yes,Yes,No internet service,Yes,0,Yes,Yes,Yes,No phone service,0
2661,49,Male,27,87.74,3950.55,Month-to-month,Electronic check,DSL,No internet service,Yes,No,No,1,No,No,Yes,Yes,0
2662,50,Female,2,147.0,6833.4,Month-to-month,Mailed check,Fiber optic,No,No internet service,Yes,Yes,1,Yes,No,Yes,No phone service,1
2663,33,Female,4,41.12,1661.09,One year,Credit card,Fiber optic,Yes,No,No,Yes,1,Yes,No,No,No,0
2664,29,Female,13,98.09,7771.42,Two year,Credit card,DSL,No internet service,Yes,No,Yes,1,No,No,Yes,No phone service,0
2665,55,Female,35,83.86,1108.06,Month-to-month,Electronic check,Fiber optic,Yes,No,Yes,Yes,0,No,No,Yes,No,0
2666,69,Female,66,45.28,1483.12,Month-to-month,Bank transfer,No,Yes,No internet service,Yes,Yes,0,Yes,No,Yes,No phone service,0
2667,51,Female,6,117.5,1421.15,One year,Mailed check,Fiber optic,No internet service,No,No internet service,Yes,1,No,No,Yes,Yes,0
2668,31,Male,31,55.82,4729.45,One year,Credit card,DSL,No,Yes,Yes,Yes,0,No,No,Yes,No phone service,0
2669,53,Female,10,69.62,7348.57,Month-to-month,Electronic check,Fiber optic,No,No internet service,Yes,No,0,No,Yes,Yes,No,1
2670,50,Male,21,68.73,2115.38,Month-to-month,Credit card,DSL,No internet service,Yes,No internet service,No,0,Yes,No,Yes,Yes,0
2671,40,Male,23,51.75,4468.99,Month-to-month,Electronic check,DSL,No internet service,Yes,No internet service,Yes,1,No,No,No,No phone service,0
2672,67,Male,3,75.99,1488.6,One year,Mailed check,No,No internet service,No internet service,Yes,Yes,0,Yes,No,Yes,Yes,0
2673,62,Male,32,81.53,5085.98,Month-to-month,Bank transfer,DSL,No internet service,No,No internet service,No,0,No,Yes,No,No phone service,0
2674,19,Female,20,116.75,1073.65,Two year,Mailed check,DSL,Yes,No internet service,No internet service,Yes,0,No,No,Yes,Yes,0
2675,58,Female,29,119.46,3981.36,One year,Credit card,Fiber optic,No,Yes,No internet service,No,0,No,Yes,Yes,No phone service,0
2676,38,Female,52,40.61,5275.94,One year,Credit card,No,No,Yes,No,No,0,Yes,No,Yes,No,0
2677,19,Male,46,97.06,4675.11,Two year,Credit card,DSL,No internet service,Yes,No internet service,Yes,0,Yes,No,Yes,No phone service,0
2678,44,Female,34,136.51,1206.0,Month-to-month,Bank transfer,DSL,No,No internet service,No,No,0,No,No,Yes,No,0
2679,26,Female,61,34.14,1374.85,One year,Mailed check,Fiber optic,No,No internet service,Yes,No,0,No,No,Yes,No phone service,0
2680,18,Female,71,81.48,5403.99,Month-to-month,Electronic check,Fiber optic,No,No internet service,No,Yes,1,Yes,No,Yes,No phone service,0
2681,28,Male,70,117.55,6490.38,Month-to-month,Mailed check,Fiber optic,No internet service,No internet service,No,Yes,0,No,Yes,No,No,0
2682,20,Male,11,99.49,7273.79,Month-to-month,Mailed check,No,No internet service,No,No,Yes,0,Yes,Yes,No,No,1
2683,69,Female,63,33.08,6527.53,Month-to-month,Bank transfer,DSL,No,Yes,No,Yes,0,No,No,Yes,No,0
2684,40,Male,21,71.56,7794.0,Two year,Mailed check,DSL,No internet service,No,No,Yes,0,Yes,No,Yes,No,0
2685,43,Male,3,85.94,3325.19,One year,Credit card,DSL,No,Yes,No,Yes,0,No,No,Yes,No phone service,0
2686,21,Female,10,149.46,2716.21,Two year,Bank transfer,Fiber optic,No internet service,Yes,Yes,Yes,0,Yes,No,Yes,No phone service,0
2687,35,Male,27,43.22,322.65,Month-to-month,Credit card,DSL,No,No,Yes,Yes,0,No,No,Yes,No phone service,0
2688,23,Male,12,147.72,3654.18,One year,Credit card,No,No internet service,No internet service,Yes,Yes,0,No,Yes,Yes,No,0
2689,52,Female,7,68.9,5245.84,Month-to-month,Mailed check,No,No,Yes,No,Yes,1,No,No,Yes,No phone service,1
2690,39,Male,17,46.04,6541.73,Month-to-month,Electronic check,DSL,No internet service,No internet service,No internet service,Yes,0,No,No,Yes,No phone service,0
2691,60,Male,65,73.83,2212.9,One year,Mailed check,No,No internet service,No,No,No,0,No,No,Yes,Yes,0
2692,32,Male,64,99.82,4157.37,Month-to-month,Electronic check,DSL,No,Yes,Yes,No,0,No,No,Yes,Yes,0
2693,39,Male,26,47.75,5329.88,One year,Bank transfer,Fiber optic,Yes,No internet service,No,No,0,Yes,Yes,Yes,No,0
2694,54,Male,15,57.89,4457.66,Month-to-month,Bank transfer,Fiber optic,No,No,Yes,Yes,0,No,Yes,Yes,No,0
2695,69,Male,33,131.09,2264.76,Month-to-month,Bank transfer,Fiber optic,No,Yes,No internet service,Yes,0,No,No,Yes,Yes,1
2696,59,Male,62,149.87,6390.63,One year,Credit card,Fiber optic,Yes,No,No internet service,No,0,No,Yes,Yes,No phone service,0
2697,29,Male,47,61.36,1469.55,Two year,Credit card,Fiber optic,No internet service,No internet service,Yes,No,0,No,No,No,No phone service,0
2698,64,Female,35,39.35,7249.34,Month-to-month,Bank transfer,No,Yes,Yes,Yes,No,0,Yes,No,Yes,No,0
2699,66,Female,65,123.11,7625.51,One year,Mailed check,Fiber optic,No,Yes,No,No,0,Yes,No,Yes,No phone service,0
2700,59,Female,25,98.06,2988.03,One year,Credit card,DSL,Yes,Yes,No,No,1,No,No,Yes,No phone service,0
2701,55,Female,57,33.05,3071.84,Month-to-month,Credit card,No,No internet service,No,No,No,1,No,No,Yes,Yes,0
2702,35,Male,32,143.08,5971.9,One year,Mailed check,No,No,No,No internet service,Yes,1,No,Yes,Yes,Yes,0
2703,62,Female,63,30.15,3704.68,Month-to-month,Credit card,Fiber optic,No,No,No internet service,No,0,No,No,Yes,No,0
2704,52,Female,12,101.3,326.02,Month-to-month,Mailed check,Fiber optic,No internet service,No,No internet service,No,0,No,No,Yes,No,0
2705,47,Male,63,75.11,7367.03,Month-to-month,Electronic check,No,No internet service,No internet service,No,Yes,0,No,Yes,Yes,Yes,0
2706,41,Male,1,92.36,3502.93,Two year,Mailed check,No,No,No,Yes,Yes,1,Yes,No,Yes,No phone service,0
2707,59,Male,51,47.72,1707.61,Month-to-month,Electronic check,DSL,No internet service,No,Yes,No,0,Yes,No,Yes,Yes,0
2708,47,Male,70,109.45,4489.75,Month-to-month,Credit card,Fiber optic,Yes,No,No,Yes,0,Yes,No,Yes,Yes,0
2709,31,Male,8,144.76,1829.36,Month-to-month,Electronic check,No,Yes,No internet service,No,No,0,Yes,Yes,Yes,No,1
2710,23,Female,68,79.6,1727.57,Month-to-month,Mailed check,DSL,Yes,No internet service,Yes,No,0,No,No,Yes,No phone service,0
2711,20,Male,5,87.98,4411.28,Month-to-month,Electronic check,Fiber optic,Yes,Yes,Yes,Yes,0,No,No,Yes,No,1
2712,33,Female,39,51.18,3189.23,Month-to-month,Bank transfer,Fiber optic,No internet service,No,No internet service,Yes,0,Yes,No,Yes,No,0
2713,24,Female,23,135.94,4626.65,Month-to-month,Mailed check,DSL,Yes,Yes,No,Yes,0,Yes,No,Yes,Yes,0
2714,69,Male,68,146.25,7974.92,Month-to-month,Mailed check,DSL,Yes,Yes,No internet service,No,0,No,No,Yes,Yes,0
2715,31,Female,52,122.22,6886.24,Two year,Electronic check,Fiber optic,No,No internet service,No internet service,No,0,Yes,No,Yes,No,0
2716,26,Female,4,90.56,160.6,One year,Credit card,DSL,No internet service,No internet service,Yes,Yes,0,Yes,No,Yes,Yes,0
2717,32,Male,47,144.38,499.39,Month-to-month,Credit card,Fiber optic,No internet service,Yes,No,No,0,No,No,Yes,Yes,0
2718,38,Female,21,40.0,4919.63,Month-to-month,Mailed check,Fiber optic,No internet service,Yes,Yes,No,0,Yes,Yes,Yes,No phone service,0
2719,52,Female,56,82.2,5047.42,Month-to-month,Mailed check,Fiber optic,No,No,No internet service,Yes,0,No,No,Yes,No phone service,0
2720,19,Female,66,89.89,7037.71,One year,Electronic check,DSL,No,No internet service,No,Yes,1,Yes,No,Yes,No,0
2721,44,Male,59,83.95,5069.55,Month-to-month,Mailed check,Fiber optic,No internet service,No internet service,No internet service,No,0,No,Yes,Yes,No phone service,0
2722,19,Male,7,124.31,1898.94,Month-to-month,Mailed check,Fiber optic,Yes,Yes,No internet service,No,0,No,Yes,Yes,No,1
2723,52,Male,49,107.15,3801.28,Month-to-month,Credit card,DSL,No,No internet service,Yes,Yes,0,No,Yes,No,No phone service,1
2724,35,Female,16,36.47,6490.98,Month-to-month,Mailed check,Fiber optic,No,Yes,No,Yes,0,Yes,No,No,Yes,0
2725,31,Male,17,65.04,7390.32,Two year,Electronic check,Fiber optic,No,Yes,No,Yes,0,Yes,No,No,Yes,0
2726,37,Female,34,64.08,1971.63,Month-to-month,Mailed check,DSL,No internet service,No internet service,No,Yes,0,Yes,Yes,Yes,No,0
2727,35,Male,33,93.53,4362.88,Month-to-month,Mailed check,No,Yes,No,No,Yes,0,Yes,No,Yes,No phone service,0
2728,27,Female,26,57.89,1355.53,One year,Mailed check,Fiber optic,No,No internet service,No internet service,No,0,No,No,Yes,Yes,0
2729,42,Male,66,35.25,4026.3,One year,Bank transfer,DSL,No,Yes,Yes,Yes,1,Yes,No,Yes,No,0
2730,19,Male,63,104.98,811.9,Month-to-month,Mailed check,DSL,No internet service,Yes,No,No,0,No,No,Yes,No phone service,0
2731,42,Female,41,130.63,7539.65,Month-to-month,Electronic check,Fiber optic,Yes,No,No internet service,No,0,Yes,Yes,Yes,Yes,0
2732,50,Male,58,141.11,5140.65,Month-to-month,Credit card,DSL,No,Yes,Yes,No,0,No,No,Yes,No phone service,0
2733,53,Female,10,146.44,6848.31,Month-to-month,Credit card,DSL,No internet service,No,Yes,No,0,No,No,Yes,No,1
2734,48,Male,15,121.55,7986.53,Month-to-month,Bank transfer,DSL,No internet service,No internet service,Yes,Yes,0,No,No,Yes,No,0
2735,31,Male,42,38.16,1543.06,Month-to-month,Electronic check,Fiber optic,No,No,No,No,0,Yes,No,Yes,No,0
2736,18,Female,57,130.9,5583.73,One year,Credit card,DSL,No internet service,Yes,No internet service,No,0,Yes,No,Yes,Yes,0
2737,63,Female,17,71.99,7107.19,Two year,Credit card,No,No internet service,Yes,Yes,Yes,0,No,Yes,Yes,No,0
2738,33,Female,60,114.89,4649.91,One year,Mailed check,Fiber optic,No,No,Yes,No,0,Yes,No,Yes,No phone service,0
2739,63,Male,9,89.06,5153.6,Month-to-month,Mailed check,Fiber optic,No internet service,No internet service,Yes,Yes,0,No,No,Yes,Yes,1
2740,69,Female,36,127.72,3320.6,One year,Mailed check,Fiber optic,Yes,No,No internet service,Yes,0,Yes,Yes,Yes,No,0
2741,20,Male,36,75.32,5430.61,One year,Bank transfer,Fiber optic,Yes,Yes,No internet service,Yes,0,Yes,No,Yes,No,0
2742,52,Female,48,28.03,3225.07,Two year,Mailed check,Fiber optic,No,No internet service,No,No,0,Yes,No,Yes,Yes,0
2743,58,Female,51,92.39,3865.3,One year,Electronic check,Fiber optic,Yes,No,No,No,0,Yes,Yes,Yes,No,0
2744,23,Female,70,42.27,913.0,One year,Bank transfer,Fiber optic,Yes,No,No internet service,No,0,No,No,Yes,No phone service,0
2745,42,Female,68,145.52,161.69,Month-to-month,Credit card,Fiber optic,No,No,No,No,0,Yes,No,Yes,Yes,1
2746,30,Female,22,88.51,535.69,Month-to-month,Credit card,No,No internet service,Yes,No internet service,No,0,Yes,No,Yes,No phone service,0
2747,51,Female,6,91.96,1620.92,Month-to-month,Electronic check,Fiber optic,Yes,Yes,No,Yes,0,Yes,No,Yes,No phone service,1
2748,25,Male,26,137.94,3707.17,Month-to-month,Electronic check,Fiber optic,No internet service,Yes,No,Yes,0,No,No,Yes,No,0
2749,38,Female,3,101.2,265.85,Month-to-month,Credit card,DSL,No,No internet service,No internet service,No,0,No,No,Yes,Yes,1
2750,51,Male,52,59.35,1331.9,Month-to-month,Electronic check,Fiber optic,Yes,No internet service,Yes,No,0,No,No,No,No,0
2751,21,Female,60,58.49,6273.41,One year,Electronic check,DSL,No,No internet service,Yes,No,0,No,Yes,Yes,No phone service,0
2752,42,Female,63,85.21,6121.12,Two year,Electronic check,No,No internet service,Yes,No,No,0,No,No,Yes,No,0
2753,32,Female,65,132.66,6338.87,Month-to-month,Mailed check,Fiber optic,No,No internet service,Yes,Yes,0,No,No,Yes,No,0
2754,21,Male,52,123.31,7380.17,Month-to-month,Credit card,DSL,Yes,No internet service,Yes,No,0,Yes,No,No,No phone service,0
2755,62,Male,14,145.16,1040.66,Two year,Electronic check,DSL,No,No,No,No,0,No,No,Yes,No,0
2756,29,Female,68,29.35,1388.81,Two year,Electronic check,DSL,No,Yes,Yes,No,0,No,Yes,Yes,No phone service,0
2757,49,Male,28,54.88,2735.07,Month-to-month,Mailed check,DSL,No,No,No internet service,No,0,Yes,No,Yes,Yes,0
2758,49,Female,71,30.43,7329.62,Month-to-month,Credit card,No,No internet service,Yes,No internet service,No,0,Yes,No,Yes,No phone service,0
2759,45,Female,10,117.64,6226.27,Month-to-month,Bank transfer,No,No internet service,Yes,Yes,Yes,0,Yes,Yes,Yes,Yes,1
2760,30,Male,57,38.31,2660.56,Month-to-month,Credit card,No,No internet service,No internet service,No internet service,Yes,0,Yes,No,Yes,No phone service,0
2761,48,Male,66,32.99,792.32,Two year,Credit card,Fiber optic,No internet service,No,No internet service,Yes,1,No,Yes,Yes,No phone service,0
2762,31,Male,50,93.02,4969.4,One year,Credit card,Fiber optic,Yes,No,Yes,No,0,No,No,Yes,No,0
2763,37,Male,14,73.49,2128.87,Month-to-month,Mailed check,No,No internet service,No internet service,No internet service,No,0,No,No,Yes,Yes,0
2764,35,Female,16,112.96,4296.11,Two year,Credit card,No,No internet service,No,No,Yes,0,No,Yes,Yes,No phone service,0
2765,46,Male,54,83.31,7540.25,One year,Bank transfer,No,Yes,No,No,Yes,0,Yes,No,Yes,No,0
2766,23,Male,43,75.29,4623.68,Two year,Electronic check,No,No internet service,Yes,No,No,0,No,No,Yes,No,0
2767,49,Female,42,75.32,7398.29,Two year,Credit card,Fiber optic,No,No,Yes,No,0,No,No,Yes,Yes,0
2768,46,Male,22,133.34,3205.01,Month-to-month,Mailed check,DSL,No internet service,No,No internet service,Yes,0,Yes,Yes,Yes,No,1
2769,60,Male,68,71.38,5103.48,Month-to-month,Credit card,Fiber optic,Yes,Yes,Yes,Yes,0,Yes,No,Yes,No,0
2770,19,Male,19,63.34,7161.73,One year,Credit card,Fiber optic,No,No internet service,Yes,Yes,1,Yes,No,Yes,No phone service,0
2771,40,Male,66,64.01,4745.1,Two year,Bank transfer,Fiber optic,Yes,Yes,No internet service,Yes,0,No,No,Yes,Yes,0
2772,36,Female,39,45.56,4957.7,Two year,Bank transfer,No,No,No internet service,No internet service,No,0,No,Yes,Yes,Yes,0
2773,48,Female,19,131.89,5758.83,One year,Mailed check,No,No,No internet service,No internet service,Yes,0,Yes,Yes,Yes,Yes,0
2774,68,Male,16,39.06,7068.65,Month-to-month,Mailed check,Fiber optic,No,Yes,Yes,Yes,0,Yes,No,Yes,Yes,0
2775,22,Male,54,138.12,796.62,Month-to-month,Mailed check,DSL,Yes,Yes,Yes,No,0,No,Yes,Yes,No,0
2776,36,Female,25,56.85,2761.19,One year,Mailed check,Fiber optic,No,No internet service,No,Yes,0,No,No,Yes,Yes,0
2777,51,Male,18,136.93,3241.71,One year,Mailed check,DSL,No,Yes,Yes,No,0,Yes,No,Yes,No,0
2778,27,Male,23,122.81,7286.71,One year,Electronic check,DSL,No,Yes,No internet service,Yes,0,No,No,No,No,0
2779,42,Male,11,95.66,7652.46,Month-to-month,Electronic check,Fiber optic,No,No,Yes,Yes,0,No,No,Yes,No,1
2780,19,Male,39,107.03,1051.01,One year,Mailed check,DSL,No,Yes,No,No,1,No,No,Yes,No,0
2781,28,Male,68,62.36,1040.95,Two year,Mailed check,DSL,No internet service,Yes,No internet service,Yes,0,Yes,No,Yes,Yes,0
2782,67,Male,25,94.65,7485.41,Month-to-month,Electronic check,Fiber optic,Yes,No,No,No,0,Yes,Yes,Yes,No,0
2783,48,Male,63,58.01,2436.6,Month-to-month,Bank transfer,Fiber optic,No,No internet service,Yes,No,0,Yes,No,Yes,No phone service,0
2784,32,Male,30,72.3,2010.33,One year,Electronic check,DSL,No,No internet service,Yes,Yes,0,Yes,No,Yes,No phone service,0
2785,26,Male,45,119.41,381.42,Two year,Mailed check,No,No,Yes,No,No,0,Yes,Yes,No,No phone service,0
2786,40,Female,61,51.71,2277.21,Month-to-month,Bank transfer,Fiber optic,No,Yes,No,No,0,No,Yes,Yes,No phone service,0
2787,36,Female,51,129.05,5578.86,Month-to-month,Mailed check,DSL,No,No internet service,No internet service,No,0,Yes,Yes,Yes,No,1
2788,26,Female,9,68.86,3465.69,Month-to-month,Credit card,Fiber optic,No internet service,Yes,No internet service,Yes,0,No,No,Yes,No phone service,0
2789,52,Male,2,89.18,4183.28,Month-to-month,Bank transfer,No,No internet service,No internet service,No,No,0,No,No,Yes,No phone service,1
2790,38,Male,5,142.45,7346.64,Month-to-month,Mailed check,Fiber optic,No,No internet service,No internet service,Yes,0,Yes,No,Yes,No,1
2791,26,Female,62,108.56,1006.05,One year,Electronic check,Fiber optic,No,No,No,No,1,Yes,No,Yes,Yes,0
2792,45,Male,69,103.93,662.8,Month-to-month,Mailed check,No,No,No,No,No,0,Yes,No,Yes,Yes,1
2793,63,Female,52,112.51,6830.25,One year,Electronic check,Fiber optic,Yes,Yes,Yes,No,0,Yes,No,Yes,Yes,0
2794,68,Male,5,139.35,6221.36,Month-to-month,Bank transfer,DSL,Yes,Yes,No,No,0,Yes,No,Yes,Yes,1
2795,24,Female,59,52.31,2183.5,Month-to-month,Electronic check,Fiber optic,No internet service,No internet service,No internet service,No,0,No,No,Yes,No,0
2796,33,Female,68,99.72,2661.45,One year,Bank transfer,No,No internet service,Yes,No,No,0,Yes,No,Yes,No,0
2797,33,Female,9,72.05,2551.19,One year,Mailed check,Fiber optic,Yes,No,Yes,Yes,0,No,Yes,Yes,Yes,0
2798,50,Male,22,21.54,5217.69,Month-to-month,Electronic check,No,No,No internet service,No internet service,Yes,0,Yes,No,No,No phone service,0
2799,21,Female,27,36.29,583.57,Two year,Bank transfer,Fiber optic,No internet service,No internet service,No,Yes,1,Yes,No,Yes,No,0
2800,21,Male,10,62.25,3966.27,Month-to-month,Bank transfer,DSL,No,Yes,Yes,No,1,No,No,Yes,No phone service,1
2801,56,Male,61,93.45,1157.6,Month-to-month,Bank transfer,Fiber optic,No,No internet service,No internet service,Yes,0,Yes,No,No,No phone service,0
2802,57,Male,51,134.59,6575.93,One year,Credit card,Fiber optic,No internet service,No internet service,Yes,No,0,Yes,Yes,Yes,No phone service,0
2803,34,Male,10,122.84,3107.24,Two year,Bank transfer,No,Yes,No internet service,Yes,Yes,0,No,No,Yes,Yes,0
2804,54,Male,6,91.93,4267.82,Month-to-month,Mailed check,No,Yes,No,No internet service,No,1,Yes,Yes,Yes,Yes,1
2805,56,Male,62,29.6,331.61,Month-to-month,Mailed check,No,Yes,No internet service,Yes,Yes,0,Yes,Yes,Yes,Yes,0
2806,69,Male,5,57.17,560.29,One year,Mailed check,No,No,No,Yes,Yes,0,Yes,No,No,No phone service,0
2807,46,Female,70,67.67,5432.93,Month-to-month,Bank transfer,DSL,No,No internet service,Yes,Yes,0,Yes,Yes,Yes,No phone service,0
2808,69,Female,63,100.82,6157.49,One year,Mailed check,No,No,Yes,No internet service,Yes,0,Yes,No,Yes,No,0
2809,53,Female,56,28.44,5709.28,Month-to-month,Bank transfer,DSL,Yes,Yes,Yes,No,0,No,Yes,Yes,No,0
2810,55,Male,59,88.93,5922.45,Two year,Bank transfer,DSL,No,No internet service,No,No,0,No,Yes,Yes,Yes,0
2811,56,Male,63,137.19,926.5,Month-to-month,Bank transfer,Fiber optic,No internet service,Yes,Yes,No,1,Yes,Yes,Yes,No,0
2812,67,Male,59,111.71,5578.26,Two year,Credit card,Fiber optic,No,No,No,Yes,0,No,Yes,Yes,No phone service,0
2813,54,Male,51,123.62,1535.81,Month-to-month,Electronic check,No,No internet service,No internet service,Yes,No,1,No,Yes,Yes,No phone service,0
2814,69,Female,50,108.62,874.32,Two year,Mailed check,Fiber optic,Yes,No,No,No,0,Yes,No,Yes,No phone service,0
2815,52,Male,4,46.86,6081.57,Month-to-month,Credit card,No,No,No internet service,No internet service,Yes,1,Yes,Yes,Yes,Yes,1
2816,24,Female,48,34.36,7126.31,Month-to-month,Mailed check,DSL,No,No,Yes,Yes,0,No,No,No,No,0
2817,44,Male,32,127.83,5762.01,Month-to-month,Credit card,No,Yes,Yes,No,Yes,0,No,No,Yes,No phone service,0
2818,45,Female,51,110.42,6464.03,Two year,Electronic check,Fiber optic,No,No,No internet service,Yes,1,No,No,Yes,Yes,0
2819,39,Male,52,94.76,7929.6,Month-to-month,Electronic check,Fiber optic,No internet service,No,Yes,No,0,Yes,No,Yes,Yes,0
2820,31,Female,34,44.61,1164.57,Month-to-month,Electronic check,Fiber optic,Yes,Yes,Yes,Yes,0,No,No,Yes,No,0
2821,24,Male,36,98.43,7724.71,Month-to-month,Electronic check,Fiber optic,No internet service,Yes,Yes,No,0,No,Yes,Yes,No phone service,0
2822,54,Female,70,24.07,4849.46,Two year,Bank transfer,Fiber optic,Yes,No internet service,No internet service,Yes,0,No,No,Yes,Yes,0
2823,39,Male,43,35.45,6524.7,Month-to-month,Mailed check,Fiber optic,No internet service,No internet service,No internet service,Yes,1,Yes,No,Yes,Yes,0
2824,22,Female,16,60.55,5236.34,Month-to-month,Mailed check,Fiber optic,No internet service,No,No,Yes,0,No,No,Yes,No phone service,0
2825,19,Female,59,77.69,4603.3,Two year,Mailed check,DSL,No internet service,No internet service,Yes,Yes,1,Yes,No,Yes,Yes,0
2826,44,Male,53,35.67,5658.59,Two year,Bank transfer,DSL,No,No,No,No,1,Yes,No,Yes,Yes,0
2827,38,Female,19,35.59,2630.04,Month-to-month,Mailed check,Fiber optic,No,No internet service,No,Yes,0,Yes,No,Yes,No,0
2828,55,Male,41,114.37,7401.75,Two year,Electronic check,No,No,Yes,No,Yes,0,No,No,Yes,No,0
2829,32,Male,47,94.06,1010.81,Month-to-month,Mailed check,Fiber optic,No,Yes,No,No,0,Yes,Yes,Yes,No,0
2830,38,Male,54,89.39,2612.45,Month-to-month,Mailed check,No,No,Yes,No,Yes,0,Yes,Yes,Yes,No,0
2831,27,Female,55,78.82,346.18,Two year,Credit card,Fiber optic,No internet service,Yes,Yes,No,0,No,No,Yes,No,0
2832,40,Female,19,146.95,2243.45,One year,Bank transfer,No,No,No,No internet service,No,0,Yes,No,Yes,No phone service,0
2833,56,Male,62,26.47,1823.88,Month-to-month,Electronic check,Fiber optic,No internet service,Yes,No,No,0,Yes,Yes,No,Yes,0
2834,22,Male,59,43.48,492.08,Month-to-month,Electronic check,DSL,Yes,Yes,No internet service,Yes,1,Yes,Yes,Yes,No phone service,0
2835,18,Female,65,104.18,3985.02,Month-to-month,Electronic check,Fiber optic,No internet service,Yes,No,No,0,Yes,Yes,Yes,No phone service,0
2836,30,Female,68,37.73,3802.22,One year,Mailed check,Fiber optic,No,Yes,Yes,Yes,0,Yes,No,Yes,No,0
2837,38,Female,28,96.62,714.19,Two year,Electronic check,Fiber optic,Yes,No internet service,No,No,0,Yes,No,Yes,No phone service,0
2838,43,Male,18,93.81,2168.62,Month-to-month,Electronic check,DSL,No,No,No,No,1,No,Yes,Yes,Yes,0
2839,67,Male,26,146.23,7631.25,Two year,Credit card,DSL,Yes,No,No,Yes,0,No,No,Yes,No phone service,0
2840,62,Male,19,134.84,974.82,Month-to-month,Mailed check,Fiber optic,No internet service,No internet service,Yes,No,0,Yes,Yes,Yes,No phone service,0
2841,38,Male,55,142.92,2509.65,One year,Credit card,Fiber optic,Yes,No internet service,No,Yes,0,Yes,No,Yes,No,0
2842,35,Male,57,34.77,383.31,Month-to-month,Bank transfer,Fiber optic,No,No,Yes,No,0,No,No,Yes,No phone service,0
2843,54,Female,6,132.86,1276.21,One year,Mailed check,Fiber optic,Yes,No,No internet service,Yes,0,No,No,Yes,No phone service,0
2844,62,Male,1,36.78,5625.24,Month-to-month,Credit card,Fiber optic,No internet service,No internet service,No internet service,Yes,1,Yes,No,Yes,No,1
2845,49,Female,8,102.28,2997.06,Two year,Bank transfer,DSL,Yes,Yes,No internet service,No,0,Yes,Yes,Yes,Yes,0
2846,53,Female,51,113.61,3671.4,Month-to-month,Credit card,Fiber optic,No internet service,No,Yes,No,0,Yes,Yes,Yes,No,0
2847,34,Male,25,40.91,1340.13,Month-to-month,Bank transfer,Fiber optic,Yes,No internet service,No,Yes,0,No,No,Yes,No,0
2848,52,Female,47,102.25,5488.91,Two year,Electronic check,DSL,No internet service,Yes,No internet service,No,0,No,No,Yes,No phone service,0
2849,66,Male,55,26.82,6037.02,Month-to-month,Electronic check,DSL,No internet service,Yes,No internet service,Yes,0,No,No,Yes,No,0
2850,28,Female,64,58.12,1530.79,Month-to-month,Mailed check,DSL,No internet service,No internet service,No,No,0,Yes,Yes,Yes,No,0
2851,38,Male,10,139.75,455.45,One year,Credit card,No,No internet service,No,No internet service,Yes,0,No,No,Yes,Yes,0
2852,69,Male,56,42.33,739.43,Two year,Credit card,Fiber optic,No,No,No internet service,Yes,0,Yes,Yes,Yes,No phone service,0
2853,43,Female,12,28.49,5290.66,Month-to-month,Bank transfer,Fiber optic,No internet service,Yes,No,No,0,Yes,Yes,Yes,Yes,0
2854,21,Male,33,77.68,1170.53,Month-to-month,Mailed check,Fiber optic,No,No internet service,Yes,Yes,0,Yes,No,No,Yes,0
2855,51,Female,71,130.58,4001.96,Month-to-month,Electronic check,No,No internet service,Yes,Yes,Yes,0,No,No,Yes,No,0
2856,69,Male,17,29.97,1305.87,Two year,Credit card,Fiber optic,Yes,Yes,No internet service,No,0,No,Yes,Yes,Yes,0
2857,65,Male,61,66.22,1444.17,Month-to-month,Bank transfer,DSL,Yes,Yes,No internet service,No,0,Yes,No,Yes,Yes,0
2858,35,Male,10,136.97,134.45,Month-to-month,Electronic check,Fiber optic,No,No internet service,Yes,Yes,0,Yes,Yes,Yes,No,1
2859,57,Female,31,35.36,2634.51,One year,Electronic check,Fiber optic,Yes,No,No internet service,No,0,Yes,Yes,No,No,0
2860,52,Female,60,60.39,809.4,Month-to-month,Electronic check,Fiber optic,No internet service,Yes,Yes,Yes,0,No,Yes,Yes,No phone service,0
2861,58,Male,70,121.19,3212.29,Month-to-month,Bank transfer,DSL,Yes,No,No internet service,Yes,0,No,No,Yes,No,0
2862,46,Female,17,90.62,4822.5,Two year,Bank transfer,No,No,No,No internet service,No,1,Yes,No,Yes,No,0
2863,69,Male,50,128.2,3003.5,Month-to-month,Electronic check,No,Yes,No internet service,Yes,No,1,Yes,No,Yes,No,0
2864,46,Female,37,34.51,5670.14,One year,Bank transfer,No,No,No,No,No,0,No,Yes,Yes,No phone service,0
2865,55,Female,62,139.67,5957.47,Two year,Electronic check,DSL,No internet service,No,No internet service,Yes,1,Yes,No,Yes,Yes,0
2866,59,Male,29,141.54,5603.19,Month-to-month,Electronic check,DSL,No internet service,Yes,No internet service,No,0,Yes,No,Yes,No,0
2867,38,Male,32,40.19,7500.04,Month-to-month,Electronic check,Fiber optic,Yes,No internet service,No,Yes,0,No,Yes,Yes,No phone service,0
2868,59,Male,11,24.4,1974.62,Two year,Bank transfer,No,Yes,No internet service,No internet service,No,0,No,No,Yes,No,0
2869,30,Male,6,148.68,1596.71,One year,Mailed check,Fiber optic,Yes,Yes,No,Yes,0,No,Yes,No,Yes,0
2870,66,Male,35,82.69,4916.72,Month-to-month,Mailed check,No,No internet service,Yes,No,Yes,0,Yes,Yes,No,Yes,0
2871,58,Female,33,94.37,4799.53,Month-to-month,Bank transfer,No,Yes,No,Yes,No,0,Yes,No,Yes,No,0
2872,34,Female,18,100.07,4129.78,One year,Credit card,Fiber optic,No internet service,No,No,Yes,0,No,Yes,Yes,No,0
2873,26,Male,37,122.66,134.39,Month-to-month,Bank transfer,DSL,No,No internet service,Yes,Yes,1,No,Yes,Yes,No phone service,1
2874,58,Male,13,125.56,4486.38,One year,Credit card,DSL,Yes,No internet service,Yes,Yes,0,Yes,No,Yes,Yes,0
2875,18,Male,64,45.21,7469.1,Two year,Electronic check,Fiber optic,Yes,No,Yes,No,0,No,No,Yes,No,0
2876,19,Female,1,50.76,2743.16,Month-to-month,Credit card,DSL,No,Yes,No internet service,Yes,0,No,No,Yes,No,1
2877,65,Male,63,133.99,7744.03,Two year,Electronic check,DSL,No,No internet service,No internet service,No,0,No,Yes,Yes,No,0
2878,46,Male,34,126.54,2918.38,One year,Mailed check,Fiber optic,No,Yes,No,Yes,0,Yes,Yes,Yes,No,0
2879,50,Female,10,100.29,1204.85,Month-to-month,Electronic check,DSL,No,No,Yes,Yes,0,No,No,Yes,No phone service,1
2880,27,Female,7,149.31,3247.39,One year,Credit card,Fiber optic,No internet service,No internet service,No internet service,No,0,Yes,No,Yes,No phone service,0
2881,67,Female,56,115.57,4007.43,One year,Mailed check,No,Yes,No internet service,No internet service,Yes,0,No,Yes,Yes,Yes,0
2882,57,Female,37,48.06,5072.77,Month-to-month,Mailed check,DSL,No internet service,No,No,Yes,0,Yes,Yes,No,Yes,0
2883,38,Male,29,130.06,4088.54,Month-to-month,Bank transfer,DSL,No internet service,No,No internet service,Yes,0,Yes,Yes,Yes,No phone service,1
2884,45,Female,12,73.92,4340.08,One year,Credit card,DSL,No,Yes,No internet service,No,0,No,No,Yes,Yes,0
2885,28,Female,17,24.7,290.13,One year,Credit card,DSL,Yes,Yes,No internet service,No,0,Yes,No,Yes,No phone service,0
2886,51,Male,48,61.78,2103.6,Two year,Bank transfer,Fiber optic,No internet service,No,No internet service,No,0,Yes,No,Yes,No,0
2887,25,Male,26,119.26,2554.5,Two year,Bank transfer,Fiber optic,No internet service,No,No internet service,Yes,0,No,No,Yes,No,0
2888,39,Male,12,144.83,7898.0,Month-to-month,Mailed check,Fiber optic,No,No,No internet service,No,0,Yes,No,Yes,No phone service,1
2889,25,Female,21,55.9,2434.99,One year,Bank transfer,Fiber optic,Yes,No internet service,No,Yes,0,No,No,Yes,No,0
2890,66,Male,42,52.05,7182.97,Month-to-month,Mailed check,Fiber optic,Yes,No,Yes,Yes,1,No,No,Yes,No,0
2891,32,Female,61,93.27,2507.42,Month-to-month,Credit card,Fiber optic,Yes,No internet service,No internet service,Yes,0,Yes,No,Yes,No phone service,0
2892,34,Female,58,125.52,859.27,Month-to-month,Bank transfer,DSL,No internet service,No,Yes,No,0,Yes,No,No,No,0
2893,40,Female,54,117.05,2056.18,One year,Credit card,DSL,No,No internet service,No,No,0,Yes,No,Yes,Yes,0
2894,41,Male,34,92.79,2255.34,Month-to-month,Mailed check,No,Yes,Yes,No,No,0,Yes,No,Yes,No,0
2895,62,Female,7,102.08,7828.16,Month-to-month,Electronic check,DSL,No internet service,Yes,Yes,Yes,1,No,No,Yes,Yes,1
2896,36,Male,35,51.47,5426.9,Month-to-month,Electronic check,No,No internet service,No internet service,Yes,No,0,No,No,Yes,No phone service,0
2897,22,Male,15,76.23,7460.28,Month-to-month,Credit card,DSL,Yes,Yes,No,No,0,No,No,Yes,Yes,0
2898,49,Male,65,53.2,6696.46,Two year,Mailed check,DSL,No,Yes,No internet service,Yes,0,Yes,No,Yes,No,0
2899,61,Female,25,134.97,4670.93,Two year,Mailed check,Fiber optic,No,No internet service,Yes,No,0,No,No,Yes,Yes,0
2900,18,Female,59,34.63,5435.56,One year,Electronic check,No,Yes,No,Yes,No,0,No,No,Yes,No,0
2901,40,Female,6,108.37,5036.21,One year,Mailed check,No,No internet service,No,No internet service,No,0,No,Yes,Yes,No,0
2902,54,Male,52,53.84,5363.48,One year,Mailed check,DSL,No,No internet service,Yes,No,0,Yes,No,Yes,Yes,0
2903,25,Female,21,81.83,2191.71,One year,Credit card,No,No internet service,Yes,No internet service,No,0,Yes,No,Yes,No,0
2904,30,Female,71,58.92,3324.19,One year,Electronic check,Fiber optic,No internet service,No,No,No,0,Yes,Yes,Yes,Yes,0
2905,25,Female,32,62.02,4781.66,Month-to-month,Mailed check,DSL,No,No,Yes,Yes,0,Yes,Yes,Yes,No,0
2906,40,Female,53,53.85,383.83,Month-to-month,Credit card,DSL,No internet service,Yes,No internet service,Yes,1,No,Yes,Yes,No phone service,0
2907,60,Female,59,117.86,3914.4,Month-to-month,Bank transfer,Fiber optic,No internet service,No internet service,No internet service,Yes,0,Yes,No,Yes,No phone service,0
2908,18,Male,69,67.54,6891.84,Month-to-month,Electronic check,Fiber optic,Yes,No internet service,No,No,0,No,No,Yes,Yes,0
2909,62,Male,62,114.43,3989.71,Month-to-month,Credit card,DSL,No,No,Yes,No,0,Yes,No,Yes,Yes,1
2910,68,Male,4,79.29,4463.35,One year,Bank transfer,No,No internet service,No internet service,No internet service,Yes,0,No,Yes,No,No phone service,0
2911,41,Male,18,91.14,1695.05,One year,Mailed check,Fiber optic,No,Yes,Yes,Yes,0,Yes,No,Yes,No phone service,0
2912,52,Female,56,90.63,6375.31,Month-to-month,Mailed check,No,No,No internet service,No internet service,No,1,No,Yes,No,No phone service,0
2913,41,Male,24,146.86,2935.14,Month-to-month,Bank transfer,Fiber optic,No internet service,No internet service,Yes,No,1,No,No,Yes,No phone service,0
2914,34,Female,66,67.72,7657.04,One year,Credit card,Fiber optic,No,No internet service,Yes,No,1,Yes,No,Yes,No,0
2915,22,Male,13,47.0,7950.35,Month-to-month,Mailed check,Fiber optic,Yes,No internet service,No internet service,No,0,Yes,No,Yes,Yes,0
2916,37,Male,62,138.53,7336.4,Month-to-month,Mailed check,Fiber optic,Yes,Yes,No internet service,No,0,Yes,No,Yes,Yes,0
2917,38,Male,54,42.73,770.53,Two year,Credit card,No,No internet service,No internet service,Yes,No,0,Yes,Yes,Yes,No phone service,0
2918,57,Female,15,128.47,2732.15,Month-to-month,Credit card,Fiber optic,No,No,Yes,Yes,0,Yes,Yes,No,Yes,1
2919,48,Female,69,39.53,7566.59,Two year,Bank transfer,DSL,No internet service,No internet service,No,Yes,0,Yes,No,Yes,Yes,0
2920,63,Male,3,105.63,6455.81,Two year,Mailed check,DSL,No,No,No internet service,No,0,Yes,No,Yes,No,1
2921,53,Female,37,39.57,7298.35,Two year,Credit card,No,No internet service,Yes,Yes,Yes,0,Yes,Yes,Yes,No,0
2922,28,Male,37,140.0,4623.17,Month-to-month,Electronic check,DSL,No internet service,No internet service,Yes,Yes,1,No,No,Yes,Yes,0
2923,69,Male,3,93.45,3895.14,Month-to-month,Bank transfer,No,No,No,No internet service,No,0,No,No,Yes,No,1
2924,32,Male,63,62.81,941.32,Month-to-month,Bank transfer,Fiber optic,Yes,No internet service,Yes,Yes,0,Yes,Yes,Yes,No phone service,0
2925,36,Female,35,38.24,6731.83,Month-to-month,Bank transfer,Fiber optic,No internet service,No internet service,Yes,No,0,No,No,Yes,Yes,0
2926,24,Male,52,68.25,5986.62,Month-to-month,Bank transfer,Fiber optic,Yes,No,No,No,1,No,Yes,Yes,No,0
2927,68,Male,28,111.65,565.13,One year,Electronic check,DSL,No,Yes,No,Yes,0,Yes,No,Yes,No,0
2928,45,Male,18,70.04,1754.38,Two year,Bank transfer,Fiber optic,No internet service,Yes,No internet service,Yes,0,Yes,Yes,Yes,Yes,0
2929,68,Female,36,51.99,4502.49,Two year,Bank transfer,DSL,No,Yes,No internet service,Yes,0,No,No,Yes,Yes,0
2930,60,Male,33,95.06,5506.78,Month-to-month,Credit card,Fiber optic,Yes,Yes,No internet service,No,0,Yes,No,Yes,No phone service,0
2931,22,Female,64,74.32,1187.6,One year,Mailed check,DSL,No,Yes,No,No,0,No,No,No,No,0
2932,22,Male,26,41.55,2034.12,Month-to-month,Bank transfer,DSL,No internet service,Yes,No,No,0,Yes,Yes,Yes,Yes,0
2933,47,Female,48,40.02,1625.57,Month-to-month,Credit card,No,Yes,No internet service,No,No,0,No,No,Yes,No,0
2934,49,Male,40,111.97,1837.98,Two year,Credit card,Fiber optic,No internet service,No internet service,Yes,Yes,0,Yes,No,Yes,No,0
2935,25,Male,17,146.71,7373.63,Month-to-month,Mailed check,DSL,Yes,No,No,Yes,0,No,No,Yes,No,1
2936,27,Female,40,50.3,5754.97,One year,Credit card,Fiber optic,No,Yes,No,Yes,0,Yes,No,Yes,No,0
2937,55,Female,7,120.51,5923.15,Two year,Credit card,Fiber optic,No,Yes,No internet service,No,0,No,Yes,Yes,Yes,0
2938,64,Male,57,31.39,6372.56,Month-to-month,Bank transfer,Fiber optic,No internet service,Yes,No,No,0,No,Yes,Yes,Yes,0
2939,49,Female,8,69.6,2916.93,Two year,Bank transfer,No,No internet service,No,No,Yes,1,Yes,No,Yes,No phone service,0
2940,65,Male,56,85.87,6160.76,Month-to-month,Credit card,Fiber optic,No internet service,No internet service,Yes,No,0,No,No,Yes,Yes,0
2941,45,Male,31,54.94,7829.47,Two year,Electronic check,DSL,Yes,No internet service,No,No,0,No,Yes,Yes,No,0
2942,34,Male,59,88.85,5617.31,Month-to-month,Mailed check,Fiber optic,Yes,Yes,No internet service,Yes,0,Yes,No,Yes,No phone service,0
2943,48,Female,58,134.74,3392.35,Month-to-month,Credit card,DSL,No internet service,No internet service,Yes,Yes,0,No,Yes,Yes,Yes,0
2944,25,Male,12,142.78,5759.24,Month-to-month,Credit card,DSL,Yes,No internet service,No,No,0,No,No,Yes,Yes,0
2945,57,Female,48,33.07,7216.28,One year,Electronic check,No,Yes,No internet service,No,No,0,No,Yes,Yes,No phone service,0
2946,42,Male,31,55.34,1117.22,Two year,Mailed check,Fiber optic,No,Yes,No,Yes,0,Yes,No,Yes,Yes,0
2947,26,Female,63,147.29,2195.83,One year,Credit card,No,No,No internet service,Yes,No,1,No,No,Yes,Yes,0
2948,19,Female,39,55.15,7362.44,Two year,Credit card,DSL,No,No internet service,Yes,Yes,0,Yes,No,Yes,Yes,0
2949,32,Male,20,110.05,7575.24,Two year,Bank transfer,DSL,No internet service,No,No,Yes,0,No,No,Yes,No,0
2950,67,Female,48,52.95,3924.7,Month-to-month,Credit card,Fiber optic,No,Yes,No internet service,Yes,0,Yes,Yes,No,No phone service,0
2951,20,Male,71,66.33,3058.95,One year,Electronic check,Fiber optic,No,No internet service,No,No,0,No,No,Yes,No phone service,0
2952,66,Male,54,44.87,2333.98,Month-to-month,Credit card,Fiber optic,Yes,Yes,Yes,Yes,0,Yes,No,Yes,No,0
2953,53,Male,71,131.32,4040.14,Month-to-month,Mailed check,Fiber optic,No,No internet service,Yes,Yes,0,No,No,Yes,No phone service,1
2954,21,Male,29,134.74,7482.8,Month-to-month,Mailed check,Fiber optic,Yes,Yes,Yes,Yes,0,No,No,Yes,Yes,0
2955,31,Male,48,58.6,1283.5,Month-to-month,Electronic check,Fiber optic,No,No internet service,No internet service,Yes,0,Yes,No,Yes,No,0
2956,58,Female,56,127.07,3416.66,One year,Credit card,Fiber optic,No internet service,No internet service,No,No,0,No,No,Yes,No,0
2957,58,Male,17,66.57,7301.7,Month-to-month,Credit card,No,No internet service,No,No,Yes,0,No,No,Yes,No,0
2958,42,Female,9,32.87,2858.04,One year,Credit card,Fiber optic,No,Yes,Yes,Yes,0,No,Yes,Yes,No phone service,0
2959,67,Female,34,118.55,6167.84,Two year,Credit card,No,No,No internet service,No,Yes,0,Yes,No,Yes,No,0
2960,27,Male,45,97.54,3175.15,Month-to-month,Credit card,Fiber optic,No,No,No internet service,No,0,Yes,No,Yes,No,0
2961,38,Female,9,55.67,6458.92,One year,Mailed check,Fiber optic,No internet service,No,No internet service,No,0,No,Yes,Yes,No,0
2962,53,Male,7,52.89,7849.92,One year,Bank transfer,No,Yes,Yes,No,Yes,0,Yes,No,Yes,No phone service,0
2963,29,Female,16,146.83,3163.79,Month-to-month,Mailed check,DSL,Yes,Yes,No,Yes,0,No,No,Yes,No phone service,0
2964,44,Female,19,132.13,6776.28,One year,Bank transfer,Fiber optic,No,No,No,Yes,0,Yes,No,Yes,No phone service,0
2965,57,Female,6,125.27,7908.49,Month-to-month,Mailed check,No,No internet service,Yes,No,Yes,0,Yes,No,Yes,No,1
2966,19,Male,11,36.64,7872.26,Month-to-month,Electronic check,Fiber optic,Yes,Yes,No,No,0,Yes,Yes,Yes,Yes,1
2967,30,Female,61,118.17,3526.79,Month-to-month,Credit card,No,No,Yes,No,Yes,0,No,No,Yes,No phone service,1
2968,49,Male,42,47.89,3937.51,One year,Bank transfer,DSL,No internet service,No internet service,Yes,No,0,No,No,Yes,Yes,0
2969,48,Female,13,147.06,2496.87,Month-to-month,Mailed check,Fiber optic,No internet service,Yes,Yes,Yes,0,Yes,No,Yes,Yes,0
2970,33,Female,12,26.77,2580.75,Month-to-month,Bank transfer,No,Yes,Yes,Yes,No,0,Yes,No,Yes,No phone service,0
2971,49,Female,20,65.78,3990.52,Month-to-month,Credit card,Fiber optic,No internet service,No,No internet service,No,0,Yes,No,Yes,No phone service,0
2972,49,Female,50,75.72,1684.1,Two year,Electronic check,Fiber optic,No,No,No internet service,No,0,Yes,No,Yes,Yes,0
2973,51,Male,36,127.15,5717.87,Two year,Credit card,DSL,No,No,No internet service,No,0,No,No,Yes,No phone service,0
2974,28,Male,69,119.61,4336.84,One year,Mailed check,DSL,Yes,Yes,No internet service,No,1,Yes,No,Yes,Yes,0
2975,27,Female,37,68.75,7194.74,Month-to-month,Mailed check,Fiber optic,No internet service,Yes,Yes,No,1,Yes,No,No,Yes,0
2976,32,Female,12,93.52,6503.6,Month-to-month,Bank transfer,No,Yes,No,No,Yes,0,Yes,No,Yes,No,0
2977,34,Male,40,128.63,2647.52,Two year,Electronic check,No,Yes,No,No,No,0,Yes,Yes,Yes,Yes,0
2978,57,Male,54,22.37,4095.86,Month-to-month,Electronic check,Fiber optic,No internet service,No internet service,No,No,0,No,Yes,Yes,No,0
2979,35,Male,2,124.28,6029.07,Month-to-month,Mailed check,No,Yes,No internet service,No internet service,Yes,0,No,No,Yes,No,1
2980,26,Male,50,143.1,1626.28,Month-to-month,Bank transfer,Fiber optic,No internet service,No internet service,Yes,No,0,No,Yes,Yes,No phone service,0
2981,42,Female,41,24.17,349.62,One year,Credit card,Fiber optic,No,Yes,No,Yes,0,No,No,Yes,No phone service,0
2982,57,Female,45,25.93,6833.21,Month-to-month,Credit card,Fiber optic,Yes,Yes,No internet service,No,0,Yes,Yes,Yes,Yes,0
2983,31,Male,9,64.79,1186.65,Month-to-month,Mailed check,Fiber optic,No internet service,No,No internet service,No,1,No,No,No,No phone service,1
2984,42,Male,62,31.41,7126.35,One year,Mailed check,Fiber optic,No internet service,No internet service,No internet service,No,0,No,Yes,Yes,No phone service,0
2985,67,Male,47,82.31,7317.5,One year,Credit card,DSL,No internet service,Yes,No,Yes,1,Yes,No,Yes,No phone service,0
2986,39,Male,5,114.73,3739.53,One year,Credit card,No,Yes,No internet service,Yes,No,0,No,No,Yes,No phone service,0
2987,69,Male,1,93.7,6473.58,Month-to-month,Credit card,DSL,No,No internet service,No,No,0,No,No,Yes,Yes,1
2988,47,Male,44,45.54,2969.21,One year,Bank transfer,DSL,Yes,Yes,Yes,Yes,1,No,No,Yes,No,0
2989,37,Female,22,105.13,6880.29,Month-to-month,Electronic check,Fiber optic,No,No internet service,Yes,No,0,No,Yes,Yes,No,1
2990,38,Female,38,109.03,6614.99,One year,Mailed check,No,Yes,No,No,No,0,No,No,Yes,No,0
2991,61,Female,19,141.22,720.3,One year,Mailed check,Fiber optic,Yes,No,No,No,1,No,No,Yes,No phone service,0
2992,49,Male,31,39.08,4702.55,Month-to-month,Bank transfer,Fiber optic,Yes,Yes,No internet service,Yes,0,Yes,No,Yes,No phone service,0
2993,68,Male,67,110.0,5155.99,Month-to-month,Credit card,Fiber optic,No,No internet service,No internet service,No,0,Yes,No,Yes,Yes,0
2994,63,Male,42,138.49,106.77,Month-to-month,Bank transfer,No,No internet service,No,No,No,0,Yes,Yes,Yes,No,0
2995,66,Female,26,85.2,7841.35,Month-to-month,Credit card,Fiber optic,Yes,No internet service,No,No,0,Yes,Yes,Yes,Yes,0
2996,38,Male,13,67.03,3311.88,Month-to-month,Mailed check,Fiber optic,Yes,No,Yes,No,0,No,No,Yes,No,0
2997,52,Male,58,42.2,4187.01,One year,Electronic check,Fiber optic,No,No,Yes,Yes,0,No,No,Yes,Yes,0
2998,49,Female,18,132.68,1638.95,Month-to-month,Bank transfer,DSL,Yes,No internet service,No internet service,No,0,No,No,Yes,Yes,0
2999,47,Male,67,71.25,4926.26,Two year,Credit card,No,No internet service,Yes,Yes,No,1,No,No,Yes,Yes,0
3000,56,Female,3,140.23,6503.9,Month-to-month,Mailed check,Fiber optic,No internet service,Yes,No,Yes,1,No,No,No,No,1
3001,66,Female,55,130.21,4728.55,Month-to-month,Electronic check,Fiber optic,No,Yes,Yes,No,0,Yes,No,No,No phone service,1
3002,29,Male,58,68.96,6325.48,Month-to-month,Bank transfer,Fiber optic,No,No internet service,Yes,Yes,0,Yes,No,No,No,0
3003,58,Female,63,94.61,5875.75,One year,Bank transfer,No,No internet service,No internet service,Yes,Yes,0,Yes,No,Yes,No phone service,0
3004,64,Male,52,23.53,1977.5,One year,Mailed check,DSL,No internet service,No internet service,No,Yes,0,No,Yes,Yes,Yes,0
3005,35,Female,24,54.22,3542.92,Two year,Bank transfer,DSL,No internet service,Yes,No internet service,Yes,1,Yes,No,No,No,0
3006,38,Male,9,112.34,1274.15,Month-to-month,Mailed check,DSL,No,No internet service,Yes,No,0,No,No,Yes,No phone service,1
3007,30,Female,37,108.13,431.29,Month-to-month,Bank transfer,Fiber optic,No internet service,Yes,No,No,0,Yes,No,Yes,No,0
3008,38,Male,53,65.94,598.24,One year,Electronic check,Fiber optic,No internet service,No,Yes,No,0,Yes,Yes,Yes,No,0
3009,25,Female,24,125.12,7545.75,One year,Electronic check,Fiber optic,No internet service,Yes,Yes,No,0,No,No,No,No,0
3010,63,Female,21,50.66,7877.85,Two year,Bank transfer,Fiber optic,Yes,Yes,No,Yes,0,Yes,No,Yes,Yes,0
3011,57,Female,40,79.97,850.32,Month-to-month,Mailed check,DSL,No,Yes,Yes,No,0,No,Yes,Yes,No phone service,0
3012,63,Male,62,81.43,2748.03,One year,Credit card,DSL,No,No internet service,No,Yes,0,Yes,No,Yes,Yes,0
3013,24,Male,70,64.31,1003.92,Month-to-month,Bank transfer,DSL,No,Yes,No internet service,No,0,No,No,Yes,No phone service,0
3014,40,Female,69,144.11,6690.41,Month-to-month,Credit card,Fiber optic,No,No,Yes,No,0,Yes,No,Yes,Yes,1
3015,61,Male,14,110.57,4020.75,Month-to-month,Mailed check,No,Yes,No,No,Yes,0,No,No,Yes,No,1
3016,49,Female,42,90.1,5007.97,One year,Credit card,Fiber optic,Yes,No,Yes,No,1,Yes,Yes,Yes,Yes,0
3017,28,Male,50,86.37,4365.3,One year,Bank transfer,DSL,Yes,No,Yes,No,0,No,No,Yes,No,0
3018,39,Female,61,40.71,5711.0,Month-to-month,Electronic check,DSL,Yes,No,Yes,Yes,0,Yes,No,Yes,No phone service,0
3019,39,Male,4,68.38,2621.14,Month-to-month,Mailed check,No,Yes,No,No,No,0,No,No,Yes,No phone service,1
3020,60,Female,17,107.46,1186.2,Month-to-month,Electronic check,DSL,No,Yes,No,No,0,No,No,Yes,No,0
3021,42,Female,57,140.19,239.2,Month-to-month,Electronic check,Fiber optic,No,No internet service,No,No,0,Yes,Yes,Yes,No,0
3022,39,Female,48,126.14,3620.97,Month-to-month,Electronic check,DSL,No,No internet service,No internet service,Yes,0,No,No,Yes,Yes,1
3023,45,Female,44,59.05,7271.89,Month-to-month,Bank transfer,Fiber optic,Yes,No,Yes,No,1,No,Yes,No,Yes,0
3024,46,Male,45,76.41,2511.61,One year,Mailed check,Fiber optic,No internet service,Yes,No,Yes,1,No,No,Yes,Yes,0
3025,30,Female,33,30.78,1648.06,Month-to-month,Credit card,DSL,No,No,Yes,Yes,0,No,No,Yes,No phone service,0
3026,35,Male,31,33.28,7415.74,Month-to-month,Electronic check,Fiber optic,No,No,Yes,No,0,No,No,Yes,No,0
3027,19,Male,47,81.13,933.04,Two year,Credit card,Fiber optic,No internet service,No,Yes,No,0,Yes,Yes,Yes,No phone service,0
3028,46,Female,6,88.93,509.23,Month-to-month,Mailed check,DSL,Yes,No,No,Yes,0,Yes,No,Yes,No,1
3029,38,Male,71,54.32,7047.36,One year,Mailed check,Fiber optic,No internet service,No internet service,No internet service,No,0,Yes,No,Yes,No,0
3030,32,Male,34,103.56,5637.18,Month-to-month,Credit card,No,No internet service,No internet service,No internet service,No,0,No,No,Yes,No phone service,0
3031,69,Male,53,111.44,3434.34,Two year,Credit card,DSL,No,Yes,No internet service,Yes,0,No,No,Yes,Yes,0
3032,44,Female,14,58.89,6043.52,Month-to-month,Electronic check,DSL,No,Yes,No internet service,No,1,No,No,Yes,Yes,0
3033,67,Male,16,118.6,5957.38,One year,Credit card,DSL,Yes,No,No,No,0,No,No,Yes,No phone service,0
3034,48,Male,43,46.73,416.48,Month-to-month,Credit card,Fiber optic,No internet service,No internet service,No internet service,Yes,0,No,No,No,No,0
3035,32,Female,12,90.75,5442.35,Two year,Bank transfer,No,Yes,No,No internet service,Yes,0,Yes,No,Yes,No phone service,0
3036,68,Female,70,124.56,5162.89,Month-to-month,Electronic check,DSL,No internet service,No internet service,No,No,1,No,No,Yes,Yes,0
3037,40,Male,19,89.81,7713.86,One year,Electronic check,Fiber optic,No,No internet service,No,No,0,Yes,No,Yes,No,0
3038,41,Female,41,138.04,7736.32,Month-to-month,Mailed check,DSL,No internet service,Yes,Yes,Yes,1,Yes,No,Yes,No phone service,0
3039,61,Male,53,27.61,3084.61,Two year,Credit card,Fiber optic,Yes,Yes,Yes,No,1,No,No,Yes,Yes,0
3040,30,Male,29,96.48,4759.75,One year,Bank transfer,DSL,No internet service,No internet service,No internet service,Yes,1,No,No,Yes,No,0
3041,39,Male,70,93.03,1216.72,Month-to-month,Mailed check,No,Yes,Yes,Yes,No,0,Yes,No,Yes,No phone service,0
3042,60,Female,59,105.85,625.01,Month-to-month,Bank transfer,Fiber optic,No internet service,No,No,No,0,Yes,No,Yes,No phone service,0
3043,54,Male,64,128.34,3518.96,Month-to-month,Electronic check,DSL,No,No internet service,Yes,Yes,1,No,No,Yes,Yes,1
3044,50,Female,24,114.36,5550.07,Month-to-month,Credit card,No,No,No internet service,Yes,No,1,No,Yes,Yes,No phone service,0
3045,20,Female,16,122.74,4585.31,Month-to-month,Bank transfer,DSL,Yes,No internet service,No,Yes,0,Yes,No,No,No phone service,0
3046,36,Male,52,57.55,3494.29,Two year,Mailed check,DSL,No,No,No internet service,No,0,Yes,No,Yes,No phone service,0
3047,40,Female,6,70.37,6563.09,One year,Electronic check,No,No internet service,No internet service,Yes,No,0,Yes,Yes,No,No phone service,0
3048,46,Female,37,101.48,6375.98,Two year,Bank transfer,DSL,No internet service,Yes,Yes,Yes,1,Yes,No,Yes,Yes,0
3049,47,Female,4,91.95,5882.34,Month-to-month,Bank transfer,No,No,No,No internet service,Yes,0,Yes,No,Yes,No,1
3050,56,Female,38,144.94,708.55,One year,Mailed check,Fiber optic,Yes,No internet service,Yes,Yes,0,No,No,Yes,No,0
3051,61,Female,41,44.29,6392.11,Month-to-month,Bank transfer,No,No internet service,No,No internet service,Yes,0,No,No,Yes,No phone service,0
3052,64,Male,14,65.67,7363.43,Month-to-month,Electronic check,Fiber optic,Yes,No,No,No,0,No,Yes,Yes,Yes,0
3053,42,Female,71,94.46,569.59,One year,Bank transfer,DSL,No internet service,Yes,No,Yes,1,Yes,Yes,Yes,No phone service,0
3054,54,Male,51,132.84,3273.2,Month-to-month,Credit card,No,Yes,Yes,No internet service,Yes,0,No,No,Yes,No phone service,0
3055,64,Male,65,140.82,7908.01,Two year,Credit card,DSL,Yes,Yes,No,Yes,0,No,No,Yes,No phone service,0
3056,25,Male,52,63.68,4833.99,Month-to-month,Mailed check,Fiber optic,No internet service,No internet service,No,Yes,0,No,No,Yes,No phone service,0
3057,59,Male,30,28.72,4157.26,Two year,Credit card,Fiber optic,No internet service,No internet service,No,No,1,Yes,No,Yes,No,0
3058,33,Male,57,74.81,1501.82,One year,Credit card,Fiber optic,Yes,Yes,No,Yes,0,No,No,Yes,No phone service,0
3059,25,Male,30,71.26,4567.34,Month-to-month,Bank transfer,Fiber optic,No internet service,Yes,No,Yes,0,No,No,Yes,No phone service,0
3060,18,Female,42,148.24,3568.44,Month-to-month,Electronic check,No,No,No internet service,No,No,0,Yes,No,Yes,No phone service,0
3061,61,Female,11,76.04,1106.8,Month-to-month,Electronic check,No,No internet service,Yes,Yes,No,0,No,Yes,Yes,No,0
3062,22,Female,27,59.74,3768.23,Month-to-month,Bank transfer,No,Yes,No,Yes,Yes,1,Yes,No,Yes,Yes,0
3063,20,Male,24,67.5,1398.75,One year,Credit card,Fiber optic,No internet service,No,Yes,No,0,Yes,No,Yes,Yes,0
3064,18,Female,39,71.6,5872.24,Two year,Bank transfer,No,No internet service,No,No,No,0,Yes,No,Yes,Yes,0
3065,21,Female,18,126.8,7791.82,Month-to-month,Credit card,Fiber optic,Yes,No internet service,Yes,Yes,0,Yes,No,Yes,Yes,0
3066,57,Female,45,30.53,3809.66,Two year,Credit card,No,No internet service,Yes,No internet service,Yes,0,Yes,No,Yes,Yes,0
3067,52,Male,12,61.15,5095.71,Month-to-month,Credit card,No,Yes,No,No internet service,Yes,1,No,Yes,Yes,No phone service,0
3068,49,Female,49,145.62,3504.71,One year,Electronic check,DSL,Yes,No internet service,No internet service,Yes,0,No,No,Yes,No phone service,0
3069,59,Male,31,39.9,1193.79,Month-to-month,Mailed check,Fiber optic,Yes,Yes,Yes,Yes,0,No,No,Yes,Yes,0
3070,51,Female,22,116.54,7767.39,Month-to-month,Electronic check,No,Yes,Yes,No,No,1,No,No,Yes,No,0
3071,60,Male,44,66.33,1123.67,Month-to-month,Credit card,DSL,No,No,No internet service,Yes,0,Yes,No,Yes,No phone service,0
3072,42,Male,64,95.63,981.85,Month-to-month,Bank transfer,Fiber optic,No,Yes,Yes,No,0,No,No,Yes,Yes,0
3073,27,Male,25,32.94,3727.47,Month-to-month,Bank transfer,No,Yes,Yes,Yes,No,0,No,No,No,No,0
3074,38,Female,51,59.83,5305.21,Month-to-month,Credit card,DSL,No internet service,No,No,No,0,Yes,No,Yes,Yes,0
3075,63,Female,7,85.11,2903.89,Month-to-month,Mailed check,No,No,No,No,Yes,0,Yes,Yes,No,No,1
3076,56,Male,6,50.12,1620.88,Month-to-month,Electronic check,No,Yes,Yes,Yes,No,0,Yes,No,Yes,Yes,1
3077,44,Female,24,90.44,6569.81,Month-to-month,Electronic check,DSL,No,No internet service,No,Yes,0,No,No,Yes,No phone service,0
3078,44,Male,19,48.57,2968.52,One year,Credit card,Fiber optic,Yes,No internet service,No,Yes,0,Yes,No,Yes,Yes,0
3079,19,Male,9,104.51,1635.14,Two year,Credit card,DSL,No,No,No,Yes,0,Yes,No,Yes,Yes,1
3080,58,Female,36,137.57,2984.17,Month-to-month,Mailed check,Fiber optic,Yes,Yes,No,No,0,Yes,No,Yes,Yes,0
3081,65,Female,40,31.11,1794.98,Month-to-month,Electronic check,Fiber optic,No,No,No,No,1,Yes,Yes,No,Yes,0
3082,30,Female,24,48.16,4203.64,One year,Mailed check,No,No,No internet service,Yes,No,0,No,No,No,Yes,0
3083,26,Male,48,129.77,5379.49,Month-to-month,Electronic check,DSL,No internet service,No internet service,No internet service,Yes,0,No,No,Yes,No,0
3084,69,Male,63,102.1,6416.5,One year,Mailed check,Fiber optic,No,Yes,Yes,No,0,Yes,Yes,Yes,No phone service,0
3085,53,Female,69,30.23,1897.74,Month-to-month,Mailed check,Fiber optic,No internet service,No,Yes,No,0,No,Yes,Yes,No phone service,0
3086,39,Male,53,83.23,1418.94,Month-to-month,Mailed check,DSL,No,No,Yes,Yes,0,No,No,Yes,No phone service,0
3087,59,Female,54,47.27,254.87,Month-to-month,Bank transfer,No,Yes,No internet service,Yes,Yes,0,Yes,No,Yes,No,0
3088,43,Male,42,45.88,1901.89,Month-to-month,Bank transfer,No,No internet service,No,Yes,Yes,0,Yes,No,No,Yes,0
3089,29,Female,45,142.28,288.85,One year,Bank transfer,Fiber optic,No,No,No,No,0,No,Yes,Yes,No phone service,0
3090,34,Female,14,119.0,2829.25,Month-to-month,Electronic check,Fiber optic,No internet service,No,No internet service,Yes,1,Yes,No,Yes,No,0
3091,31,Male,29,110.51,1250.98,Two year,Mailed check,Fiber optic,Yes,Yes,No,No,0,No,No,Yes,Yes,0
3092,31,Female,6,51.06,4681.18,Month-to-month,Credit card,Fiber optic,Yes,No internet service,No internet service,Yes,0,Yes,No,Yes,No phone service,1
3093,51,Female,7,35.41,3131.44,Two year,Credit card,DSL,Yes,No,Yes,No,0,No,No,Yes,No,0
3094,37,Male,37,133.21,839.32,Month-to-month,Electronic check,Fiber optic,Yes,Yes,Yes,No,0,No,Yes,Yes,No,0
3095,28,Female,53,20.76,3258.95,Month-to-month,Electronic check,Fiber optic,Yes,No,Yes,No,0,No,No,Yes,No phone service,0
3096,33,Male,18,70.45,1753.85,One year,Credit card,Fiber optic,No internet service,No,Yes,No,0,No,No,Yes,Yes,0
3097,68,Female,38,56.09,5473.4,Month-to-month,Mailed check,DSL,No internet service,No internet service,Yes,Yes,0,Yes,No,Yes,No,0
3098,48,Male,59,94.15,2979.05,Two year,Bank transfer,DSL,No,Yes,Yes,No,0,Yes,No,Yes,No,0
3099,23,Female,1,52.57,1261.54,Month-to-month,Electronic check,Fiber optic,No,No,Yes,No,0,No,Yes,No,Yes,1
3100,36,Female,68,60.46,2861.85,One year,Electronic check,DSL,Yes,No internet service,No internet service,Yes,0,Yes,Yes,Yes,No,0
3101,54,Female,44,130.51,1872.59,Month-to-month,Electronic check,Fiber optic,Yes,Yes,Yes,Yes,0,Yes,Yes,Yes,Yes,0
3102,21,Female,47,98.41,6386.65,One year,Credit card,DSL,No internet service,No,Yes,Yes,0,No,Yes,Yes,No phone service,0
3103,64,Male,35,38.94,7868.6,One year,Bank transfer,Fiber optic,Yes,No internet service,Yes,No,0,No,No,Yes,Yes,0
3104,21,Male,60,114.44,301.38,One year,Mailed check,No,Yes,No,No internet service,No,0,No,No,Yes,No,0
3105,37,Male,52,46.97,5551.16,Month-to-month,Mailed check,No,Yes,No,No internet service,Yes,1,No,Yes,Yes,Yes,0
3106,27,Male,8,76.29,2185.27,Two year,Credit card,DSL,No,Yes,Yes,Yes,0,No,No,Yes,Yes,0
3107,41,Male,41,104.06,624.63,Two year,Electronic check,Fiber optic,No internet service,No internet service,No,Yes,0,No,No,Yes,Yes,0
3108,52,Male,3,55.35,213.38,Two year,Credit card,No,No,Yes,No internet service,No,0,No,Yes,Yes,Yes,0
3109,43,Male,69,69.93,7059.98,One year,Credit card,No,Yes,No,Yes,No,0,Yes,No,Yes,No,0
3110,54,Female,14,115.44,2893.49,Month-to-month,Mailed check,DSL,Yes,No internet service,No internet service,Yes,0,Yes,No,Yes,No phone service,0
3111,55,Female,26,141.93,7956.9,Month-to-month,Bank transfer,No,No,No,No,No,0,No,No,Yes,No phone service,1
3112,38,Female,70,88.8,3594.78,Two year,Mailed check,DSL,No,No,Yes,No,0,Yes,Yes,Yes,Yes,0
3113,57,Female,58,21.3,1582.02,Two year,Credit card,Fiber optic,No internet service,No,No internet service,Yes,0,No,No,No,No phone service,0
3114,56,Male,40,64.0,6239.43,Month-to-month,Credit card,DSL,Yes,No internet service,No,No,0,No,No,Yes,No,0
3115,38,Male,51,71.82,7419.29,Month-to-month,Electronic check,No,Yes,No,No internet service,No,0,Yes,No,Yes,No,0
3116,27,Male,5,64.09,6543.41,Two year,Electronic check,Fiber optic,No,No internet service,No internet service,Yes,0,No,Yes,Yes,No phone service,0
3117,55,Female,32,76.71,5987.07,Month-to-month,Credit card,DSL,No internet service,No,Yes,Yes,0,Yes,No,Yes,No phone service,0
3118,63,Male,1,102.25,2744.13,Month-to-month,Mailed check,Fiber optic,No internet service,Yes,Yes,Yes,0,No,No,Yes,No,1
3119,21,Female,54,35.75,609.47,Two year,Electronic check,DSL,Yes,No internet service,No internet service,Yes,0,No,Yes,Yes,Yes,0
3120,62,Male,11,55.44,1690.26,Two year,Bank transfer,DSL,Yes,No,No,Yes,0,Yes,Yes,Yes,Yes,0
3121,37,Male,53,85.99,3629.8,Two year,Bank transfer,Fiber optic,No,Yes,Yes,No,0,No,Yes,Yes,No,0
3122,34,Male,8,61.02,7653.98,Month-to-month,Credit card,Fiber optic,Yes,No internet service,No internet service,No,1,No,No,Yes,No phone service,0
3123,24,Male,25,148.84,5810.55,Month-to-month,Bank transfer,DSL,No,Yes,No internet service,No,0,No,Yes,Yes,No phone service,1
3124,21,Female,40,76.09,6643.44,One year,Bank transfer,Fiber optic,Yes,No,Yes,Yes,0,No,Yes,Yes,No phone service,0
3125,46,Female,32,133.07,2290.62,One year,Electronic check,Fiber optic,Yes,Yes,Yes,Yes,0,Yes,No,Yes,No phone service,0
3126,31,Male,28,136.55,5502.2,Month-to-month,Electronic check,Fiber optic,Yes,No,No internet service,No,0,Yes,No,Yes,No phone service,0
3127,20,Female,3,128.68,6913.26,Two year,Mailed check,DSL,No internet service,No,Yes,No,0,Yes,No,Yes,No phone service,0
3128,41,Male,62,26.1,3887.35,Two year,Electronic check,DSL,Yes,No internet service,No internet service,Yes,1,Yes,No,Yes,No phone service,0
3129,54,Male,27,143.21,3496.15,Month-to-month,Mailed check,DSL,Yes,No,No,Yes,0,Yes,No,Yes,No phone service,1
3130,33,Male,45,36.74,5783.3,Month-to-month,Electronic check,Fiber optic,No internet service,No,Yes,No,0,Yes,Yes,Yes,Yes,0
3131,69,Male,25,24.47,4523.3,Month-to-month,Credit card,Fiber optic,No internet service,No internet service,Yes,No,1,No,No,Yes,Yes,0
3132,21,Female,61,73.87,7946.05,Month-to-month,Mailed check,No,Yes,No internet service,No internet service,No,0,Yes,No,Yes,No phone service,0
3133,41,Male,44,45.3,3458.31,Month-to-month,Credit card,DSL,No internet service,No,Yes,Yes,0,Yes,Yes,Yes,No phone service,0
3134,51,Male,46,43.95,1489.95,Month-to-month,Mailed check,Fiber optic,No internet service,No,No,No,0,No,Yes,Yes,Yes,0
3135,47,Female,14,57.42,3828.29,Month-to-month,Bank transfer,DSL,No internet service,No internet service,No internet service,No,0,Yes,No,Yes,No,0
3136,35,Male,8,52.29,1958.12,Two year,Mailed check,DSL,No internet service,No internet service,No,Yes,0,No,No,Yes,Yes,0
3137,36,Female,48,109.02,4533.91,Month-to-month,Mailed check,Fiber optic,No,Yes,No,No,1,No,No,Yes,No phone service,0
3138,48,Male,14,44.28,1093.8,One year,Mailed check,Fiber optic,Yes,Yes,No,Yes,0,Yes,No,Yes,Yes,0
3139,36,Male,65,90.61,7604.81,One year,Mailed check,No,No,Yes,No,No,0,No,Yes,Yes,No phone service,0
3140,66,Male,7,148.24,6892.6,One year,Mailed check,Fiber optic,Yes,No internet service,No internet service,Yes,0,No,Yes,Yes,Yes,0
3141,63,Male,49,76.21,1328.97,Two year,Bank transfer,DSL,No internet service,No internet service,Yes,Yes,1,Yes,No,Yes,Yes,0
3142,36,Male,55,103.44,1461.9,One year,Mailed check,Fiber optic,No,No internet service,No,Yes,0,No,Yes,Yes,Yes,0
3143,39,Male,13,146.02,4148.27,Two year,Credit card,No,No internet service,Yes,No,Yes,0,Yes,No,Yes,No phone service,0
3144,41,Female,56,37.89,6205.76,Month-to-month,Mailed check,Fiber optic,No internet service,No,No internet service,Yes,1,No,No,Yes,No,0
3145,62,Male,56,74.42,1830.73,One year,Mailed check,No,No internet service,No,No,No,0,No,Yes,Yes,No phone service,0
3146,29,Female,15,130.53,581.68,One year,Credit card,DSL,Yes,No,No,Yes,0,No,Yes,Yes,No,0
3147,47,Female,57,141.2,4409.72,Two year,Electronic check,No,No internet service,No internet service,No,No,0,Yes,No,Yes,No,0
3148,55,Male,58,98.16,5563.62,Month-to-month,Electronic check,DSL,Yes,No,No,Yes,0,No,No,Yes,No,0
3149,48,Female,35,38.64,2030.49,Month-to-month,Bank transfer,Fiber optic,Yes,No,Yes,No,0,Yes,No,Yes,No,0
3150,53,Male,16,137.19,5944.17,One year,Mailed check,Fiber optic,No internet service,No internet service,No,No,0,Yes,Yes,Yes,No,0
3151,36,Female,8,42.68,7610.09,Month-to-month,Mailed check,DSL,Yes,No internet service,No internet service,No,0,Yes,No,Yes,No,0
3152,65,Male,45,65.87,1182.89,One year,Electronic check,No,No,No internet service,Yes,Yes,0,No,No,Yes,No phone service,0
3153,62,Female,40,68.82,4137.13,Two year,Mailed check,DSL,Yes,No internet service,No internet service,No,0,No,No,No,No phone service,0
3154,53,Female,54,78.15,549.05,Two year,Bank transfer,DSL,No internet service,No internet service,Yes,No,1,No,Yes,Yes,Yes,0
3155,47,Male,14,122.72,1732.62,Month-to-month,Credit card,No,No internet service,Yes,Yes,Yes,1,Yes,No,Yes,No,0
3156,66,Female,59,124.28,809.57,Month-to-month,Mailed check,DSL,No,No internet service,No,No,0,Yes,No,Yes,No phone service,1
3157,50,Male,53,113.56,3291.65,One year,Credit card,Fiber optic,No,No,No,No,1,Yes,Yes,Yes,No phone service,0
3158,35,Male,27,22.88,6584.57,One year,Bank transfer,Fiber optic,Yes,No,No internet service,Yes,1,Yes,No,Yes,No phone service,0
3159,69,Male,47,93.43,4659.33,One year,Electronic check,Fiber optic,Yes,Yes,Yes,Yes,0,No,No,Yes,No phone service,0
3160,66,Male,6,117.17,1858.42,One year,Bank transfer,No,No,No internet service,Yes,Yes,1,Yes,No,Yes,Yes,0
3161,45,Male,55,77.8,416.87,One year,Bank transfer,Fiber optic,No internet service,No,No,Yes,1,Yes,No,Yes,No phone service,0
3162,64,Female,44,142.84,4471.85,Month-to-month,Bank transfer,No,No internet service,No,Yes,No,0,No,No,Yes,Yes,0
3163,28,Female,18,127.1,1149.09,One year,Bank transfer,No,No,No internet service,No,No,0,No,Yes,Yes,No,0
3164,62,Female,16,102.96,2807.6,Month-to-month,Credit card,Fiber optic,No,Yes,No,Yes,0,Yes,Yes,Yes,Yes,0
3165,50,Male,12,28.12,4130.52,Month-to-month,Bank transfer,DSL,No internet service,No internet service,No internet service,No,0,No,No,Yes,No phone service,0
3166,34,Female,20,104.81,7239.49,One year,Bank transfer,Fiber optic,No internet service,No internet service,No,No,0,Yes,No,Yes,No,0
3167,23,Female,45,138.51,746.4,One year,Bank transfer,DSL,Yes,No internet service,No,Yes,1,No,Yes,Yes,Yes,0
3168,21,Female,64,69.33,5382.0,One year,Bank transfer,DSL,No,No internet service,Yes,No,0,No,No,Yes,Yes,0
3169,37,Female,59,128.96,211.24,Month-to-month,Credit card,Fiber optic,No,No internet service,No internet service,No,0,No,No,Yes,Yes,0
3170,65,Female,22,60.71,5076.28,Month-to-month,Bank transfer,No,No,Yes,No internet service,Yes,0,Yes,Yes,Yes,No phone service,0
3171,64,Male,47,94.11,4457.11,Month-to-month,Electronic check,Fiber optic,No internet service,No,No internet service,No,0,No,No,Yes,No,0
3172,44,Male,29,104.3,6513.75,One year,Bank transfer,DSL,Yes,No internet service,No,Yes,0,Yes,No,Yes,Yes,0
3173,32,Female,45,108.14,4300.13,Month-to-month,Bank transfer,Fiber optic,No internet service,No,No internet service,No,0,Yes,No,Yes,No phone service,0
3174,23,Male,9,134.73,2885.67,One year,Mailed check,Fiber optic,No,No,No,No,0,No,No,Yes,No,1
3175,64,Male,24,50.5,2017.73,One year,Mailed check,Fiber optic,No,No internet service,No,Yes,1,Yes,Yes,Yes,Yes,0
3176,31,Female,15,54.11,773.47,Month-to-month,Mailed check,Fiber optic,No,No,No,No,0,Yes,No,Yes,No,0
3177,28,Female,36,111.53,4323.44,Two year,Bank transfer,DSL,No,No internet service,No,Yes,0,No,No,Yes,No phone service,0
3178,56,Male,13,43.04,7117.74,Two year,Electronic check,Fiber optic,No,No internet service,No internet service,Yes,0,No,Yes,Yes,No,0
3179,26,Female,44,80.36,4166.48,Two year,Electronic check,No,No internet service,No internet service,No internet service,Yes,0,Yes,No,Yes,No,0
3180,43,Male,71,22.6,5938.91,One year,Mailed check,Fiber optic,Yes,Yes,Yes,No,0,Yes,No,Yes,No,0
3181,33,Male,36,38.33,2457.64,Month-to-month,Mailed check,DSL,No,No internet service,No internet service,No,0,Yes,No,Yes,Yes,0
3182,22,Female,61,108.25,3640.23,Month-to-month,Bank transfer,Fiber optic,No,No internet service,Yes,Yes,0,Yes,No,Yes,Yes,1
3183,69,Male,40,117.17,2664.37,One year,Electronic check,DSL,No,No,No internet service,Yes,0,No,Yes,Yes,Yes,0
3184,27,Male,27,34.99,963.2,Month-to-month,Electronic check,No,No internet service,Yes,No internet service,Yes,0,Yes,No,Yes,Yes,0
3185,67,Male,1,49.6,3394.21,One year,Mailed check,DSL,No internet service,No,No internet service,No,0,No,Yes,Yes,Yes,0
3186,20,Female,34,32.86,6137.87,One year,Electronic check,No,No,No,No,Yes,0,Yes,Yes,Yes,Yes,0
3187,30,Female,68,76.34,3220.3,Month-to-month,Mailed check,No,No,No internet service,No internet service,No,0,Yes,No,Yes,Yes,0
3188,60,Female,21,36.4,5236.42,One year,Mailed check,Fiber optic,No,Yes,No internet service,Yes,0,No,Yes,Yes,No phone service,0
3189,66,Female,33,76.85,6093.06,Month-to-month,Credit card,DSL,No,Yes,Yes,No,0,No,No,Yes,No phone service,0
3190,47,Male,7,115.17,2649.62,Month-to-month,Credit card,No,No,No internet service,No internet service,No,1,No,No,Yes,No,1
3191,62,Female,65,108.84,6400.37,Two year,Bank transfer,DSL,No internet service,Yes,No,No,0,Yes,No,No,No,0
3192,23,Female,3,56.46,2777.51,Month-to-month,Mailed check,DSL,No,No internet service,No internet service,No,0,No,No,Yes,No phone service,1
3193,34,Female,51,107.59,2123.25,One year,Bank transfer,DSL,No,Yes,Yes,No,0,Yes,No,Yes,No phone service,0
3194,62,Female,54,140.6,1857.32,Month-to-month,Credit card,Fiber optic,No,Yes,No internet service,No,0,Yes,Yes,Yes,No,0
3195,68,Male,59,65.18,1679.24,One year,Electronic check,DSL,No internet service,No internet service,No internet service,Yes,0,No,Yes,Yes,No phone service,0
3196,36,Male,6,62.79,5923.28,Month-to-month,Credit card,No,No,Yes,Yes,Yes,0,Yes,No,Yes,No phone service,1
3197,59,Male,29,94.29,7111.32,One year,Credit card,DSL,No internet service,Yes,No internet service,Yes,0,Yes,No,Yes,No phone service,0
3198,52,Female,17,51.92,1922.12,Two year,Credit card,No,Yes,Yes,Yes,No,0,Yes,No,Yes,No,0
3199,63,Female,60,104.71,773.4,Two year,Electronic check,DSL,No internet service,No,Yes,No,0,No,Yes,Yes,No,0
3200,43,Male,22,128.19,2578.76,Month-to-month,Credit card,Fiber optic,No,No internet service,No,No,0,Yes,No,Yes,Yes,0
3201,68,Female,24,79.71,5296.99,One year,Mailed check,DSL,No internet service,No,No,Yes,0,Yes,No,Yes,No,0
3202,22,Female,51,108.34,3011.31,Two year,Mailed check,No,No,Yes,Yes,No,0,Yes,No,Yes,Yes,0
3203,46,Male,50,104.75,4438.49,Month-to-month,Credit card,DSL,No internet service,Yes,No,Yes,0,Yes,No,Yes,No phone service,0
3204,54,Male,11,25.03,5980.01,Month-to-month,Bank transfer,Fiber optic,No internet service,No,No,Yes,0,No,No,Yes,Yes,1
3205,37,Female,56,43.84,3326.98,Two year,Bank transfer,DSL,Yes,Yes,Yes,Yes,0,No,Yes,Yes,No phone service,0
3206,66,Female,71,136.16,7997.59,One year,Electronic check,No,No internet service,Yes,No internet service,No,0,Yes,No,Yes,Yes,0
3207,38,Female,42,142.06,2453.8,Month-to-month,Electronic check,DSL,Yes,No internet service,No internet service,Yes,0,Yes,Yes,No,No phone service,0
3208,27,Male,39,121.46,7828.16,Month-to-month,Mailed check,DSL,Yes,Yes,No internet service,Yes,0,Yes,No,No,No,0
3209,22,Male,69,139.76,1703.93,One year,Mailed check,Fiber optic,No internet service,No internet service,No,No,0,Yes,No,Yes,Yes,0
3210,53,Male,48,59.8,976.36,Month-to-month,Credit card,DSL,No internet service,No internet service,No,Yes,0,No,No,Yes,Yes,0
3211,23,Male,57,52.2,6031.56,One year,Bank transfer,Fiber optic,No internet service,No,No internet service,Yes,0,No,No,Yes,No phone service,0
3212,43,Female,21,69.96,5648.25,Month-to-month,Mailed check,DSL,Yes,No,Yes,Yes,0,No,Yes,Yes,No phone service,0
3213,21,Male,20,27.19,6508.24,One year,Bank transfer,Fiber optic,No,Yes,Yes,No,0,No,No,Yes,No,0
3214,56,Male,15,125.28,2814.36,One year,Electronic check,Fiber optic,No,No,Yes,No,1,No,No,Yes,Yes,0
3215,56,Female,69,147.94,7453.38,One year,Electronic check,DSL,Yes,No internet service,No,No,0,No,Yes,Yes,No,0
3216,67,Female,51,127.12,1043.9,One year,Credit card,Fiber optic,Yes,No,No internet service,No,1,Yes,No,No,No,0
3217,52,Female,62,92.15,339.19,Month-to-month,Credit card,DSL,No internet service,No internet service,Yes,Yes,0,Yes,No,No,No,0
3218,18,Male,37,58.39,2474.45,Month-to-month,Mailed check,Fiber optic,No internet service,No,No internet service,No,0,Yes,No,Yes,No phone service,0
3219,41,Female,6,45.7,6398.86,Month-to-month,Bank transfer,Fiber optic,No,Yes,No internet service,No,0,No,No,Yes,No,1
3220,53,Female,71,67.33,5416.56,Month-to-month,Mailed check,No,No,No,No,Yes,0,Yes,No,Yes,No,0
3221,23,Male,26,106.71,3546.05,Two year,Mailed check,DSL,No,Yes,Yes,Yes,0,Yes,No,Yes,No phone service,0
3222,58,Male,8,78.12,2124.4,One year,Bank transfer,Fiber optic,No internet service,No,No,No,0,Yes,No,Yes,No phone service,0
3223,63,Female,4,141.43,568.26,Month-to-month,Mailed check,Fiber optic,No internet service,No internet service,No internet service,Yes,0,No,No,No,No,1
3224,61,Male,21,131.05,2766.29,Month-to-month,Credit card,Fiber optic,Yes,No,No internet service,Yes,0,No,No,Yes,Yes,0
3225,48,Female,31,33.31,3734.16,Month-to-month,Bank transfer,Fiber optic,No internet service,No,No internet service,No,0,Yes,No,Yes,Yes,0
3226,37,Female,21,37.1,5527.49,Month-to-month,Bank transfer,DSL,No,No internet service,Yes,No,0,Yes,Yes,Yes,No phone service,0
3227,41,Male,25,107.91,5203.18,Month-to-month,Mailed check,Fiber optic,Yes,No internet service,Yes,Yes,0,No,No,Yes,No,0
3228,42,Female,15,50.0,7584.02,Month-to-month,Bank transfer,Fiber optic,No internet service,No,Yes,Yes,1,No,No,Yes,Yes,0
3229,53,Male,35,122.83,893.13,Month-to-month,Credit card,Fiber optic,No,No internet service,No internet service,No,0,Yes,Yes,Yes,Yes,1
3230,38,Male,49,96.88,2757.09,Month-to-month,Credit card,DSL,No internet service,No internet service,No internet service,No,0,No,Yes,Yes,No,0
3231,47,Male,43,49.88,3904.47,One year,Electronic check,DSL,Yes,No,Yes,No,0,No,Yes,Yes,Yes,0
3232,41,Female,41,82.23,5398.5,One year,Electronic check,Fiber optic,No internet service,Yes,No internet service,Yes,1,Yes,Yes,Yes,Yes,0
3233,61,Male,37,72.79,4014.07,Two year,Electronic check,Fiber optic,No,No,No internet service,Yes,0,Yes,No,Yes,No phone service,0
3234,59,Male,57,133.51,7310.79,Month-to-month,Electronic check,DSL,Yes,No,No internet service,Yes,0,Yes,No,Yes,Yes,1
3235,47,Female,42,24.18,4908.51,Two year,Mailed check,Fiber optic,No,Yes,Yes,No,0,No,Yes,Yes,Yes,0
3236,39,Female,47,136.46,413.36,One year,Electronic check,Fiber optic,Yes,No,No,No,0,Yes,No,Yes,No phone service,0
3237,45,Female,61,104.77,997.88,Month-to-month,Electronic check,DSL,No internet service,No,No,No,0,Yes,Yes,Yes,Yes,1
3238,24,Female,14,115.88,6052.61,Month-to-month,Electronic check,Fiber optic,No internet service,No internet service,No,No,0,No,No,Yes,No phone service,0
3239,52,Male,68,20.34,5754.72,Month-to-month,Electronic check,No,No,No,Yes,No,0,No,No,No,No,0
3240,45,Male,53,101.67,1312.63,Month-to-month,Mailed check,DSL,No internet service,Yes,No internet service,Yes,0,Yes,No,Yes,Yes,0
3241,31,Male,34,96.5,565.38,Month-to-month,Electronic check,DSL,Yes,Yes,No,Yes,0,Yes,No,Yes,Yes,0
3242,27,Female,24,89.84,4671.87,Two year,Bank transfer,Fiber optic,No internet service,No internet service,No,Yes,0,Yes,No,Yes,No phone service,0
3243,33,Female,20,122.16,5122.34,Month-to-month,Credit card,DSL,No internet service,No,Yes,Yes,0,No,No,Yes,Yes,1
3244,33,Male,69,92.26,1168.87,Month-to-month,Bank transfer,Fiber optic,No internet service,No,No internet service,Yes,0,No,Yes,Yes,Yes,0
3245,48,Female,30,131.42,3841.59,Month-to-month,Mailed check,DSL,No internet service,No,No internet service,Yes,0,Yes,Yes,Yes,No phone service,0
3246,59,Female,7,50.24,2516.07,One year,Mailed check,DSL,No internet service,No,Yes,No,0,Yes,Yes,Yes,Yes,0
3247,42,Male,36,124.78,7457.31,Two year,Mailed check,DSL,No internet service,Yes,No,No,0,No,No,Yes,No phone service,0
3248,30,Male,38,43.31,1831.68,Two year,Credit card,DSL,No internet service,Yes,No internet service,No,0,No,No,Yes,Yes,0
3249,23,Female,52,125.71,5892.76,Month-to-month,Electronic check,DSL,No internet service,No internet service,No internet service,No,1,Yes,No,Yes,No,0
3250,61,Female,15,142.26,4193.26,Month-to-month,Mailed check,DSL,No,No,No,Yes,0,No,Yes,Yes,No phone service,1
3251,26,Female,46,63.64,191.02,Two year,Electronic check,DSL,No,Yes,Yes,Yes,0,No,No,No,No,0
3252,62,Male,23,88.89,4184.29,Month-to-month,Mailed check,Fiber optic,No internet service,No,No,Yes,0,Yes,Yes,Yes,No,0
3253,53,Male,12,105.58,885.83,One year,Credit card,DSL,No,Yes,No internet service,No,0,No,No,Yes,No phone service,0
3254,60,Male,44,30.33,5306.59,Two year,Bank transfer,No,No internet service,Yes,Yes,No,0,No,No,Yes,No,0
3255,37,Male,15,84.23,4567.64,One year,Bank transfer,DSL,No internet service,No internet service,No,No,0,No,Yes,Yes,Yes,0
3256,35,Male,49,66.88,182.38,Month-to-month,Credit card,DSL,No internet service,No,No,Yes,1,No,No,Yes,No phone service,0
3257,60,Female,21,133.42,1717.07,Two year,Electronic check,DSL,No,No internet service,Yes,Yes,0,Yes,Yes,Yes,Yes,0
3258,38,Female,15,133.97,6232.18,Two year,Mailed check,Fiber optic,Yes,No internet service,No internet service,No,1,No,Yes,Yes,No,0
3259,21,Female,14,111.1,2278.6,One year,Bank transfer,Fiber optic,No internet service,No internet service,Yes,No,0,No,Yes,Yes,No phone service,0
3260,67,Male,42,105.24,4044.34,Month-to-month,Credit card,DSL,No internet service,No internet service,Yes,No,0,Yes,Yes,Yes,No,0
3261,50,Male,15,115.38,2564.79,Two year,Electronic check,DSL,Yes,No internet service,No internet service,No,0,No,Yes,Yes,Yes,0
3262,44,Male,63,67.58,7380.06,Two year,Bank transfer,No,No,No internet service,No,No,0,Yes,No,Yes,No phone service,0
3263,24,Female,68,72.59,4338.96,Two year,Credit card,No,Yes,No internet service,Yes,No,0,No,No,Yes,No,0
3264,23,Male,27,91.98,5599.77,Month-to-month,Mailed check,DSL,No internet service,No,Yes,Yes,1,No,Yes,Yes,No phone service,0
3265,32,Male,53,141.94,759.46,One year,Credit card,Fiber optic,Yes,No internet service,No,No,1,No,Yes,Yes,No,0
3266,35,Female,52,114.12,418.65,One year,Electronic check,Fiber optic,No internet service,No,No internet service,Yes,0,Yes,Yes,Yes,Yes,0
3267,49,Male,63,91.63,2147.9,Month-to-month,Bank transfer,DSL,No,No,No,Yes,0,No,No,No,No phone service,0
3268,28,Female,53,120.15,2542.16,One year,Mailed check,Fiber optic,No,Yes,No,No,1,Yes,Yes,Yes,No,0
3269,37,Male,57,68.22,5532.68,One year,Electronic check,Fiber optic,No,No internet service,Yes,Yes,0,Yes,Yes,Yes,No,0
3270,41,Male,52,114.96,4596.13,Two year,Credit card,Fiber optic,No internet service,No,Yes,No,0,No,Yes,Yes,Yes,0
3271,32,Female,43,73.39,3059.18,Two year,Bank transfer,No,No,Yes,No internet service,No,0,No,Yes,Yes,No phone service,0
3272,65,Female,7,56.36,5267.53,Month-to-month,Bank transfer,Fiber optic,Yes,Yes,Yes,No,0,Yes,No,Yes,No,1
3273,24,Female,42,99.26,1392.17,Month-to-month,Electronic check,DSL,No,No internet service,No,No,0,Yes,Yes,Yes,Yes,0
3274,38,Female,4,109.29,601.57,Month-to-month,Mailed check,DSL,No internet service,No internet service,No,Yes,0,Yes,Yes,Yes,No phone service,1
3275,59,Female,69,79.71,6850.59,Two year,Electronic check,Fiber optic,Yes,No internet service,No internet service,Yes,0,Yes,No,Yes,No,0
3276,43,Female,5,93.52,4555.17,Month-to-month,Bank transfer,DSL,Yes,No internet service,Yes,No,0,Yes,No,Yes,No,1
3277,61,Male,41,110.23,5227.85,One year,Bank transfer,Fiber optic,Yes,No,Yes,Yes,0,Yes,No,No,No phone service,0
3278,31,Male,4,119.8,2527.21,One year,Bank transfer,DSL,Yes,No,No internet service,No,1,Yes,No,Yes,No phone service,0
3279,54,Female,2,136.42,3038.44,Two year,Mailed check,DSL,No internet service,No internet service,No internet service,No,1,Yes,No,Yes,No,0
3280,38,Male,67,66.09,750.7,Month-to-month,Bank transfer,No,No,No internet service,Yes,No,0,Yes,No,Yes,Yes,0
3281,35,Female,21,143.69,6870.21,One year,Bank transfer,No,Yes,No,No internet service,No,0,No,No,Yes,Yes,0
3282,22,Male,70,102.85,4780.27,Two year,Electronic check,Fiber optic,No,No internet service,No,No,1,Yes,No,Yes,Yes,0
3283,20,Female,43,122.4,760.66,One year,Bank transfer,Fiber optic,No,Yes,No internet service,Yes,0,Yes,No,Yes,No phone service,0
3284,40,Male,69,110.97,6455.78,Month-to-month,Credit card,Fiber optic,No,No,No,Yes,1,Yes,No,Yes,No,1
3285,43,Male,9,46.72,3608.51,Month-to-month,Electronic check,Fiber optic,No,Yes,No,Yes,0,Yes,No,Yes,Yes,1
3286,54,Male,28,29.29,6144.3,Two year,Bank transfer,DSL,No internet service,Yes,No,No,0,No,Yes,Yes,No phone service,0
3287,41,Male,26,114.42,199.7,Month-to-month,Electronic check,Fiber optic,Yes,Yes,Yes,No,0,Yes,No,Yes,No,0
3288,66,Male,3,86.44,327.04,One year,Electronic check,Fiber optic,Yes,Yes,No,Yes,1,No,No,No,No,0
3289,36,Female,49,111.29,1449.19,One year,Credit card,Fiber optic,No,No internet service,No internet service,Yes,0,No,No,Yes,No phone service,0
3290,68,Female,17,81.99,1766.24,Two year,Electronic check,DSL,Yes,No internet service,No,No,0,No,No,Yes,No phone service,0
3291,42,Female,63,60.59,6135.25,Month-to-month,Electronic check,Fiber optic,No,No internet service,Yes,No,0,No,No,Yes,Yes,0
3292,38,Male,55,57.05,5682.88,One year,Mailed check,DSL,No internet service,No internet service,Yes,No,0,Yes,No,Yes,No,0
3293,29,Female,23,114.97,4967.1,Month-to-month,Bank transfer,DSL,Yes,No,Yes,No,0,No,Yes,Yes,No,1
3294,58,Male,34,55.98,7090.39,Month-to-month,Mailed check,DSL,No,No internet service,Yes,Yes,0,Yes,Yes,No,No,0
3295,50,Male,69,112.91,2052.48,Month-to-month,Bank transfer,DSL,Yes,No,No internet service,Yes,1,Yes,No,Yes,No,1
3296,67,Male,15,69.91,7244.8,Two year,Electronic check,No,No,Yes,Yes,No,0,Yes,No,Yes,Yes,0
3297,21,Female,47,120.22,7284.82,Two year,Bank transfer,Fiber optic,Yes,No,No internet service,Yes,0,No,Yes,Yes,No,0
3298,59,Male,3,38.57,3530.65,Month-to-month,Electronic check,No,No internet service,No internet service,Yes,Yes,0,No,Yes,Yes,No phone service,1
3299,24,Female,28,46.65,845.65,Month-to-month,Bank transfer,Fiber optic,Yes,Yes,Yes,No,0,Yes,No,Yes,Yes,0
3300,39,Female,3,109.17,5839.82,One year,Electronic check,Fiber optic,No internet service,Yes,No internet service,Yes,0,No,No,Yes,No,0
3301,50,Male,4,92.83,2761.74,One year,Bank transfer,Fiber optic,No internet service,No internet service,No,No,0,No,Yes,Yes,Yes,0
3302,34,Male,31,46.5,6379.94,One year,Bank transfer,Fiber optic,No,Yes,No internet service,Yes,0,No,No,Yes,Yes,0
3303,41,Female,45,137.37,1393.15,Two year,Bank transfer,Fiber optic,No,Yes,No,No,0,Yes,No,Yes,Yes,0
3304,51,Female,59,55.87,4362.17,Two year,Electronic check,Fiber optic,Yes,Yes,No internet service,No,1,No,No,Yes,No phone service,0
3305,45,Female,45,74.74,4113.78,Month-to-month,Bank transfer,No,No internet service,No,No,Yes,0,Yes,No,Yes,Yes,0
3306,60,Female,37,46.3,892.48,Month-to-month,Electronic check,No,No,Yes,Yes,No,0,No,Yes,Yes,No,0
3307,58,Female,65,70.44,2970.33,One year,Mailed check,DSL,No internet service,Yes,No,No,0,No,No,Yes,No,0
3308,56,Female,9,83.91,769.57,Two year,Bank transfer,DSL,No internet service,No,No,No,0,No,No,No,No,0
3309,39,Male,17,58.38,3771.45,Month-to-month,Credit card,Fiber optic,No internet service,No internet service,Yes,No,0,Yes,No,Yes,Yes,0
3310,66,Female,65,119.98,6758.95,One year,Credit card,DSL,Yes,No,Yes,Yes,1,No,Yes,No,No,0
3311,34,Female,3,71.21,2234.62,Month-to-month,Electronic check,DSL,No internet service,No,No,No,1,Yes,No,No,Yes,1
3312,51,Female,26,114.84,6142.41,Two year,Credit card,DSL,No internet service,No internet service,No,Yes,0,Yes,Yes,No,Yes,0
3313,23,Female,53,46.92,1549.08,One year,Electronic check,Fiber optic,Yes,No internet service,No internet service,Yes,0,No,No,Yes,Yes,0
3314,63,Male,31,69.01,5422.51,Month-to-month,Electronic check,Fiber optic,Yes,No,Yes,Yes,0,No,No,Yes,No,0
3315,23,Male,26,21.05,7332.75,Month-to-month,Credit card,Fiber optic,No,Yes,Yes,No,0,Yes,No,Yes,Yes,0
3316,51,Female,23,118.62,2659.03,Month-to-month,Credit card,No,No internet service,No internet service,Yes,Yes,0,Yes,No,Yes,No phone service,0
3317,18,Female,30,101.37,7213.25,Two year,Mailed check,Fiber optic,No internet service,Yes,No internet service,No,0,No,No,Yes,No phone service,0
3318,27,Female,10,126.32,4092.83,One year,Electronic check,DSL,Yes,No internet service,No internet service,No,0,No,Yes,Yes,Yes,0
3319,38,Male,64,79.23,2602.76,One year,Credit card,Fiber optic,Yes,Yes,No,No,0,No,No,Yes,No,0
3320,22,Male,22,123.97,7182.42,Month-to-month,Mailed check,DSL,No,No,No internet service,Yes,0,Yes,No,Yes,Yes,1
3321,19,Male,15,104.19,353.09,Month-to-month,Mailed check,No,Yes,No,No internet service,No,1,No,No,Yes,Yes,0
3322,39,Male,56,20.47,321.35,Month-to-month,Electronic check,DSL,Yes,No,No internet service,Yes,0,No,Yes,Yes,No phone service,0
3323,65,Male,20,52.98,4838.65,Month-to-month,Bank transfer,No,Yes,No,Yes,No,0,Yes,No,Yes,No,0
3324,19,Male,47,84.21,6394.33,Month-to-month,Credit card,Fiber optic,Yes,No internet service,No,No,1,Yes,Yes,Yes,No,0
3325,27,Female,53,100.43,6037.22,Month-to-month,Credit card,No,No,No,No internet service,Yes,0,No,No,Yes,Yes,1
3326,51,Male,53,28.53,727.81,Month-to-month,Credit card,Fiber optic,No internet service,Yes,No internet service,No,0,Yes,Yes,Yes,No,0
3327,33,Male,1,111.66,7606.98,One year,Credit card,No,No internet service,No,No internet service,No,0,Yes,Yes,Yes,Yes,0
3328,65,Female,2,90.66,5654.2,Two year,Credit card,Fiber optic,No internet service,No,Yes,Yes,0,No,No,Yes,Yes,0
3329,68,Male,58,88.35,7597.99,Month-to-month,Credit card,Fiber optic,No internet service,No,No,Yes,0,No,No,Yes,No phone service,0
3330,56,Female,19,57.97,2699.87,One year,Mailed check,Fiber optic,No internet service,No,No,Yes,0,Yes,No,Yes,No,0
3331,39,Male,62,97.33,5582.12,Month-to-month,Electronic check,Fiber optic,Yes,No internet service,No internet service,Yes,0,Yes,No,Yes,No,0
3332,29,Female,12,23.57,6893.52,One year,Mailed check,No,No internet service,No internet service,No,Yes,1,No,No,Yes,No phone service,0
3333,41,Female,26,28.41,3105.67,Two year,Credit card,DSL,Yes,No internet service,Yes,No,0,No,No,Yes,No,0
3334,64,Female,27,115.4,7722.39,Month-to-month,Electronic check,DSL,No internet service,Yes,No internet service,No,0,Yes,No,Yes,Yes,0
3335,57,Female,29,61.85,2193.44,Month-to-month,Credit card,DSL,No internet service,Yes,No,Yes,0,Yes,No,Yes,No,0
3336,55,Female,15,65.11,2593.35,Month-to-month,Electronic check,Fiber optic,Yes,No,No internet service,Yes,0,No,No,Yes,No,0
3337,27,Male,46,47.09,7370.6,One year,Mailed check,No,No internet service,Yes,Yes,No,0,No,Yes,Yes,No,0
3338,52,Male,1,77.93,7760.31,One year,Electronic check,DSL,Yes,Yes,No internet service,Yes,0,Yes,No,Yes,Yes,0
3339,68,Female,60,26.76,2353.05,Month-to-month,Mailed check,Fiber optic,No,Yes,Yes,No,0,Yes,No,Yes,No,0
3340,66,Female,57,59.05,1177.48,Month-to-month,Credit card,Fiber optic,No,Yes,No internet service,Yes,0,No,No,Yes,Yes,0
3341,49,Female,3,88.53,6096.54,Two year,Electronic check,No,No,No internet service,No internet service,No,1,No,No,Yes,No phone service,0
3342,24,Male,18,80.53,7444.36,Month-to-month,Bank transfer,Fiber optic,No internet service,No internet service,No,No,0,No,Yes,Yes,Yes,0
3343,38,Female,52,149.96,4845.64,Month-to-month,Bank transfer,DSL,No internet service,Yes,No,Yes,0,No,No,Yes,No phone service,0
3344,37,Female,60,70.54,5112.7,Two year,Mailed check,No,No internet service,Yes,Yes,Yes,1,Yes,No,Yes,No phone service,0
3345,43,Female,34,70.31,6127.25,Month-to-month,Mailed check,DSL,No internet service,No internet service,Yes,No,0,Yes,No,Yes,Yes,0
3346,21,Female,60,85.47,1309.37,Two year,Mailed check,Fiber optic,Yes,No,Yes,No,0,No,No,Yes,Yes,0
3347,63,Male,26,44.74,7790.4,Two year,Mailed check,DSL,No,No internet service,No,Yes,1,No,No,Yes,No phone service,0
3348,69,Female,19,133.92,2978.2,Month-to-month,Credit card,DSL,Yes,Yes,No internet service,Yes,0,Yes,No,Yes,No phone service,0
3349,39,Female,22,94.39,5063.1,One year,Bank transfer,No,No,Yes,Yes,No,0,No,No,Yes,No,0
3350,32,Male,33,44.97,3802.07,One year,Mailed check,Fiber optic,No,Yes,No internet service,No,1,Yes,Yes,Yes,Yes,0
3351,57,Female,38,123.15,3798.63,Two year,Electronic check,Fiber optic,Yes,No internet service,No internet service,No,0,No,No,Yes,No phone service,0
3352,38,Female,35,24.46,5651.68,Month-to-month,Electronic check,Fiber optic,Yes,Yes,No,Yes,0,No,No,Yes,Yes,0
3353,32,Male,67,147.73,7957.83,One year,Credit card,Fiber optic,Yes,No internet service,No,Yes,0,Yes,No,Yes,Yes,0
3354,39,Male,10,132.47,5306.57,Two year,Mailed check,DSL,No,No,No internet service,Yes,0,Yes,No,Yes,No phone service,1
3355,69,Male,15,95.35,6373.07,Two year,Electronic check,Fiber optic,Yes,Yes,Yes,Yes,0,Yes,No,Yes,No phone service,0
3356,45,Female,11,34.47,318.17,Two year,Mailed check,Fiber optic,No internet service,Yes,No,Yes,0,No,No,Yes,Yes,0
3357,31,Female,24,47.99,6502.38,One year,Electronic check,No,Yes,No,No internet service,No,1,No,Yes,Yes,No,0
3358,44,Male,4,56.33,2469.81,Two year,Credit card,Fiber optic,No,No internet service,No,No,0,Yes,No,Yes,No phone service,0
3359,58,Male,13,51.33,1100.94,Month-to-month,Electronic check,Fiber optic,No,Yes,No internet service,Yes,0,Yes,No,Yes,Yes,0
3360,57,Male,57,84.68,995.34,One year,Mailed check,Fiber optic,Yes,Yes,No,No,1,No,No,Yes,No,0
3361,45,Female,37,142.79,5471.01,One year,Mailed check,DSL,Yes,Yes,Yes,No,0,Yes,Yes,No,Yes,0
3362,43,Female,48,77.74,7981.17,Month-to-month,Credit card,Fiber optic,No,Yes,Yes,No,0,No,No,Yes,Yes,0
3363,66,Male,71,106.0,5362.94,Month-to-month,Bank transfer,No,No,No,No,No,1,Yes,No,No,No phone service,1
3364,19,Female,1,109.52,2172.55,One year,Mailed check,DSL,Yes,No internet service,No,No,0,Yes,No,Yes,No,0
3365,42,Male,60,133.31,1706.12,Month-to-month,Bank transfer,DSL,No internet service,No,No,Yes,0,No,Yes,Yes,Yes,1
3366,20,Female,12,24.4,4255.06,Month-to-month,Mailed check,Fiber optic,No internet service,No internet service,Yes,No,0,No,Yes,Yes,No,0
3367,25,Female,21,72.56,613.81,Month-to-month,Credit card,DSL,No internet service,No,No,Yes,0,Yes,Yes,Yes,No,0
3368,61,Female,11,122.02,3254.71,Two year,Electronic check,No,No,No,Yes,Yes,0,No,No,Yes,No phone service,1
3369,50,Female,44,125.93,5363.26,Month-to-month,Bank transfer,DSL,No internet service,No internet service,No,No,0,No,No,Yes,Yes,0
3370,59,Male,58,140.55,7744.53,Two year,Electronic check,Fiber optic,No internet service,Yes,No,No,1,No,No,Yes,Yes,0
3371,69,Female,44,111.36,3462.66,Month-to-month,Credit card,Fiber optic,Yes,Yes,No internet service,No,0,Yes,No,Yes,No phone service,0
3372,52,Female,34,51.87,1681.77,One year,Credit card,DSL,Yes,No,Yes,No,0,Yes,No,Yes,No phone service,0
3373,23,Male,25,85.74,6557.16,One year,Credit card,No,No internet service,No,No,Yes,0,No,Yes,Yes,Yes,0
3374,56,Female,4,24.2,5979.18,One year,Mailed check,Fiber optic,No,No,Yes,No,0,No,Yes,Yes,No phone service,0
3375,69,Male,64,104.1,6891.66,Two year,Mailed check,DSL,No internet service,Yes,No internet service,Yes,0,Yes,No,Yes,Yes,0
3376,40,Male,16,92.06,1796.28,One year,Mailed check,DSL,Yes,No internet service,Yes,Yes,0,No,Yes,Yes,No,0
3377,42,Female,10,106.69,3298.17,One year,Mailed check,Fiber optic,Yes,Yes,Yes,No,0,Yes,No,Yes,No,0
3378,67,Female,66,140.92,7854.28,Month-to-month,Bank transfer,DSL,Yes,No,Yes,Yes,0,Yes,Yes,Yes,No phone service,0
3379,60,Male,35,109.35,1348.53,One year,Credit card,Fiber optic,No internet service,Yes,Yes,Yes,0,Yes,No,No,No,0
3380,36,Male,6,61.66,5404.46,Month-to-month,Bank transfer,Fiber optic,No,Yes,Yes,Yes,0,Yes,No,Yes,Yes,1
3381,22,Male,19,45.84,1973.76,Month-to-month,Mailed check,Fiber optic,No internet service,Yes,Yes,No,0,Yes,No,Yes,No,0
3382,68,Female,59,131.1,4051.26,Two year,Electronic check,DSL,Yes,No internet service,Yes,Yes,0,No,No,Yes,No,0
3383,28,Male,53,45.26,6424.03,Two year,Bank transfer,Fiber optic,Yes,No,No,No,0,No,No,Yes,No,0
3384,29,Male,8,41.01,3959.83,Month-to-month,Electronic check,DSL,Yes,Yes,No,Yes,0,No,No,Yes,Yes,0
3385,27,Male,10,46.86,6463.31,Two year,Mailed check,Fiber optic,Yes,Yes,Yes,Yes,0,Yes,No,Yes,No phone service,0
3386,25,Female,67,86.15,3468.05,One year,Bank transfer,Fiber optic,No internet service,No,Yes,No,0,Yes,No,Yes,Yes,0
3387,41,Male,38,36.14,7994.89,Month-to-month,Bank transfer,DSL,No internet service,Yes,No,Yes,0,No,No,No,No phone service,0
3388,45,Female,29,141.96,3543.04,Month-to-month,Bank transfer,DSL,No,Yes,No internet service,No,0,No,Yes,Yes,No,0
3389,58,Female,15,145.61,1280.1,Two year,Electronic check,DSL,Yes,Yes,No,Yes,0,Yes,No,Yes,No,0
3390,53,Male,23,146.59,3274.77,One year,Mailed check,Fiber optic,No internet service,Yes,No internet service,Yes,0,Yes,Yes,Yes,No,0
3391,54,Female,46,25.09,5966.49,Month-to-month,Credit card,Fiber optic,No internet service,No,Yes,No,0,No,No,Yes,Yes,0
3392,38,Male,28,143.01,6798.71,One year,Credit card,Fiber optic,Yes,Yes,Yes,Yes,0,No,Yes,No,No,0
3393,25,Female,26,149.66,3734.82,One year,Mailed check,No,No internet service,No internet service,No,No,0,Yes,No,Yes,Yes,0
3394,26,Female,10,142.52,4796.37,One year,Bank transfer,Fiber optic,Yes,Yes,No,Yes,0,Yes,No,Yes,Yes,0
3395,64,Male,47,107.22,6774.63,One year,Credit card,Fiber optic,No,No internet service,No,No,0,Yes,Yes,Yes,No phone service,0
3396,32,Male,4,111.16,6527.01,One year,Bank transfer,DSL,Yes,No,Yes,Yes,0,Yes,Yes,Yes,No phone service,0
3397,65,Male,55,35.89,5296.02,One year,Mailed check,DSL,Yes,Yes,No,No,0,Yes,No,Yes,No phone service,0
3398,63,Female,66,133.66,6538.71,Two year,Electronic check,DSL,No internet service,No internet service,No,No,0,No,No,Yes,No phone service,0
3399,57,Female,67,27.75,4649.69,Two year,Bank transfer,Fiber optic,No,No internet service,No internet service,No,0,Yes,No,No,Yes,0
3400,35,Male,7,61.3,136.72,One year,Electronic check,DSL,No,Yes,Yes,Yes,0,No,No,Yes,Yes,0
3401,59,Male,55,148.85,426.01,Two year,Electronic check,Fiber optic,No internet service,Yes,Yes,No,0,Yes,No,Yes,No phone service,0
3402,37,Female,31,74.9,7840.49,Two year,Mailed check,Fiber optic,No,No,Yes,Yes,1,Yes,No,Yes,No phone service,0
3403,23,Female,19,37.05,1245.44,Month-to-month,Mailed check,DSL,No,No,No,No,0,Yes,No,Yes,No phone service,0
3404,29,Female,28,146.01,3295.68,Two year,Electronic check,Fiber optic,Yes,Yes,Yes,No,0,Yes,No,Yes,No phone service,0
3405,19,Male,28,147.94,7477.11,Month-to-month,Electronic check,DSL,No internet service,No,No,No,0,Yes,No,Yes,No phone service,0
3406,24,Female,19,44.32,1640.81,Month-to-month,Credit card,Fiber optic,No,No,No internet service,Yes,0,Yes,No,Yes,No phone service,0
3407,33,Male,20,132.42,6765.95,One year,Credit card,Fiber optic,No,No,Yes,No,0,No,No,Yes,No phone service,0
3408,20,Female,13,70.76,6564.31,One year,Mailed check,Fiber optic,No,No,No internet service,Yes,0,Yes,Yes,Yes,No,0
3409,62,Female,43,69.58,7892.0,One year,Bank transfer,DSL,Yes,Yes,No internet service,No,0,Yes,No,Yes,No phone service,0
3410,20,Male,11,54.15,2325.29,One year,Electronic check,DSL,Yes,Yes,Yes,No,0,Yes,No,No,No phone service,0
3411,44,Male,48,25.81,2591.07,Month-to-month,Bank transfer,Fiber optic,No internet service,No internet service,Yes,No,0,Yes,No,Yes,Yes,0
3412,67,Male,15,54.84,7232.74,Two year,Electronic check,DSL,No internet service,No,No,Yes,0,Yes,No,Yes,No phone service,0
3413,60,Female,17,26.99,1949.22,Month-to-month,Mailed check,No,Yes,Yes,No internet service,No,1,Yes,No,Yes,No phone service,0
3414,57,Female,54,140.17,4428.42,Two year,Bank transfer,DSL,No internet service,No internet service,No internet service,Yes,0,Yes,Yes,Yes,No phone service,0
3415,55,Female,50,106.02,5688.03,Month-to-month,Mailed check,No,No internet service,No,No,No,0,No,Yes,Yes,Yes,0
3416,50,Male,28,135.26,2247.89,One year,Electronic check,No,No internet service,No internet service,Yes,Yes,1,No,No,Yes,Yes,0
3417,45,Female,4,113.25,7513.46,Month-to-month,Mailed check,Fiber optic,Yes,No,No internet service,Yes,0,No,No,Yes,No,1
3418,18,Male,22,37.07,5359.01,One year,Bank transfer,DSL,Yes,Yes,No,No,0,No,No,Yes,Yes,0
3419,25,Male,39,142.28,472.4,Month-to-month,Credit card,Fiber optic,No,No internet service,No internet service,No,0,No,No,Yes,Yes,1
3420,54,Male,34,136.99,1172.33,Month-to-month,Mailed check,DSL,No,Yes,No internet service,Yes,0,No,No,Yes,No,1
3421,49,Female,44,65.25,1607.17,Month-to-month,Bank transfer,Fiber optic,No,No,No,Yes,0,No,No,Yes,Yes,0
3422,65,Female,42,34.5,2035.16,One year,Mailed check,DSL,No,No,No internet service,Yes,1,No,Yes,Yes,No,0
3423,60,Male,40,111.54,5872.35,Two year,Mailed check,Fiber optic,No internet service,No,No,No,0,Yes,No,Yes,No,0
3424,54,Female,12,114.69,802.59,Month-to-month,Credit card,DSL,No internet service,No internet service,No,Yes,1,No,No,Yes,Yes,0
3425,21,Male,2,136.59,2869.7,One year,Bank transfer,DSL,Yes,No internet service,No internet service,No,0,No,No,Yes,Yes,0
3426,47,Male,28,26.85,7299.93,One year,Bank transfer,Fiber optic,No internet service,No internet service,No internet service,No,0,No,Yes,Yes,No,0
3427,23,Female,67,38.42,4497.67,Month-to-month,Bank transfer,No,No internet service,Yes,Yes,Yes,0,No,No,Yes,No,0
3428,63,Male,71,97.77,2197.42,Month-to-month,Electronic check,DSL,No internet service,No internet service,Yes,Yes,0,Yes,No,Yes,No,0
3429,36,Male,10,100.49,7660.74,Month-to-month,Mailed check,Fiber optic,No,No,No internet service,Yes,0,No,No,Yes,No,1
3430,49,Female,57,24.37,2030.1,Month-to-month,Credit card,Fiber optic,Yes,Yes,Yes,Yes,1,Yes,No,Yes,Yes,0
3431,26,Male,37,71.6,7250.29,Month-to-month,Bank transfer,DSL,No,No,Yes,Yes,0,No,Yes,Yes,No phone service,0
3432,29,Male,64,95.94,5833.58,Month-to-month,Credit card,Fiber optic,No internet service,No,No,Yes,0,No,Yes,Yes,No,0
3433,28,Male,40,115.93,5950.12,Month-to-month,Electronic check,Fiber optic,No internet service,No internet service,No internet service,Yes,0,Yes,No,Yes,Yes,0
3434,63,Male,60,61.1,6143.02,Two year,Electronic check,DSL,Yes,No internet service,Yes,No,0,Yes,No,Yes,No,0
3435,33,Male,48,82.91,4101.9,Two year,Credit card,Fiber optic,No,No internet service,Yes,Yes,1,Yes,No,Yes,No phone service,0
3436,18,Male,19,125.83,6535.17,One year,Bank transfer,Fiber optic,No internet service,No,Yes,Yes,0,No,Yes,Yes,Yes,0
3437,62,Male,33,144.01,6705.93,One year,Credit card,DSL,Yes,Yes,No internet service,Yes,0,Yes,No,No,Yes,0
3438,38,Female,44,49.94,2947.85,Month-to-month,Bank transfer,Fiber optic,No internet service,No internet service,No,No,0,Yes,No,No,No phone service,0
3439,47,Female,37,52.9,3262.72,Month-to-month,Bank transfer,Fiber optic,No internet service,No internet service,No internet service,No,0,Yes,Yes,Yes,No phone service,0
3440,30,Male,36,142.18,7121.18,Month-to-month,Electronic check,Fiber optic,Yes,Yes,No,Yes,0,Yes,Yes,Yes,Yes,0
3441,51,Male,21,71.47,4245.36,One year,Credit card,Fiber optic,Yes,No,Yes,No,0,Yes,Yes,Yes,No phone service,0
3442,21,Female,2,113.39,6948.85,Two year,Electronic check,DSL,No internet service,No,No internet service,Yes,0,Yes,Yes,No,Yes,0
3443,45,Female,31,99.59,5051.48,Month-to-month,Mailed check,Fiber optic,Yes,Yes,No,Yes,0,Yes,Yes,Yes,No phone service,0
3444,55,Female,30,57.13,4789.19,Month-to-month,Electronic check,Fiber optic,No internet service,No internet service,Yes,Yes,1,No,Yes,Yes,No,0
3445,48,Female,44,104.96,344.75,One year,Bank transfer,Fiber optic,No,Yes,Yes,No,1,Yes,No,Yes,No,0
3446,44,Female,12,105.22,2295.37,Two year,Credit card,DSL,No internet service,No internet service,No internet service,No,0,No,Yes,Yes,Yes,0
3447,22,Male,51,97.02,4066.26,Month-to-month,Mailed check,Fiber optic,Yes,Yes,No,No,0,Yes,No,Yes,Yes,0
3448,42,Female,49,32.96,4739.81,Month-to-month,Mailed check,Fiber optic,No,No,Yes,No,0,No,Yes,Yes,Yes,0
3449,20,Female,24,149.37,5080.43,Two year,Mailed check,Fiber optic,Yes,No,Yes,No,1,Yes,No,Yes,No,0
3450,50,Female,24,72.05,5758.16,Month-to-month,Mailed check,Fiber optic,No internet service,No,Yes,No,0,Yes,No,Yes,No,0
3451,21,Male,60,102.97,5284.24,One year,Credit card,Fiber optic,Yes,No,No,Yes,0,No,No,Yes,Yes,0
3452,42,Male,11,135.15,6803.76,Two year,Bank transfer,DSL,No internet service,Yes,No,No,0,No,No,Yes,No phone service,0
3453,37,Male,13,75.03,2434.22,Two year,Mailed check,No,Yes,Yes,Yes,Yes,0,No,No,Yes,Yes,0
3454,51,Male,64,120.61,5168.4,Month-to-month,Bank transfer,Fiber optic,Yes,No internet service,No,No,0,Yes,Yes,Yes,Yes,0
3455,43,Male,20,146.34,504.16,Month-to-month,Electronic check,No,No internet service,Yes,Yes,Yes,0,No,No,Yes,Yes,0
3456,22,Male,71,66.66,3893.5,Month-to-month,Bank transfer,Fiber optic,No,No internet service,Yes,Yes,0,Yes,Yes,No,No phone service,0
3457,52,Female,28,72.69,2217.46,One year,Mailed check,Fiber optic,No internet service,Yes,No,No,0,Yes,Yes,Yes,No,0
3458,45,Male,2,137.72,3109.01,One year,Electronic check,Fiber optic,No,Yes,No,Yes,0,Yes,No,Yes,No phone service,0
3459,46,Male,43,40.75,2901.84,Two year,Electronic check,Fiber optic,No,Yes,No internet service,No,0,Yes,Yes,No,No,0
3460,26,Female,8,23.72,577.4,One year,Electronic check,Fiber optic,No,Yes,No internet service,Yes,0,Yes,No,Yes,No,0
3461,69,Male,13,138.16,3786.5,One year,Mailed check,DSL,No,No,No,Yes,0,Yes,Yes,Yes,No phone service,0
3462,55,Female,35,126.81,7957.57,Month-to-month,Bank transfer,Fiber optic,No internet service,Yes,No,No,0,Yes,Yes,Yes,No,0
3463,67,Female,23,146.44,2461.59,Month-to-month,Credit card,Fiber optic,No internet service,No internet service,No,Yes,0,No,No,Yes,No phone service,0
3464,23,Male,46,27.57,5915.55,Month-to-month,Bank transfer,DSL,No,No,No,Yes,0,Yes,No,Yes,No,0
3465,36,Female,15,40.3,4427.53,Month-to-month,Mailed check,Fiber optic,No,Yes,Yes,Yes,0,Yes,Yes,No,Yes,0
3466,61,Female,2,33.69,2669.28,Two year,Mailed check,Fiber optic,No,Yes,Yes,No,0,Yes,Yes,No,No,0
3467,28,Female,61,108.84,807.9,One year,Electronic check,DSL,No,No internet service,No internet service,Yes,1,No,Yes,Yes,No phone service,0
3468,19,Female,64,98.78,1805.28,Month-to-month,Bank transfer,DSL,No,No,No,Yes,0,No,No,Yes,No,0
3469,64,Male,52,66.71,6276.64,Month-to-month,Mailed check,Fiber optic,No,No,No internet service,No,1,No,No,Yes,Yes,0
3470,61,Female,36,27.47,2304.26,Month-to-month,Mailed check,DSL,Yes,No,No,Yes,0,Yes,No,No,No phone service,0
3471,61,Male,67,103.16,1239.99,Month-to-month,Credit card,DSL,No,No,No,Yes,0,Yes,Yes,Yes,Yes,1
3472,26,Female,69,94.12,2717.26,Two year,Bank transfer,Fiber optic,Yes,No internet service,No,No,0,No,No,Yes,Yes,0
3473,38,Female,67,34.68,4713.94,Two year,Electronic check,DSL,No internet service,Yes,Yes,Yes,0,Yes,Yes,No,Yes,0
3474,41,Female,47,138.16,5657.36,Month-to-month,Electronic check,Fiber optic,No internet service,Yes,No internet service,Yes,0,No,No,Yes,No phone service,0
3475,51,Male,2,45.86,3160.18,One year,Electronic check,DSL,No,No,No,No,0,No,No,Yes,No,0
3476,39,Male,44,116.66,4035.36,Month-to-month,Bank transfer,No,No internet service,No internet service,No internet service,No,0,Yes,No,Yes,Yes,0
3477,20,Male,64,135.06,3693.84,Month-to-month,Mailed check,DSL,No internet service,Yes,No internet service,No,0,No,No,Yes,No phone service,0
3478,29,Female,28,95.33,171.13,One year,Mailed check,DSL,No,No,Yes,Yes,1,Yes,Yes,No,No,0
3479,45,Female,54,52.09,3225.24,Month-to-month,Credit card,Fiber optic,No internet service,No,Yes,Yes,1,No,No,Yes,No,0
3480,47,Female,67,60.2,4739.83,Month-to-month,Credit card,DSL,No internet service,No internet service,No,Yes,0,Yes,Yes,Yes,No phone service,0
3481,43,Female,36,135.15,4602.56,Month-to-month,Mailed check,Fiber optic,No,No internet service,No internet service,Yes,0,No,No,Yes,No phone service,0
3482,65,Male,63,58.77,6023.16,Month-to-month,Mailed check,Fiber optic,No,No internet service,Yes,Yes,0,No,Yes,Yes,No,0
3483,38,Female,25,117.0,5395.97,Month-to-month,Bank transfer,Fiber optic,No,No,No internet service,Yes,0,Yes,No,Yes,No,1
3484,45,Male,48,148.72,2286.77,Month-to-month,Credit card,Fiber optic,Yes,No internet service,No internet service,Yes,0,No,No,Yes,Yes,0
3485,43,Female,39,149.98,2119.59,Month-to-month,Electronic check,No,No,No,No,Yes,0,No,Yes,Yes,No,1
3486,50,Male,47,89.35,3766.72,One year,Electronic check,Fiber optic,No internet service,Yes,No internet service,Yes,0,No,Yes,Yes,Yes,0
3487,38,Male,21,127.45,5890.46,Month-to-month,Electronic check,DSL,No,No,Yes,Yes,0,Yes,Yes,Yes,Yes,1
3488,52,Female,30,148.73,841.24,Month-to-month,Electronic check,DSL,Yes,No,No,No,1,No,No,Yes,No,1
3489,69,Female,31,68.71,7591.78,Month-to-month,Mailed check,Fiber optic,No internet service,Yes,No,Yes,1,Yes,No,Yes,No phone service,0
3490,51,Male,26,52.81,4390.91,Two year,Mailed check,No,Yes,No internet service,No,No,0,No,Yes,Yes,No,0
3491,58,Female,22,34.85,2520.63,Month-to-month,Bank transfer,DSL,No internet service,No internet service,Yes,Yes,0,No,No,Yes,Yes,0
3492,68,Female,21,38.32,5577.79,Two year,Electronic check,No,No,No,No,No,1,No,Yes,Yes,No,0
3493,64,Male,1,130.96,453.33,Month-to-month,Mailed check,Fiber optic,Yes,No,No internet service,No,0,Yes,No,Yes,No,1
3494,35,Male,37,96.53,3926.74,Two year,Mailed check,Fiber optic,No,Yes,No,No,0,No,No,Yes,No phone service,0
3495,28,Male,46,133.58,3939.16,Month-to-month,Mailed check,Fiber optic,No internet service,No internet service,Yes,Yes,1,Yes,Yes,Yes,Yes,0
3496,40,Male,9,122.63,1379.6,Month-to-month,Electronic check,DSL,No,Yes,Yes,Yes,0,No,Yes,Yes,Yes,1
3497,65,Female,17,107.59,6715.36,One year,Mailed check,No,No,No,No,No,1,Yes,No,Yes,Yes,0
3498,39,Male,47,99.21,6394.82,One year,Credit card,Fiber optic,No internet service,No,No internet service,Yes,0,No,No,Yes,Yes,0
3499,34,Male,59,26.28,1306.59,One year,Electronic check,Fiber optic,Yes,Yes,Yes,No,1,No,No,Yes,No phone service,0
3500,22,Male,54,133.4,2974.24,Month-to-month,Electronic check,No,No internet service,Yes,Yes,Yes,0,No,No,Yes,No phone service,0
3501,61,Female,12,74.32,893.39,Month-to-month,Credit card,DSL,No internet service,No internet service,Yes,No,0,No,No,Yes,Yes,0
3502,28,Male,64,92.77,6804.01,One year,Bank transfer,No,No,Yes,No,No,0,Yes,No,Yes,No,0
3503,47,Female,6,22.85,2654.23,Two year,Bank transfer,DSL,No internet service,No internet service,Yes,No,0,No,Yes,Yes,Yes,0
3504,32,Male,53,141.69,3570.6,Two year,Electronic check,Fiber optic,Yes,No internet service,Yes,No,0,Yes,No,Yes,No,0
3505,44,Male,16,137.36,2658.59,One year,Electronic check,Fiber optic,No internet service,Yes,Yes,No,0,Yes,No,Yes,Yes,0
3506,52,Female,5,90.63,2549.21,Month-to-month,Electronic check,Fiber optic,No internet service,Yes,No,Yes,0,Yes,No,Yes,No phone service,1
3507,50,Male,46,95.05,6003.69,Month-to-month,Credit card,Fiber optic,No,No internet service,Yes,Yes,1,No,No,Yes,No phone service,0
3508,37,Male,14,111.65,6005.77,Two year,Mailed check,No,Yes,Yes,Yes,No,0,Yes,No,Yes,Yes,0
3509,33,Female,44,54.41,4190.53,Two year,Credit card,DSL,No,No internet service,No,Yes,0,Yes,Yes,Yes,No,0
3510,51,Male,63,48.85,5295.17,Two year,Mailed check,DSL,No,No internet service,No,Yes,0,Yes,No,No,No,0
3511,19,Male,52,107.62,4142.14,One year,Mailed check,DSL,Yes,No,No internet service,No,0,Yes,No,Yes,No,0
3512,52,Male,26,33.57,325.85,Two year,Bank transfer,Fiber optic,Yes,No internet service,Yes,Yes,0,Yes,No,Yes,No phone service,0
3513,57,Male,53,79.03,621.45,Two year,Credit card,Fiber optic,No internet service,No,No,Yes,0,No,No,Yes,No,0
3514,45,Female,29,84.06,3131.55,One year,Credit card,Fiber optic,Yes,Yes,No internet service,No,0,No,Yes,Yes,No,0
3515,64,Male,19,69.57,6023.0,One year,Electronic check,No,No,No internet service,Yes,Yes,0,No,No,Yes,No,0
3516,56,Female,47,44.08,7314.49,Month-to-month,Credit card,No,Yes,No internet service,No,No,0,No,No,Yes,No phone service,0
3517,23,Male,8,66.19,334.7,One year,Mailed check,DSL,Yes,Yes,No,No,1,No,No,Yes,Yes,0
3518,26,Female,23,63.88,3007.44,Two year,Mailed check,Fiber optic,Yes,Yes,Yes,Yes,0,Yes,No,Yes,No phone service,0
3519,37,Male,35,84.9,1867.88,Month-to-month,Credit card,DSL,No,Yes,Yes,No,0,No,Yes,Yes,No phone service,0
3520,18,Female,53,107.71,6540.12,One year,Bank transfer,No,No internet service,No internet service,No internet service,Yes,1,No,No,Yes,Yes,0
3521,25,Male,58,145.87,6783.15,Month-to-month,Bank transfer,No,No internet service,Yes,Yes,No,0,Yes,No,Yes,Yes,0
3522,40,Female,5,38.74,1730.63,Two year,Electronic check,No,No,Yes,Yes,No,0,No,Yes,Yes,No,0
3523,20,Female,16,133.49,5715.54,One year,Electronic check,Fiber optic,No internet service,No,Yes,No,0,No,Yes,Yes,No,0
3524,21,Male,17,56.94,5880.87,Two year,Mailed check,Fiber optic,No internet service,No,No,No,0,Yes,No,Yes,Yes,0
3525,42,Female,32,96.88,1498.76,One year,Credit card,Fiber optic,No,No internet service,No internet service,Yes,0,No,No,Yes,No,0
3526,64,Male,52,91.08,3526.2,Month-to-month,Mailed check,Fiber optic,No,Yes,No internet service,Yes,1,No,No,Yes,Yes,0
3527,55,Male,20,92.4,5000.67,Month-to-month,Mailed check,DSL,No internet service,Yes,No internet service,Yes,0,No,No,No,No,0
3528,32,Male,66,114.04,305.93,One year,Credit card,No,Yes,No,No,Yes,0,No,No,Yes,No phone service,0
3529,38,Male,1,69.62,3296.28,Month-to-month,Mailed check,Fiber optic,No internet service,No internet service,Yes,Yes,0,Yes,Yes,Yes,No,0
3530,52,Male,58,61.48,1324.17,One year,Mailed check,No,Yes,Yes,No,Yes,0,No,Yes,Yes,Yes,0
3531,63,Female,44,130.87,4380.98,Month-to-month,Bank transfer,No,No,No internet service,No internet service,No,0,No,No,No,Yes,0
3532,69,Male,6,48.61,6759.05,Two year,Electronic check,No,Yes,No,Yes,Yes,0,No,No,Yes,No phone service,0
3533,31,Male,50,43.43,4245.56,Month-to-month,Bank transfer,Fiber optic,Yes,Yes,Yes,Yes,0,Yes,Yes,Yes,No,0
3534,53,Male,20,22.03,384.27,Two year,Electronic check,DSL,Yes,No,No internet service,Yes,0,No,Yes,Yes,Yes,0
3535,29,Male,14,47.38,334.29,One year,Electronic check,DSL,No,No,Yes,Yes,0,No,No,Yes,No,0
3536,34,Male,5,87.41,4883.47,Month-to-month,Electronic check,Fiber optic,No internet service,No,No,Yes,0,No,No,No,Yes,1
3537,56,Male,41,90.01,2691.05,One year,Bank transfer,DSL,No internet service,Yes,No internet service,Yes,0,No,No,Yes,No,0
3538,26,Female,40,53.07,4624.07,Two year,Credit card,DSL,Yes,No internet service,No,Yes,1,Yes,No,Yes,No phone service,0
3539,52,Female,34,29.4,1392.73,One year,Mailed check,Fiber optic,No internet service,Yes,Yes,Yes,0,Yes,No,Yes,No,0
3540,30,Male,45,116.8,6237.21,Month-to-month,Credit card,No,No,No,No internet service,No,0,Yes,No,Yes,No,1
3541,32,Female,71,118.54,6899.69,Two year,Credit card,No,No,No internet service,Yes,Yes,0,Yes,No,Yes,Yes,0
3542,35,Male,71,149.72,7124.88,Month-to-month,Electronic check,DSL,No,No,No internet service,No,1,Yes,No,No,No,1
3543,68,Male,27,137.0,2502.19,Month-to-month,Electronic check,No,No,Yes,No internet service,Yes,0,Yes,Yes,Yes,Yes,1
3544,50,Male,44,140.39,5319.81,One year,Bank transfer,Fiber optic,No internet service,No internet service,No internet service,Yes,0,No,No,Yes,Yes,0
3545,23,Male,33,123.77,2304.43,Month-to-month,Bank transfer,Fiber optic,Yes,Yes,No internet service,Yes,0,No,No,Yes,No,0
3546,44,Male,33,100.02,6125.78,One year,Mailed check,DSL,Yes,No internet service,No internet service,Yes,0,No,No,Yes,Yes,0
3547,40,Female,44,36.71,1052.15,One year,Credit card,Fiber optic,Yes,No,Yes,Yes,0,No,No,Yes,No phone service,0
3548,44,Female,20,100.9,6125.84,One year,Credit card,Fiber optic,No,No,No internet service,Yes,0,Yes,No,Yes,No,0
3549,51,Female,36,27.27,3573.86,Month-to-month,Mailed check,Fiber optic,No internet service,No,No,Yes,0,No,No,Yes,No phone service,0
3550,63,Female,7,135.09,6858.84,One year,Electronic check,Fiber optic,No internet service,Yes,No internet service,Yes,0,Yes,No,Yes,No,0
3551,55,Male,32,82.64,5937.55,One year,Bank transfer,No,No internet service,Yes,No,No,0,Yes,Yes,No,Yes,0
3552,31,Female,67,110.67,3074.51,One year,Mailed check,No,No internet service,No,Yes,No,0,No,Yes,Yes,No phone service,0
3553,53,Male,39,26.79,7237.96,Two year,Credit card,No,No internet service,No,No internet service,No,0,Yes,Yes,Yes,No phone service,0
3554,25,Female,24,89.45,2338.36,Month-to-month,Mailed check,DSL,No internet service,No internet service,No internet service,Yes,0,No,Yes,Yes,Yes,0
3555,52,Female,70,59.16,7739.21,One year,Mailed check,Fiber optic,Yes,No internet service,No,Yes,0,Yes,Yes,Yes,No,0
3556,36,Female,54,57.05,6160.91,One year,Credit card,DSL,No,Yes,No internet service,Yes,0,Yes,No,Yes,No,0
3557,47,Female,38,70.66,7926.33,One year,Credit card,Fiber optic,Yes,No internet service,Yes,No,0,Yes,Yes,Yes,No,0
3558,31,Male,32,20.08,525.85,One year,Bank transfer,No,No internet service,Yes,Yes,No,0,No,No,Yes,No,0
3559,37,Female,45,80.67,2264.88,Month-to-month,Bank transfer,DSL,No,Yes,No internet service,Yes,0,No,No,Yes,No phone service,0
3560,66,Female,61,83.25,5955.99,Month-to-month,Credit card,No,No,No internet service,No,No,1,No,No,No,Yes,0
3561,42,Male,70,132.21,7385.77,One year,Bank transfer,Fiber optic,No,No internet service,Yes,No,1,Yes,No,Yes,Yes,0
3562,57,Male,53,78.31,327.29,Month-to-month,Bank transfer,DSL,No,No internet service,No internet service,Yes,0,Yes,Yes,No,No phone service,0
3563,41,Female,51,67.26,100.07,Month-to-month,Bank transfer,Fiber optic,No internet service,No,No,No,0,Yes,No,No,Yes,0
3564,31,Male,56,149.32,2124.32,One year,Credit card,DSL,No internet service,No,No,No,0,Yes,Yes,Yes,Yes,0
3565,43,Male,27,94.26,6836.95,Two year,Electronic check,Fiber optic,No,No internet service,Yes,Yes,0,No,No,Yes,Yes,0
3566,55,Male,38,81.44,6160.51,Month-to-month,Electronic check,DSL,No internet service,No,No internet service,No,0,No,Yes,Yes,No phone service,0
3567,40,Female,62,84.47,2788.19,Two year,Bank transfer,Fiber optic,No,Yes,Yes,Yes,0,No,No,Yes,No phone service,0
3568,39,Male,18,125.19,115.89,Month-to-month,Electronic check,Fiber optic,No internet service,No,No,Yes,0,Yes,No,Yes,Yes,1
3569,65,Female,64,64.29,4482.18,One year,Bank transfer,Fiber optic,No,No,Yes,No,0,No,Yes,Yes,No phone service,0
3570,36,Female,30,70.59,1979.85,One year,Electronic check,DSL,No internet service,No,No internet service,Yes,0,Yes,No,Yes,No phone service,0
3571,63,Female,49,118.26,5990.31,Month-to-month,Electronic check,Fiber optic,Yes,Yes,Yes,No,0,Yes,No,Yes,No phone service,0
3572,68,Female,41,29.49,3626.16,Two year,Mailed check,Fiber optic,Yes,Yes,No,No,0,Yes,No,Yes,No,0
3573,20,Male,13,132.47,5460.96,Month-to-month,Bank transfer,No,No internet service,No internet service,Yes,Yes,0,No,Yes,No,No phone service,0
3574,59,Female,34,75.93,6833.24,Month-to-month,Electronic check,Fiber optic,No internet service,No,No,No,0,Yes,Yes,Yes,No,0
3575,36,Male,25,95.57,4332.5,One year,Electronic check,DSL,Yes,No,No,Yes,0,Yes,No,Yes,Yes,0
3576,26,Female,66,118.47,2754.05,One year,Mailed check,Fiber optic,No internet service,Yes,No,No,0,No,Yes,Yes,Yes,0
3577,45,Male,18,54.59,6179.39,Two year,Electronic check,Fiber optic,No,No,Yes,Yes,0,Yes,No,Yes,Yes,0
3578,37,Female,5,135.74,2194.98,Month-to-month,Mailed check,DSL,No internet service,Yes,No internet service,Yes,1,Yes,No,Yes,No phone service,1
3579,62,Male,19,147.3,7143.0,Month-to-month,Electronic check,Fiber optic,No internet service,No,No,Yes,0,No,Yes,Yes,No,0
3580,24,Female,42,84.26,664.28,Month-to-month,Mailed check,Fiber optic,Yes,No internet service,Yes,Yes,0,Yes,No,No,No phone service,0
3581,31,Female,18,141.8,6700.2,One year,Mailed check,DSL,Yes,Yes,No,Yes,0,Yes,No,Yes,Yes,0
3582,26,Male,32,20.15,823.29,One year,Credit card,DSL,No internet service,Yes,Yes,Yes,0,No,No,Yes,No,0
3583,36,Female,21,136.25,543.48,Two year,Bank transfer,Fiber optic,No,Yes,No,Yes,0,Yes,No,Yes,No phone service,0
3584,64,Female,10,60.44,2969.73,One year,Credit card,Fiber optic,No internet service,No,Yes,Yes,0,Yes,No,Yes,No phone service,0
3585,69,Female,37,60.49,7656.74,Two year,Bank transfer,No,No,No internet service,No,No,0,No,No,Yes,Yes,0
3586,31,Male,49,49.65,7869.54,Two year,Electronic check,Fiber optic,No,Yes,No,No,0,Yes,No,Yes,No phone service,0
3587,55,Female,13,61.21,1696.36,Month-to-month,Bank transfer,Fiber optic,No internet service,No internet service,No,No,1,Yes,No,Yes,No phone service,0
3588,53,Female,55,47.75,1274.24,Month-to-month,Credit card,Fiber optic,No,Yes,No internet service,No,0,Yes,Yes,Yes,Yes,0
3589,57,Male,17,137.76,2888.33,Month-to-month,Bank transfer,Fiber optic,Yes,No internet service,Yes,No,0,Yes,No,Yes,No,0
3590,34,Male,9,136.87,2762.99,Month-to-month,Credit card,Fiber optic,No,No,No internet service,No,0,No,No,Yes,No phone service,1
3591,47,Male,44,33.29,6100.78,One year,Bank transfer,DSL,No,No,Yes,No,1,No,Yes,Yes,Yes,0
3592,26,Male,46,38.57,3607.59,Month-to-month,Electronic check,DSL,No,No internet service,No,No,0,No,No,No,No phone service,0
3593,50,Male,8,132.06,6261.08,Month-to-month,Electronic check,Fiber optic,Yes,No internet service,Yes,Yes,0,No,No,Yes,No,1
3594,69,Female,37,71.86,6014.83,Month-to-month,Bank transfer,Fiber optic,Yes,No,Yes,No,0,No,Yes,Yes,No,0
3595,42,Female,19,42.01,4668.65,Month-to-month,Bank transfer,DSL,No internet service,No internet service,No,No,1,Yes,No,Yes,Yes,0
3596,31,Female,63,86.39,6684.75,Month-to-month,Electronic check,DSL,No,No internet service,No,No,0,Yes,No,Yes,Yes,0
3597,28,Male,46,74.17,1645.62,Month-to-month,Bank transfer,No,Yes,No internet service,No,No,0,Yes,No,Yes,No phone service,0
3598,52,Female,71,48.49,1378.3,Month-to-month,Mailed check,No,No,Yes,Yes,Yes,0,Yes,Yes,Yes,Yes,0
3599,58,Male,26,113.7,6030.14,Month-to-month,Electronic check,DSL,No,No internet service,No,Yes,1,No,Yes,Yes,Yes,1
3600,31,Male,46,102.07,2033.9,Two year,Electronic check,Fiber optic,No internet service,Yes,No,No,0,Yes,Yes,Yes,Yes,0
3601,47,Female,46,32.96,122.08,Month-to-month,Credit card,DSL,No,No,Yes,No,0,No,No,Yes,No phone service,0
3602,58,Male,14,140.3,7304.49,Two year,Credit card,DSL,Yes,No,No internet service,Yes,1,Yes,No,Yes,Yes,0
3603,21,Male,63,92.6,5021.2,One year,Mailed check,Fiber optic,No internet service,No,Yes,Yes,0,No,Yes,Yes,No,0
3604,21,Female,3,52.53,3615.01,Month-to-month,Bank transfer,DSL,No internet service,No internet service,Yes,Yes,0,Yes,Yes,Yes,Yes,0
3605,45,Male,28,46.82,5833.32,One year,Mailed check,Fiber optic,No,No,Yes,No,0,No,Yes,Yes,No phone service,0
3606,25,Male,29,37.67,2733.32,Month-to-month,Bank transfer,Fiber optic,No,Yes,No,Yes,0,No,Yes,Yes,No phone service,0
3607,19,Female,18,75.2,7633.96,Month-to-month,Credit card,No,Yes,Yes,Yes,Yes,0,No,No,Yes,No,0
3608,58,Male,35,37.62,642.1,One year,Bank transfer,Fiber optic,No,No internet service,No internet service,Yes,0,Yes,No,Yes,No,0
3609,63,Male,47,74.06,5163.49,Two year,Credit card,DSL,Yes,Yes,Yes,Yes,0,Yes,No,Yes,No phone service,0
3610,39,Female,5,39.34,6240.59,Two year,Electronic check,DSL,No,Yes,Yes,Yes,0,No,Yes,Yes,No phone service,0
3611,58,Female,59,105.38,3806.09,One year,Electronic check,No,Yes,No,No,Yes,0,No,Yes,No,No phone service,0
3612,33,Female,59,122.08,6064.25,Month-to-month,Bank transfer,No,No,Yes,No,No,0,Yes,No,Yes,No phone service,0
3613,46,Female,47,91.44,7422.59,Month-to-month,Credit card,Fiber optic,No internet service,No,No internet service,No,1,No,No,Yes,No,0
3614,66,Male,13,108.41,5977.55,One year,Mailed check,DSL,Yes,No,Yes,Yes,0,Yes,Yes,Yes,No phone service,0
3615,65,Male,33,141.99,2544.0,Two year,Credit card,No,No internet service,Yes,Yes,Yes,0,No,No,Yes,No,0
3616,47,Female,62,102.99,4538.59,Month-to-month,Credit card,DSL,No internet service,Yes,Yes,Yes,1,Yes,Yes,Yes,No phone service,0
3617,29,Male,16,67.34,7301.67,Two year,Credit card,DSL,No internet service,No internet service,Yes,No,0,No,Yes,No,No,0
3618,52,Male,44,78.43,3647.87,Month-to-month,Electronic check,No,No internet service,No internet service,Yes,No,0,No,No,Yes,No phone service,0
3619,28,Female,58,131.87,5485.42,One year,Credit card,No,Yes,Yes,Yes,No,0,No,Yes,Yes,Yes,0
3620,63,Female,6,36.99,3777.57,Two year,Bank transfer,Fiber optic,No,No,No,No,0,No,No,Yes,No phone service,0
3621,67,Male,15,62.35,1058.62,Two year,Electronic check,DSL,No internet service,No,No internet service,Yes,0,Yes,No,Yes,No,0
3622,38,Female,4,95.05,562.92,One year,Electronic check,Fiber optic,No,No internet service,Yes,No,0,Yes,No,Yes,No phone service,0
3623,38,Female,56,107.93,7622.96,Month-to-month,Electronic check,Fiber optic,Yes,No,Yes,Yes,0,Yes,No,Yes,No phone service,0
3624,22,Female,64,119.25,4939.08,Month-to-month,Credit card,Fiber optic,No,No internet service,No,Yes,0,Yes,No,Yes,Yes,1
3625,65,Male,68,61.37,920.14,Month-to-month,Mailed check,Fiber optic,Yes,No,Yes,Yes,0,No,No,Yes,No phone service,0
3626,37,Female,34,38.96,6873.76,One year,Credit card,No,No,Yes,No,Yes,0,Yes,No,Yes,Yes,0
3627,54,Male,56,144.13,4229.28,One year,Credit card,DSL,Yes,Yes,No internet service,Yes,1,Yes,No,Yes,No phone service,0
3628,20,Male,32,29.93,6198.26,One year,Mailed check,DSL,Yes,No,Yes,Yes,0,Yes,Yes,Yes,Yes,0
3629,61,Male,9,32.45,1101.37,Month-to-month,Credit card,DSL,No,No internet service,No internet service,Yes,0,No,No,Yes,Yes,1
3630,50,Female,63,84.34,7264.59,Month-to-month,Bank transfer,Fiber optic,No internet service,Yes,Yes,Yes,0,Yes,No,Yes,Yes,0
3631,26,Female,33,126.51,4765.23,One year,Mailed check,Fiber optic,No internet service,No internet service,No internet service,No,0,Yes,Yes,Yes,No phone service,0
3632,26,Female,21,120.69,5932.26,Two year,Bank transfer,Fiber optic,No,Yes,No internet service,Yes,0,Yes,No,No,Yes,0
3633,21,Female,55,141.9,347.9,Month-to-month,Bank transfer,DSL,No internet service,No,Yes,No,0,Yes,No,Yes,No phone service,0
3634,52,Female,57,38.41,2590.91,Two year,Electronic check,No,No internet service,Yes,No internet service,Yes,0,No,No,Yes,No,0
3635,34,Male,2,68.84,2212.82,Month-to-month,Electronic check,DSL,Yes,No,No,Yes,0,Yes,No,Yes,No phone service,1
3636,51,Male,13,56.68,7601.8,One year,Mailed check,DSL,No,No internet service,No,Yes,0,No,No,Yes,No phone service,0
3637,41,Male,4,131.91,1564.17,Two year,Credit card,Fiber optic,No internet service,Yes,No internet service,Yes,0,Yes,No,Yes,No,0
3638,49,Female,50,83.49,5685.71,Month-to-month,Bank transfer,DSL,No internet service,No internet service,No internet service,Yes,0,No,No,Yes,Yes,0
3639,18,Male,48,23.49,437.75,Month-to-month,Credit card,Fiber optic,No internet service,No internet service,No,No,0,No,No,Yes,No phone service,0
3640,25,Male,30,112.04,1661.7,Month-to-month,Bank transfer,Fiber optic,No,No,Yes,Yes,0,Yes,No,Yes,No phone service,1
3641,62,Female,29,70.53,2774.92,Month-to-month,Electronic check,DSL,No internet service,No internet service,No,No,0,Yes,Yes,No,No phone service,0
3642,40,Female,8,89.05,6376.6,One year,Electronic check,DSL,No internet service,Yes,No internet service,Yes,0,Yes,No,Yes,Yes,0
3643,64,Male,12,136.19,6340.81,Month-to-month,Electronic check,Fiber optic,No internet service,No,No,No,0,No,No,No,Yes,0
3644,57,Male,41,53.38,7625.55,Month-to-month,Mailed check,DSL,Yes,No,Yes,No,1,No,No,Yes,No,0
3645,29,Female,26,51.23,7342.46,One year,Bank transfer,Fiber optic,No,No,No,No,1,Yes,No,Yes,No phone service,0
3646,29,Female,50,54.22,743.97,One year,Credit card,Fiber optic,No internet service,No internet service,Yes,Yes,0,No,Yes,No,No,0
3647,63,Female,2,63.95,6655.96,Month-to-month,Bank transfer,DSL,Yes,Yes,No internet service,No,0,Yes,No,Yes,Yes,1
3648,64,Female,55,33.96,3664.27,One year,Credit card,Fiber optic,No,Yes,No,No,0,Yes,No,Yes,Yes,0
3649,32,Male,56,110.64,6940.5,One year,Credit card,Fiber optic,Yes,Yes,No,Yes,0,Yes,No,Yes,No,0
3650,58,Male,14,46.96,805.36,Month-to-month,Credit card,No,Yes,No,Yes,Yes,1,Yes,Yes,Yes,Yes,0
3651,36,Female,6,140.4,6599.88,One year,Bank transfer,No,No,No,No,Yes,0,Yes,No,Yes,No phone service,1
3652,43,Male,61,48.04,1361.18,Two year,Electronic check,DSL,No internet service,Yes,No,No,0,No,No,No,Yes,0
3653,69,Male,12,53.23,2737.35,Month-to-month,Mailed check,DSL,No internet service,No internet service,Yes,Yes,0,No,Yes,Yes,Yes,0
3654,46,Female,13,58.61,327.9,One year,Mailed check,Fiber optic,Yes,No,No,Yes,0,Yes,No,Yes,No,0
3655,39,Male,19,119.91,1077.45,Two year,Electronic check,Fiber optic,No,Yes,Yes,No,0,No,No,Yes,Yes,0
3656,57,Male,44,75.59,3621.23,Two year,Mailed check,DSL,No,No internet service,No internet service,Yes,1,No,No,Yes,Yes,0
3657,38,Male,59,126.51,6564.87,One year,Credit card,Fiber optic,No internet service,No,No,Yes,0,No,No,Yes,No,0
3658,68,Female,37,122.03,6211.99,One year,Mailed check,Fiber optic,Yes,No,Yes,Yes,0,Yes,No,Yes,No phone service,0
3659,55,Female,25,140.83,1958.85,One year,Bank transfer,Fiber optic,No internet service,No,Yes,Yes,0,Yes,Yes,No,No,0
3660,37,Male,16,118.36,1298.35,One year,Electronic check,Fiber optic,No,Yes,No,No,0,Yes,Yes,Yes,No phone service,0
3661,46,Female,38,26.75,3175.18,Month-to-month,Electronic check,DSL,No,No,Yes,Yes,0,No,Yes,Yes,No phone service,0
3662,68,Female,43,128.85,7077.82,Month-to-month,Electronic check,DSL,No internet service,No,No internet service,No,1,No,No,Yes,No,0
3663,21,Female,14,141.95,822.26,Month-to-month,Electronic check,Fiber optic,No internet service,No internet service,No internet service,Yes,0,Yes,No,Yes,No,0
3664,24,Male,6,149.18,4389.02,Month-to-month,Bank transfer,DSL,No,Yes,No,No,0,No,Yes,Yes,No,1
3665,45,Male,23,36.28,801.58,Month-to-month,Credit card,No,Yes,No internet service,No internet service,No,0,No,No,Yes,Yes,0
3666,45,Female,60,99.73,3814.68,Month-to-month,Credit card,DSL,No,No,No,Yes,0,Yes,No,No,No phone service,0
3667,21,Male,12,45.93,1101.65,Two year,Credit card,DSL,Yes,Yes,No,Yes,0,No,Yes,Yes,No phone service,0
3668,39,Male,13,54.13,734.66,Two year,Mailed check,DSL,No internet service,Yes,Yes,Yes,0,No,Yes,Yes,No phone service,0
3669,29,Male,6,116.93,1607.71,One year,Credit card,Fiber optic,No internet service,No,Yes,No,0,No,Yes,Yes,No,0
3670,62,Male,63,147.1,2116.52,Two year,Mailed check,Fiber optic,Yes,Yes,Yes,No,1,Yes,No,Yes,No phone service,0
3671,20,Male,38,97.33,2282.5,Two year,Bank transfer,Fiber optic,No,Yes,Yes,Yes,0,Yes,Yes,Yes,No phone service,0
3672,39,Female,50,130.58,5197.62,Two year,Mailed check,No,No,No internet service,No,No,0,No,No,Yes,No phone service,0
3673,61,Male,52,21.15,534.36,Month-to-month,Credit card,Fiber optic,Yes,Yes,Yes,Yes,0,No,No,Yes,No phone service,0
3674,19,Male,40,24.76,738.39,Month-to-month,Electronic check,DSL,Yes,Yes,Yes,Yes,0,No,No,Yes,No,0
3675,41,Male,8,97.57,1590.78,One year,Bank transfer,Fiber optic,Yes,No internet service,No internet service,Yes,1,No,No,Yes,Yes,0
3676,51,Female,61,70.57,6989.3,Month-to-month,Credit card,No,Yes,No,No,Yes,0,No,Yes,Yes,Yes,0
3677,44,Female,8,135.67,5065.98,Two year,Credit card,DSL,No,No internet service,No internet service,No,0,No,No,No,No,0
3678,58,Female,34,59.26,5869.92,Month-to-month,Credit card,DSL,No internet service,No,No internet service,Yes,0,No,Yes,Yes,Yes,0
3679,18,Male,60,76.17,3025.86,Month-to-month,Bank transfer,Fiber optic,No,No,No internet service,No,0,No,No,Yes,No phone service,0
3680,25,Female,57,88.63,1784.44,Month-to-month,Electronic check,Fiber optic,Yes,No,Yes,Yes,0,Yes,No,Yes,Yes,0
3681,40,Female,46,55.5,399.89,One year,Electronic check,Fiber optic,No,No internet service,No,Yes,0,Yes,No,Yes,Yes,0
3682,55,Female,22,138.1,3959.43,One year,Electronic check,No,Yes,No,No internet service,No,0,No,No,Yes,No phone service,0
3683,23,Female,40,80.39,4636.82,One year,Credit card,DSL,Yes,No internet service,No internet service,No,1,No,No,Yes,No phone service,0
3684,39,Male,45,75.14,7186.32,Month-to-month,Mailed check,Fiber optic,Yes,No internet service,No,Yes,0,No,No,Yes,No phone service,0
3685,42,Female,55,130.47,7068.53,One year,Credit card,DSL,Yes,No,Yes,Yes,0,Yes,Yes,Yes,No,0
3686,35,Female,51,60.56,3455.01,One year,Electronic check,DSL,No,No,No internet service,No,0,No,No,Yes,Yes,0
3687,34,Male,5,126.27,3446.27,One year,Bank transfer,Fiber optic,Yes,No internet service,No,No,0,No,No,Yes,No,0
3688,29,Male,13,35.9,1372.87,Month-to-month,Mailed check,DSL,No,No internet service,Yes,No,0,No,No,Yes,No,0
3689,23,Female,28,43.76,2133.85,Month-to-month,Mailed check,Fiber optic,No,No,Yes,Yes,0,Yes,No,Yes,No phone service,0
3690,43,Male,62,143.61,7412.74,Month-to-month,Credit card,DSL,No internet service,No,Yes,Yes,0,Yes,No,Yes,Yes,1
3691,44,Female,24,129.52,1214.18,One year,Bank transfer,DSL,No,No,Yes,Yes,0,No,Yes,No,No,0
3692,25,Male,7,70.43,7752.73,Month-to-month,Mailed check,DSL,No internet service,No internet service,Yes,Yes,0,No,Yes,Yes,No phone service,0
3693,36,Male,38,103.0,4087.43,Month-to-month,Electronic check,No,No internet service,No internet service,No,No,0,No,No,Yes,No,0
3694,59,Female,37,142.59,3707.19,Month-to-month,Credit card,Fiber optic,No internet service,No internet service,Yes,No,0,Yes,No,No,Yes,0
3695,18,Male,68,47.54,1479.64,One year,Credit card,DSL,No,No,No internet service,No,0,Yes,Yes,Yes,No phone service,0
3696,46,Female,42,27.67,5326.18,One year,Electronic check,Fiber optic,No internet service,Yes,No,No,0,No,No,Yes,No,0
3697,62,Male,5,89.87,3732.78,One year,Electronic check,Fiber optic,Yes,Yes,No internet service,No,1,No,Yes,Yes,Yes,0
3698,66,Female,64,38.54,3028.24,One year,Electronic check,DSL,No,Yes,No internet service,No,0,Yes,No,Yes,Yes,0
3699,52,Male,50,44.35,2189.68,Month-to-month,Mailed check,No,Yes,Yes,Yes,Yes,0,Yes,Yes,Yes,No,0
3700,57,Male,15,135.9,625.25,Month-to-month,Bank transfer,No,No,Yes,Yes,Yes,0,Yes,Yes,Yes,Yes,0
3701,31,Male,53,20.96,4202.69,Month-to-month,Mailed check,Fiber optic,No internet service,No internet service,No,No,0,No,No,No,No phone service,0
3702,52,Male,25,126.19,2571.98,Month-to-month,Bank transfer,Fiber optic,No internet service,No,No,No,0,Yes,Yes,Yes,No phone service,1
3703,65,Male,9,87.2,5692.14,Two year,Credit card,No,No,No,No internet service,Yes,1,Yes,No,Yes,No phone service,0
3704,62,Female,38,92.71,5815.83,One year,Bank transfer,Fiber optic,No internet service,No,Yes,No,0,Yes,No,Yes,No phone service,0
3705,37,Male,22,107.33,2723.65,One year,Electronic check,No,Yes,No,Yes,Yes,0,No,No,No,No,0
3706,66,Female,49,76.09,5386.05,Month-to-month,Mailed check,DSL,Yes,No,No internet service,Yes,0,No,No,Yes,No,0
3707,30,Female,68,35.03,2143.53,Month-to-month,Electronic check,Fiber optic,No internet service,Yes,Yes,No,0,No,Yes,Yes,Yes,0
3708,55,Female,15,33.37,5844.67,Month-to-month,Credit card,No,No,No,No,No,0,Yes,No,Yes,Yes,0
3709,66,Male,65,118.07,227.01,One year,Mailed check,DSL,No,No,No internet service,Yes,0,Yes,No,Yes,Yes,0
3710,63,Female,54,48.73,1297.71,Month-to-month,Mailed check,DSL,Yes,Yes,Yes,Yes,0,No,Yes,Yes,No phone service,0
3711,66,Male,30,23.65,2035.57,Month-to-month,Electronic check,Fiber optic,No internet service,No,No internet service,No,0,Yes,No,Yes,No,0
3712,25,Female,20,147.35,6206.19,One year,Mailed check,No,No internet service,Yes,Yes,Yes,0,No,Yes,Yes,No,0
3713,60,Female,33,147.45,624.37,Two year,Electronic check,DSL,Yes,Yes,Yes,No,0,Yes,Yes,Yes,Yes,0
3714,37,Female,7,69.16,1585.65,Month-to-month,Bank transfer,No,No,No internet service,Yes,Yes,0,No,Yes,No,No,1
3715,50,Female,8,23.32,2933.13,Month-to-month,Credit card,Fiber optic,No internet service,No,No,No,0,No,No,Yes,No,1
3716,43,Female,28,114.54,172.48,Month-to-month,Electronic check,No,No,No,No internet service,Yes,0,No,Yes,Yes,Yes,1
3717,56,Male,45,128.03,6120.76,One year,Credit card,Fiber optic,No,No,No,No,0,Yes,No,Yes,No,0
3718,38,Female,11,36.25,4524.83,Month-to-month,Mailed check,Fiber optic,Yes,Yes,No,No,1,No,No,Yes,No phone service,0
3719,66,Female,31,37.61,7215.37,One year,Credit card,No,No,No internet service,No internet service,No,1,No,No,Yes,No,0
3720,59,Male,12,126.89,345.15,One year,Credit card,DSL,Yes,No,No internet service,No,0,Yes,No,Yes,No phone service,0
3721,60,Male,51,139.85,2243.99,Month-to-month,Credit card,No,No internet service,Yes,Yes,No,0,Yes,Yes,Yes,No phone service,0
3722,58,Male,44,122.8,5876.89,Month-to-month,Mailed check,DSL,No,Yes,Yes,Yes,0,Yes,No,Yes,Yes,0
3723,26,Female,50,46.1,5433.68,Month-to-month,Bank transfer,DSL,Yes,Yes,No internet service,Yes,0,Yes,No,Yes,Yes,0
3724,41,Female,17,73.5,2020.15,Month-to-month,Bank transfer,Fiber optic,Yes,Yes,Yes,No,0,No,Yes,Yes,Yes,0
3725,54,Female,35,98.11,4805.93,Month-to-month,Bank transfer,DSL,No,No internet service,Yes,Yes,0,No,No,Yes,No,0
3726,66,Female,1,40.84,6370.69,One year,Electronic check,Fiber optic,Yes,No internet service,No internet service,Yes,1,No,Yes,Yes,Yes,0
3727,58,Female,29,47.38,363.71,One year,Electronic check,Fiber optic,No internet service,Yes,No,No,0,Yes,Yes,Yes,No phone service,0
3728,34,Female,51,56.78,5769.26,Month-to-month,Mailed check,DSL,No,No,No internet service,Yes,0,No,No,Yes,Yes,0
3729,41,Male,64,86.24,2091.57,One year,Bank transfer,DSL,No internet service,No internet service,No internet service,Yes,0,Yes,No,Yes,No phone service,0
3730,38,Male,4,86.4,7588.03,Month-to-month,Credit card,Fiber optic,Yes,No,No,Yes,0,No,No,No,No phone service,1
3731,68,Female,28,125.86,4351.94,One year,Bank transfer,No,No internet service,No,Yes,No,0,Yes,No,Yes,No,0
3732,56,Female,16,117.89,363.75,Two year,Electronic check,No,Yes,No internet service,No,Yes,0,Yes,Yes,Yes,No phone service,0
3733,58,Female,63,138.79,3287.1,Two year,Mailed check,DSL,Yes,No,No,Yes,0,Yes,No,No,No,0
3734,56,Female,53,128.28,7733.86,Month-to-month,Bank transfer,No,No internet service,No internet service,No internet service,No,1,Yes,Yes,Yes,No,0
3735,30,Female,17,53.0,5869.95,One year,Electronic check,DSL,No,No internet service,Yes,Yes,0,Yes,Yes,No,Yes,0
3736,28,Male,40,63.07,2473.78,One year,Electronic check,DSL,No,No,Yes,No,0,No,Yes,Yes,No,0
3737,63,Male,13,85.06,4644.61,Month-to-month,Credit card,DSL,No,No,No,Yes,0,Yes,No,Yes,No phone service,0
3738,36,Female,52,21.86,4832.9,One year,Bank transfer,Fiber optic,No internet service,Yes,No internet service,No,0,Yes,Yes,Yes,No phone service,0
3739,28,Male,58,137.51,284.45,Two year,Credit card,Fiber optic,No internet service,No internet service,No,No,1,No,Yes,Yes,No phone service,0
3740,30,Female,37,25.76,1512.78,Month-to-month,Bank transfer,Fiber optic,No internet service,No,Yes,No,0,Yes,Yes,Yes,No phone service,0
3741,63,Female,61,61.92,4459.04,Month-to-month,Mailed check,No,No internet service,No internet service,Yes,Yes,0,No,No,Yes,No phone service,0
3742,62,Female,34,93.99,3281.75,One year,Bank transfer,Fiber optic,No,Yes,No internet service,No,0,No,Yes,Yes,Yes,0
3743,18,Male,70,87.32,1601.3,Month-to-month,Credit card,DSL,No,Yes,No internet service,Yes,0,Yes,Yes,Yes,Yes,0
3744,57,Male,17,105.08,6204.08,Month-to-month,Credit card,Fiber optic,Yes,Yes,No,Yes,0,No,Yes,Yes,No,0
3745,61,Female,20,88.58,3963.06,Month-to-month,Electronic check,DSL,No internet service,Yes,No internet service,Yes,0,Yes,No,Yes,No phone service,0
3746,36,Male,59,49.77,2548.79,Month-to-month,Bank transfer,Fiber optic,No,Yes,No,Yes,0,Yes,No,Yes,No phone service,0
3747,29,Male,69,46.14,1377.25,Month-to-month,Bank transfer,Fiber optic,No,Yes,No internet service,No,1,Yes,Yes,Yes,No,0
3748,25,Female,33,137.94,4928.19,Month-to-month,Mailed check,DSL,No,Yes,No,No,0,No,No,Yes,Yes,1
3749,25,Male,17,54.32,5363.46,Month-to-month,Electronic check,DSL,No,Yes,Yes,No,0,Yes,No,Yes,No,0
3750,62,Male,57,56.53,5389.82,One year,Credit card,No,No,No internet service,Yes,Yes,0,No,No,Yes,No phone service,0
3751,29,Female,1,73.68,1840.27,Month-to-month,Bank transfer,Fiber optic,No,No,Yes,No,1,Yes,No,Yes,Yes,1
3752,65,Female,13,38.13,4803.17,Month-to-month,Electronic check,No,No internet service,No internet service,Yes,Yes,0,Yes,No,Yes,No,0
3753,50,Male,27,85.95,7252.71,Month-to-month,Mailed check,Fiber optic,Yes,No internet service,Yes,Yes,0,Yes,No,Yes,No,0
3754,62,Female,70,106.45,2890.18,Month-to-month,Electronic check,No,Yes,No,Yes,No,0,Yes,No,Yes,No phone service,1
3755,43,Male,59,122.18,1765.06,Month-to-month,Bank transfer,Fiber optic,No internet service,No,No internet service,No,0,No,No,Yes,No phone service,1
3756,56,Female,6,112.49,6199.98,Month-to-month,Bank transfer,Fiber optic,No,Yes,No internet service,Yes,0,Yes,No,Yes,Yes,1
3757,45,Female,23,39.19,1497.38,One year,Mailed check,DSL,No internet service,No,No internet service,Yes,0,Yes,No,Yes,No phone service,0
3758,22,Female,10,79.29,2104.61,Month-to-month,Mailed check,DSL,No,No internet service,No,No,1,Yes,No,Yes,No,1
3759,25,Female,51,25.02,895.09,Month-to-month,Mailed check,No,No,Yes,No internet service,No,0,Yes,No,Yes,No phone service,0
3760,42,Male,19,22.31,2216.21,One year,Credit card,Fiber optic,No,No internet service,No internet service,No,0,Yes,No,Yes,No,0
3761,44,Female,51,77.22,3341.65,Month-to-month,Electronic check,No,No,No,No,Yes,0,Yes,No,Yes,No phone service,0
3762,63,Female,68,52.88,606.85,One year,Electronic check,DSL,No,No internet service,No,Yes,0,No,No,Yes,Yes,0
3763,40,Female,42,108.84,6986.5,Two year,Electronic check,Fiber optic,No internet service,No internet service,Yes,No,0,No,No,Yes,Yes,0
3764,47,Male,57,114.15,4158.03,Month-to-month,Credit card,DSL,No internet service,Yes,No internet service,Yes,1,No,No,Yes,Yes,0
3765,62,Male,68,136.4,4746.02,Two year,Electronic check,DSL,Yes,Yes,No internet service,Yes,0,Yes,No,Yes,No phone service,0
3766,64,Female,38,118.89,3033.16,Two year,Mailed check,No,No,No internet service,No,No,1,Yes,No,Yes,Yes,0
3767,40,Female,62,26.27,5391.7,Month-to-month,Electronic check,Fiber optic,No internet service,No,Yes,No,0,Yes,No,Yes,No,0
3768,66,Female,7,68.31,3511.08,Two year,Credit card,No,No internet service,Yes,No internet service,Yes,1,No,No,Yes,No phone service,0
3769,64,Female,71,55.49,6114.38,One year,Credit card,Fiber optic,No,No internet service,No,Yes,0,No,No,Yes,Yes,0
3770,37,Female,50,70.2,6589.08,Two year,Electronic check,No,No,Yes,No,No,0,Yes,No,Yes,No phone service,0
3771,35,Female,52,40.81,5407.61,One year,Credit card,Fiber optic,No internet service,Yes,No internet service,No,0,No,Yes,Yes,No phone service,0
3772,35,Male,26,32.7,3981.55,One year,Credit card,Fiber optic,No,No,No,No,0,No,No,Yes,No,0
3773,19,Female,26,87.73,6279.93,Month-to-month,Electronic check,DSL,No internet service,No internet service,No,No,1,Yes,No,Yes,No phone service,0
3774,21,Female,19,113.65,4004.85,Month-to-month,Credit card,No,Yes,No internet service,No internet service,No,0,Yes,No,Yes,No phone service,0
3775,47,Female,9,111.25,980.93,Month-to-month,Credit card,No,No,No internet service,Yes,Yes,0,No,No,Yes,No phone service,1
3776,50,Female,61,78.62,1019.09,Month-to-month,Electronic check,Fiber optic,Yes,No internet service,No internet service,No,0,No,No,Yes,No,0
3777,53,Female,20,87.9,7593.81,Two year,Mailed check,Fiber optic,Yes,No internet service,Yes,No,0,Yes,Yes,Yes,Yes,0
3778,35,Female,50,87.12,1787.15,Month-to-month,Mailed check,Fiber optic,Yes,Yes,No,Yes,0,No,No,Yes,Yes,0
3779,54,Male,22,109.9,6545.81,One year,Credit card,Fiber optic,No,Yes,No internet service,No,0,No,Yes,Yes,No phone service,0
3780,36,Male,13,26.23,2048.97,Month-to-month,Bank transfer,No,Yes,Yes,No internet service,Yes,1,Yes,Yes,Yes,Yes,0
3781,64,Male,12,112.29,3503.16,Month-to-month,Bank transfer,DSL,No internet service,Yes,Yes,No,1,Yes,Yes,Yes,No phone service,0
3782,45,Male,10,95.69,5274.09,One year,Electronic check,Fiber optic,No internet service,No,No,Yes,0,No,No,Yes,Yes,0
3783,57,Male,65,45.75,1355.05,Month-to-month,Electronic check,Fiber optic,No,No,No internet service,Yes,0,No,No,No,Yes,0
3784,37,Male,30,26.38,5924.25,Two year,Mailed check,Fiber optic,No,No internet service,No internet service,No,0,Yes,Yes,Yes,No,0
3785,66,Female,8,34.11,5550.31,Month-to-month,Bank transfer,No,Yes,No,No,No,0,Yes,Yes,Yes,No,1
3786,50,Female,21,88.21,4390.35,Month-to-month,Electronic check,DSL,No,Yes,Yes,Yes,0,Yes,No,Yes,No,0
3787,29,Female,22,118.59,4570.53,Month-to-month,Bank transfer,DSL,No internet service,Yes,No internet service,Yes,1,No,No,Yes,Yes,0
3788,68,Female,18,63.51,935.6,Month-to-month,Bank transfer,Fiber optic,No internet service,Yes,No,No,0,No,No,Yes,Yes,0
3789,32,Female,66,69.29,3544.0,Month-to-month,Credit card,Fiber optic,No internet service,Yes,No internet service,Yes,0,Yes,Yes,No,Yes,0
3790,58,Female,48,141.44,783.91,Month-to-month,Credit card,Fiber optic,No,Yes,No internet service,Yes,0,No,No,Yes,Yes,1
3791,56,Male,44,47.69,2532.12,One year,Bank transfer,DSL,No internet service,No internet service,No internet service,Yes,1,No,Yes,Yes,No,0
3792,19,Female,9,33.49,7212.47,Month-to-month,Mailed check,DSL,No,No internet service,Yes,No,0,Yes,No,No,No,1
3793,46,Male,67,64.64,4638.81,Month-to-month,Electronic check,DSL,Yes,Yes,No,Yes,0,No,No,Yes,Yes,0
3794,58,Male,54,116.97,5967.36,Two year,Electronic check,Fiber optic,No internet service,No internet service,No internet service,No,0,No,No,Yes,Yes,0
3795,27,Female,26,101.39,4633.7,Month-to-month,Mailed check,Fiber optic,Yes,No,No internet service,Yes,0,No,No,Yes,No,0
3796,19,Female,26,74.05,1634.47,Month-to-month,Credit card,Fiber optic,No internet service,No,No internet service,Yes,0,No,No,Yes,Yes,0
3797,68,Female,34,145.42,4798.99,One year,Credit card,DSL,No internet service,Yes,Yes,No,1,Yes,Yes,Yes,No phone service,0
3798,28,Female,8,115.55,6067.57,One year,Mailed check,DSL,No internet service,No internet service,No internet service,No,0,No,Yes,Yes,No,0
3799,30,Female,10,28.04,1193.4,One year,Mailed check,DSL,Yes,Yes,No,No,0,Yes,No,Yes,No,0
3800,27,Female,48,116.8,6553.56,Two year,Credit card,Fiber optic,No internet service,No internet service,Yes,Yes,0,No,No,No,Yes,0
3801,31,Female,55,23.13,4487.6,Month-to-month,Bank transfer,DSL,Yes,Yes,No,Yes,1,No,Yes,Yes,No phone service,0
3802,35,Male,54,104.54,133.77,Month-to-month,Credit card,No,No,Yes,No internet service,No,0,Yes,Yes,Yes,Yes,1
3803,68,Female,40,47.36,4206.25,Month-to-month,Bank transfer,DSL,No internet service,Yes,No internet service,Yes,0,No,No,Yes,No phone service,0
3804,26,Female,15,110.54,3225.8,Two year,Electronic check,Fiber optic,No internet service,No,Yes,No,0,No,No,Yes,Yes,0
3805,56,Male,18,60.27,2441.93,Month-to-month,Electronic check,Fiber optic,Yes,No internet service,No internet service,Yes,0,No,Yes,Yes,No,0
3806,45,Female,23,133.49,6192.93,One year,Bank transfer,DSL,No internet service,No internet service,No,No,0,No,No,Yes,No,0
3807,20,Female,62,63.8,7206.05,One year,Bank transfer,No,No,No,No,No,0,No,No,Yes,No phone service,0
3808,37,Male,46,100.56,6124.96,Month-to-month,Credit card,No,No internet service,No,No,Yes,0,No,No,No,No phone service,1
3809,23,Female,39,57.17,6789.5,Month-to-month,Mailed check,DSL,No,No internet service,No internet service,No,0,No,No,Yes,Yes,0
3810,44,Female,15,139.24,7279.37,Month-to-month,Bank transfer,Fiber optic,No,No internet service,No internet service,No,0,Yes,Yes,Yes,No,1
3811,19,Female,53,121.53,7309.77,Month-to-month,Electronic check,Fiber optic,No internet service,Yes,Yes,No,0,Yes,No,No,Yes,0
3812,46,Female,64,51.63,1005.64,Month-to-month,Credit card,No,No internet service,Yes,Yes,No,0,Yes,Yes,Yes,Yes,0
3813,55,Female,63,143.34,3705.45,Month-to-month,Electronic check,Fiber optic,No,No internet service,No,No,0,No,No,Yes,No,1
3814,20,Female,16,66.43,102.26,One year,Credit card,DSL,No,No internet service,No,Yes,0,Yes,No,Yes,No phone service,0
3815,33,Male,70,104.74,4101.05,Two year,Mailed check,Fiber optic,No,Yes,Yes,No,0,No,No,Yes,No,0
3816,47,Female,66,116.57,7401.53,One year,Mailed check,Fiber optic,No internet service,No,Yes,Yes,0,No,Yes,Yes,No,0
3817,57,Female,13,22.98,1672.91,One year,Electronic check,Fiber optic,Yes,No internet service,No,No,0,Yes,No,Yes,No phone service,0
3818,19,Male,47,144.67,5154.31,Month-to-month,Bank transfer,No,No internet service,No internet service,Yes,Yes,0,No,Yes,Yes,No,0
3819,34,Male,9,64.78,5190.59,Month-to-month,Bank transfer,DSL,Yes,No,No internet service,No,0,Yes,No,Yes,No phone service,1
3820,58,Female,63,44.67,1366.8,Month-to-month,Electronic check,No,Yes,No,No internet service,Yes,0,Yes,No,Yes,No,0
3821,29,Male,34,130.59,1984.37,Month-to-month,Bank transfer,No,No internet service,No,Yes,No,0,Yes,Yes,Yes,No phone service,1
3822,52,Female,29,111.38,3749.97,One year,Bank transfer,No,Yes,No internet service,Yes,No,0,Yes,No,No,No phone service,0
3823,60,Female,37,31.28,1586.85,Two year,Electronic check,Fiber optic,No,No internet service,No internet service,Yes,0,No,No,Yes,Yes,0
3824,18,Male,43,35.22,4721.45,Month-to-month,Electronic check,Fiber optic,No internet service,No internet service,No internet service,Yes,0,Yes,Yes,Yes,No,0
3825,62,Female,64,112.97,3927.88,Month-to-month,Mailed check,DSL,Yes,Yes,No,Yes,0,Yes,No,Yes,Yes,0
3826,32,Female,24,29.72,4201.67,Month-to-month,Electronic check,No,No,No,Yes,No,0,No,No,Yes,No,0
3827,43,Male,71,139.23,1162.29,Month-to-month,Mailed check,Fiber optic,Yes,No,No internet service,Yes,0,Yes,No,Yes,Yes,0
3828,54,Male,34,116.4,4186.29,One year,Mailed check,DSL,Yes,Yes,Yes,No,0,No,Yes,Yes,Yes,0
3829,38,Male,48,63.61,490.88,One year,Credit card,Fiber optic,No,Yes,No internet service,Yes,0,Yes,No,Yes,Yes,0
3830,66,Male,12,67.18,7064.13,One year,Bank transfer,Fiber optic,No,Yes,No internet service,No,0,Yes,No,Yes,Yes,0
3831,48,Female,23,85.84,2811.67,One year,Electronic check,Fiber optic,No internet service,Yes,Yes,No,0,No,No,Yes,Yes,0
3832,42,Male,13,66.93,6865.06,Month-to-month,Bank transfer,Fiber optic,Yes,No,No,Yes,1,Yes,No,Yes,No,0
3833,40,Male,45,121.85,5643.09,Two year,Credit card,Fiber optic,No internet service,Yes,No internet service,No,0,Yes,Yes,Yes,Yes,0
3834,41,Male,65,146.72,6152.76,One year,Electronic check,DSL,No internet service,Yes,Yes,No,0,No,Yes,Yes,Yes,0
3835,55,Male,47,95.99,2584.9,Month-to-month,Electronic check,DSL,Yes,No,No internet service,Yes,0,Yes,No,Yes,No,0
3836,45,Male,58,77.98,1899.18,Month-to-month,Credit card,Fiber optic,Yes,No,Yes,Yes,0,Yes,Yes,Yes,No phone service,0
3837,38,Female,5,48.96,3313.25,Two year,Bank transfer,DSL,No internet service,No,Yes,Yes,0,No,Yes,Yes,No,0
3838,60,Male,5,104.95,291.38,Month-to-month,Mailed check,Fiber optic,No,No,No internet service,Yes,0,Yes,No,Yes,No phone service,1
3839,35,Female,60,109.12,7358.17,One year,Credit card,DSL,No internet service,No internet service,No,Yes,0,No,No,No,No,0
3840,53,Male,21,109.07,3157.41,Month-to-month,Credit card,No,Yes,No internet service,No internet service,No,0,No,Yes,Yes,Yes,0
3841,52,Male,24,23.51,7909.6,Two year,Electronic check,Fiber optic,No,No internet service,No internet service,No,0,Yes,Yes,Yes,No phone service,0
3842,62,Male,18,136.89,6115.45,One year,Mailed check,Fiber optic,No internet service,No internet service,No,No,0,No,Yes,Yes,Yes,0
3843,26,Male,21,63.95,736.07,One year,Credit card,DSL,Yes,No,No,No,0,Yes,Yes,Yes,No phone service,0
3844,55,Male,54,116.74,5315.49,Two year,Bank transfer,DSL,No,No internet service,Yes,Yes,0,No,No,Yes,Yes,0
3845,47,Male,10,118.77,2239.63,Two year,Credit card,Fiber optic,No,Yes,Yes,Yes,0,Yes,Yes,Yes,No phone service,0
3846,61,Male,24,104.57,2025.38,Two year,Bank transfer,Fiber optic,No,Yes,No,No,1,Yes,Yes,Yes,Yes,0
3847,51,Male,60,71.33,2126.85,Month-to-month,Electronic check,DSL,Yes,Yes,No,No,0,No,No,Yes,No phone service,0
3848,49,Female,57,99.09,7336.99,Month-to-month,Credit card,DSL,No internet service,No internet service,No internet service,No,0,No,No,Yes,No phone service,0
3849,20,Male,23,25.23,4049.84,Month-to-month,Bank transfer,No,Yes,No internet service,No,No,0,Yes,No,Yes,Yes,0
3850,20,Female,22,119.05,5388.82,Month-to-month,Electronic check,DSL,Yes,Yes,No internet service,No,0,Yes,No,Yes,No,0
3851,45,Male,68,32.95,2319.49,Two year,Electronic check,DSL,No,No internet service,No internet service,Yes,0,Yes,No,Yes,No,0
3852,61,Female,34,71.58,4231.34,Two year,Electronic check,DSL,No internet service,No,No internet service,No,0,Yes,Yes,Yes,Yes,0
3853,32,Male,70,33.47,2865.79,Month-to-month,Credit card,Fiber optic,No,No internet service,No,No,0,No,No,Yes,Yes,0
3854,58,Male,28,128.82,2637.0,Month-to-month,Electronic check,Fiber optic,Yes,Yes,No,No,0,No,Yes,Yes,No,0
3855,40,Male,39,91.54,2051.05,Month-to-month,Electronic check,Fiber optic,No,Yes,No internet service,No,0,Yes,No,Yes,No phone service,0
3856,57,Female,42,109.82,3331.15,Month-to-month,Bank transfer,DSL,Yes,No internet service,No,Yes,0,Yes,No,Yes,Yes,0
3857,28,Female,23,108.74,5314.24,Month-to-month,Electronic check,Fiber optic,Yes,No internet service,Yes,Yes,0,Yes,No,No,Yes,0
3858,65,Female,70,129.41,1854.15,One year,Credit card,DSL,Yes,Yes,Yes,No,0,No,Yes,Yes,Yes,0
3859,49,Female,2,37.23,7727.01,One year,Mailed check,Fiber optic,No,Yes,No internet service,No,0,Yes,No,Yes,Yes,0
3860,53,Male,24,105.76,1084.43,Two year,Electronic check,DSL,No internet service,No internet service,No,Yes,0,Yes,No,Yes,No,0
3861,50,Male,17,94.77,3893.64,Month-to-month,Credit card,DSL,No,No internet service,Yes,Yes,1,No,Yes,Yes,No,0
3862,41,Male,65,24.02,771.72,Month-to-month,Electronic check,Fiber optic,Yes,Yes,No internet service,Yes,1,Yes,No,Yes,Yes,0
3863,56,Female,70,46.18,279.06,Two year,Credit card,Fiber optic,No,Yes,Yes,No,0,Yes,Yes,Yes,No,0
3864,51,Male,69,54.78,7389.15,Month-to-month,Electronic check,No,Yes,Yes,No internet service,No,0,No,No,Yes,No,0
3865,45,Female,60,29.43,6502.04,Month-to-month,Bank transfer,Fiber optic,No internet service,Yes,No internet service,No,0,Yes,No,Yes,No,0
3866,54,Female,50,66.11,5583.83,Month-to-month,Mailed check,No,No internet service,Yes,No internet service,No,0,Yes,No,Yes,No phone service,0
3867,24,Female,12,23.54,6935.01,Two year,Mailed check,No,Yes,Yes,Yes,No,1,No,No,Yes,Yes,0
3868,21,Female,47,91.91,6442.5,One year,Credit card,DSL,No internet service,Yes,No internet service,No,0,Yes,Yes,Yes,Yes,0
3869,54,Female,67,47.5,5213.18,Two year,Credit card,Fiber optic,Yes,No internet service,No internet service,No,0,No,Yes,Yes,Yes,0
3870,18,Male,65,57.31,6794.0,Month-to-month,Mailed check,Fiber optic,No,No,Yes,No,0,No,No,Yes,Yes,0
3871,18,Female,27,138.36,3187.32,One year,Bank transfer,Fiber optic,No,No,No internet service,No,0,No,No,Yes,No,0
3872,64,Female,48,85.37,4466.74,One year,Bank transfer,No,No internet service,No internet service,Yes,No,0,Yes,No,Yes,No,0
3873,37,Male,62,54.97,6232.85,Month-to-month,Electronic check,Fiber optic,No internet service,No,No internet service,No,0,No,No,Yes,No phone service,0
3874,36,Female,44,97.8,769.9,Two year,Bank transfer,Fiber optic,Yes,No internet service,No,Yes,0,No,No,Yes,Yes,0
3875,46,Female,19,46.22,6883.3,One year,Mailed check,Fiber optic,No internet service,No internet service,No,Yes,0,Yes,Yes,Yes,No phone service,0
3876,27,Male,59,29.67,1338.96,Two year,Mailed check,Fiber optic,No internet service,No internet service,Yes,No,0,Yes,Yes,Yes,No phone service,0
3877,35,Male,8,22.72,6929.88,Two year,Bank transfer,No,No internet service,No internet service,No internet service,No,0,Yes,No,Yes,No phone service,0
3878,45,Male,55,143.7,2559.53,Month-to-month,Bank transfer,No,Yes,No,Yes,No,0,No,No,Yes,No phone service,0
3879,52,Female,47,114.2,2681.58,One year,Mailed check,DSL,No,No internet service,No internet service,Yes,0,Yes,Yes,Yes,No,0
3880,60,Male,2,123.99,684.19,Month-to-month,Mailed check,Fiber optic,Yes,Yes,Yes,No,1,Yes,Yes,Yes,No phone service,1
3881,64,Male,39,147.52,7098.61,One year,Mailed check,Fiber optic,Yes,No internet service,No,No,0,No,No,Yes,No,0
3882,48,Male,45,141.11,1478.63,One year,Mailed check,Fiber optic,No internet service,No,Yes,No,0,No,Yes,Yes,No,0
3883,44,Female,32,115.8,5077.39,One year,Mailed check,No,No,No,No,Yes,1,No,No,Yes,No phone service,0
3884,28,Male,65,110.22,5187.34,Month-to-month,Bank transfer,Fiber optic,Yes,No,No,No,0,Yes,No,Yes,Yes,0
3885,66,Female,38,63.79,2321.1,One year,Bank transfer,DSL,No internet service,No,No,Yes,0,No,No,Yes,No,0
3886,66,Female,11,33.52,7886.72,Month-to-month,Electronic check,Fiber optic,Yes,Yes,Yes,No,0,Yes,No,Yes,Yes,0
3887,55,Male,10,94.58,606.91,Month-to-month,Electronic check,Fiber optic,No internet service,No internet service,Yes,Yes,1,No,No,No,No,0
3888,22,Female,59,94.91,4902.19,Two year,Credit card,Fiber optic,No,Yes,No,Yes,0,Yes,Yes,Yes,No,0
3889,25,Female,55,143.79,3888.4,Month-to-month,Electronic check,DSL,No,No internet service,Yes,No,0,No,Yes,Yes,No phone service,0
3890,51,Male,20,77.53,2039.32,Month-to-month,Bank transfer,DSL,No internet service,No internet service,No internet service,No,0,No,No,Yes,No phone service,0
3891,65,Female,17,109.8,1392.06,Month-to-month,Electronic check,Fiber optic,Yes,Yes,No,Yes,0,Yes,No,Yes,Yes,0
3892,69,Male,68,94.75,5922.97,Month-to-month,Electronic check,Fiber optic,Yes,Yes,No internet service,No,1,No,No,Yes,No,0
3893,29,Female,5,42.98,7338.89,Month-to-month,Bank transfer,Fiber optic,No,No,No,Yes,0,No,Yes,Yes,Yes,1
3894,55,Female,60,96.97,949.62,One year,Mailed check,Fiber optic,Yes,No internet service,No internet service,Yes,0,No,No,Yes,No phone service,0
3895,18,Male,23,90.22,1632.44,One year,Bank transfer,No,No internet service,No internet service,No,No,0,No,Yes,Yes,No phone service,0
3896,48,Male,46,84.21,7891.53,Month-to-month,Bank transfer,No,No internet service,No internet service,No,Yes,0,No,Yes,Yes,Yes,0
3897,21,Female,52,86.74,218.68,Month-to-month,Credit card,Fiber optic,No internet service,No internet service,No,Yes,0,Yes,No,Yes,Yes,0
3898,66,Female,10,41.32,4115.19,Month-to-month,Credit card,DSL,No,No internet service,Yes,Yes,0,No,No,Yes,No,1
3899,62,Male,46,80.25,4177.29,One year,Credit card,DSL,No,No internet service,No internet service,No,0,No,No,Yes,Yes,0
3900,67,Female,28,98.73,2178.98,Month-to-month,Mailed check,Fiber optic,No,No,No,No,0,No,No,Yes,Yes,0
3901,22,Female,43,83.63,5337.93,Month-to-month,Electronic check,No,No internet service,No internet service,Yes,Yes,0,No,No,Yes,No phone service,0
3902,47,Female,26,83.53,7565.03,Month-to-month,Credit card,Fiber optic,No,No,No,No,0,Yes,No,Yes,No phone service,0
3903,41,Female,55,30.08,3656.69,Month-to-month,Bank transfer,Fiber optic,No internet service,No internet service,No internet service,No,0,Yes,No,Yes,Yes,0
3904,20,Male,48,44.8,6020.41,One year,Credit card,Fiber optic,Yes,No internet service,No,No,0,Yes,No,Yes,No phone service,0
3905,28,Male,29,61.73,5203.96,Month-to-month,Bank transfer,Fiber optic,No,Yes,Yes,Yes,0,Yes,Yes,Yes,No phone service,0
3906,62,Male,27,74.52,3836.24,Month-to-month,Mailed check,No,Yes,No internet service,No,No,1,Yes,Yes,Yes,No phone service,0
3907,21,Male,18,97.21,493.52,Month-to-month,Credit card,No,Yes,Yes,No,No,0,Yes,Yes,No,No phone service,0
3908,43,Male,60,132.23,5959.82,Two year,Bank transfer,Fiber optic,No,Yes,No,No,0,No,No,No,No,0
3909,44,Male,69,40.69,2969.69,One year,Electronic check,Fiber optic,No,Yes,No,Yes,1,No,Yes,Yes,No,0
3910,63,Female,21,21.96,1873.51,Month-to-month,Mailed check,DSL,Yes,No,Yes,No,1,No,No,Yes,Yes,0
3911,60,Male,24,78.4,7591.32,Month-to-month,Bank transfer,DSL,Yes,Yes,No,No,0,No,Yes,Yes,No,0
3912,44,Female,3,76.17,6210.67,Two year,Electronic check,DSL,Yes,Yes,No internet service,Yes,0,Yes,No,Yes,Yes,0
3913,59,Female,62,91.75,7701.92,Month-to-month,Electronic check,DSL,No internet service,Yes,No internet service,No,0,Yes,Yes,Yes,No,0
3914,68,Female,2,128.32,2124.11,Two year,Bank transfer,No,Yes,No internet service,No,No,0,Yes,No,Yes,No,0
3915,67,Male,66,124.31,6702.77,Month-to-month,Credit card,DSL,No internet service,No,Yes,No,0,Yes,Yes,Yes,Yes,1
3916,23,Female,42,33.01,4901.0,Month-to-month,Electronic check,DSL,No,No,No internet service,Yes,0,Yes,Yes,Yes,Yes,0
3917,32,Male,34,141.42,7853.88,One year,Mailed check,Fiber optic,Yes,No,No,No,1,Yes,No,Yes,Yes,0
3918,47,Female,42,34.35,7575.9,One year,Electronic check,Fiber optic,No,No,No,Yes,0,Yes,No,Yes,No phone service,0
3919,59,Female,20,102.49,7786.45,Two year,Credit card,No,Yes,No internet service,Yes,No,0,No,No,Yes,No phone service,0
3920,54,Male,68,107.41,7618.96,Two year,Mailed check,DSL,No,Yes,No,Yes,0,Yes,No,Yes,No phone service,0
3921,54,Female,45,108.38,160.52,Month-to-month,Mailed check,No,Yes,No internet service,Yes,No,0,Yes,No,Yes,Yes,0
3922,59,Female,42,54.5,5954.57,One year,Mailed check,DSL,No internet service,No,No internet service,Yes,0,No,No,Yes,No phone service,0
3923,54,Female,47,62.94,2248.28,Two year,Bank transfer,No,No,No internet service,No,Yes,0,Yes,No,Yes,No,0
3924,52,Female,5,91.33,5669.71,One year,Electronic check,Fiber optic,No,No internet service,Yes,No,1,No,No,Yes,No,0
3925,40,Male,49,45.95,7846.83,Month-to-month,Credit card,Fiber optic,Yes,No,No,Yes,0,Yes,No,Yes,No,0
3926,23,Female,37,22.64,410.94,Month-to-month,Bank transfer,DSL,No internet service,Yes,No,No,0,No,No,Yes,No,0
3927,21,Female,34,93.08,4579.2,Month-to-month,Bank transfer,Fiber optic,No internet service,No internet service,No internet service,Yes,1,No,No,Yes,No phone service,0
3928,35,Male,70,80.49,5906.13,Two year,Mailed check,Fiber optic,No internet service,No,No,No,0,Yes,No,Yes,No phone service,0
3929,26,Female,18,105.38,2101.53,Month-to-month,Bank transfer,DSL,Yes,No internet service,Yes,Yes,1,No,No,Yes,No,0
3930,66,Female,19,39.07,1878.46,Month-to-month,Electronic check,DSL,No,No internet service,Yes,No,0,No,No,Yes,Yes,0
3931,46,Female,40,129.32,576.73,Two year,Bank transfer,No,Yes,No internet service,Yes,Yes,0,No,No,Yes,No,0
3932,30,Female,17,39.01,841.97,Month-to-month,Bank transfer,Fiber optic,No internet service,Yes,No,Yes,0,No,No,Yes,No,0
3933,64,Male,60,135.87,5288.32,One year,Mailed check,No,No internet service,No internet service,No,No,0,Yes,No,Yes,Yes,0
3934,69,Female,42,78.44,4091.16,Two year,Mailed check,Fiber optic,No,No internet service,No internet service,No,0,No,No,Yes,Yes,0
3935,34,Male,65,91.47,337.57,Month-to-month,Bank transfer,Fiber optic,Yes,Yes,No,Yes,0,No,Yes,Yes,No phone service,0
3936,62,Female,53,136.56,7760.33,Month-to-month,Mailed check,DSL,Yes,No internet service,Yes,Yes,0,Yes,Yes,Yes,Yes,0
3937,49,Female,7,58.99,5282.76,Month-to-month,Credit card,No,No internet service,No internet service,Yes,Yes,0,Yes,No,Yes,Yes,0
3938,65,Female,5,43.64,4172.2,One year,Credit card,Fiber optic,No,Yes,No internet service,Yes,0,No,No,Yes,No phone service,0
3939,39,Male,24,77.95,2254.52,One year,Credit card,DSL,No,No,Yes,No,0,No,No,Yes,No phone service,0
3940,21,Female,28,51.77,5298.98,Month-to-month,Bank transfer,Fiber optic,No internet service,No internet service,Yes,No,0,Yes,No,Yes,No,0
3941,22,Female,62,88.62,2976.93,Month-to-month,Electronic check,DSL,Yes,No,Yes,Yes,0,Yes,No,Yes,No,0
3942,54,Male,17,55.78,5649.7,One year,Electronic check,No,Yes,No,No internet service,No,0,No,Yes,Yes,Yes,0
3943,58,Male,20,132.38,5492.32,Month-to-month,Mailed check,DSL,No,No,No internet service,No,0,Yes,No,Yes,No phone service,1
3944,66,Male,3,98.95,832.68,One year,Electronic check,DSL,No,Yes,Yes,Yes,0,No,No,Yes,Yes,0
3945,30,Male,37,20.03,7283.16,One year,Electronic check,DSL,No internet service,Yes,Yes,Yes,0,No,No,Yes,Yes,0
3946,51,Female,15,124.71,3947.1,One year,Bank transfer,DSL,No,No internet service,No,Yes,0,Yes,No,Yes,No,0
3947,62,Female,51,62.93,3204.27,Two year,Mailed check,Fiber optic,Yes,No,No,No,0,No,No,Yes,Yes,0
3948,39,Female,48,61.63,7648.15,Month-to-month,Electronic check,Fiber optic,Yes,Yes,Yes,No,1,Yes,Yes,Yes,Yes,0
3949,40,Female,8,69.8,3561.85,Month-to-month,Credit card,Fiber optic,No,Yes,No,Yes,1,Yes,Yes,No,No,1
3950,68,Male,13,101.93,5797.65,One year,Mailed check,Fiber optic,No internet service,No,Yes,Yes,0,Yes,No,Yes,No,0
3951,20,Female,48,77.47,5275.58,Month-to-month,Mailed check,Fiber optic,Yes,Yes,Yes,Yes,1,Yes,No,Yes,No phone service,0
3952,59,Female,3,101.72,1404.61,One year,Mailed check,Fiber optic,Yes,No,No,No,0,No,No,Yes,No,0
3953,51,Female,65,39.08,7930.03,Two year,Credit card,No,No internet service,Yes,No internet service,Yes,0,No,No,No,No phone service,0
3954,49,Female,31,146.12,3762.47,Two year,Electronic check,Fiber optic,No,No,No internet service,No,0,No,Yes,Yes,No phone service,0
3955,62,Male,26,114.85,3218.78,One year,Credit card,DSL,Yes,Yes,No internet service,No,0,No,No,Yes,No,0
3956,68,Female,56,52.53,7364.95,Two year,Mailed check,Fiber optic,Yes,Yes,Yes,No,0,No,No,Yes,No,0
3957,66,Female,34,114.14,4280.98,Month-to-month,Mailed check,DSL,No internet service,Yes,Yes,Yes,0,Yes,No,Yes,No,0
3958,38,Female,9,94.75,5670.11,Month-to-month,Bank transfer,DSL,No,Yes,No internet service,No,0,No,No,No,Yes,1
3959,63,Male,62,34.19,6785.34,Month-to-month,Bank transfer,Fiber optic,No internet service,No,No internet service,No,0,No,Yes,Yes,No,0
3960,61,Male,13,43.17,1960.41,Month-to-month,Bank transfer,No,No internet service,No internet service,No internet service,No,0,Yes,Yes,Yes,No phone service,0
3961,38,Female,69,25.37,1438.79,Month-to-month,Bank transfer,Fiber optic,No,No internet service,Yes,Yes,0,Yes,No,Yes,No phone service,0
3962,61,Female,41,125.2,641.2,Two year,Mailed check,Fiber optic,Yes,Yes,Yes,Yes,1,Yes,Yes,Yes,No phone service,0
3963,28,Female,1,91.72,7187.35,One year,Credit card,DSL,No internet service,No internet service,No,No,0,Yes,No,Yes,No,0
3964,56,Male,47,61.18,1682.9,One year,Bank transfer,Fiber optic,Yes,Yes,No,No,1,No,No,Yes,No phone service,0
3965,21,Female,4,36.42,2531.26,Month-to-month,Credit card,Fiber optic,Yes,No internet service,No,No,0,Yes,No,Yes,No phone service,0
3966,68,Female,63,82.93,2357.87,Month-to-month,Bank transfer,Fiber optic,Yes,Yes,No internet service,No,0,No,No,Yes,Yes,0
3967,18,Female,52,88.28,2506.25,Two year,Electronic check,DSL,Yes,No internet service,Yes,No,1,Yes,No,No,No,0
3968,45,Male,10,111.25,5377.68,One year,Bank transfer,Fiber optic,No internet service,No internet service,No,Yes,0,Yes,Yes,Yes,No,0
3969,41,Female,28,146.09,7637.5,One year,Credit card,No,No,Yes,No,No,1,Yes,No,Yes,No phone service,0
3970,52,Female,6,76.54,2702.68,Two year,Bank transfer,Fiber optic,Yes,No internet service,No,Yes,0,No,Yes,Yes,Yes,0
3971,30,Male,27,72.78,3320.41,One year,Electronic check,DSL,Yes,Yes,No,Yes,0,No,No,Yes,No phone service,0
3972,64,Male,12,68.09,6192.06,One year,Credit card,DSL,Yes,No internet service,No internet service,No,0,No,No,Yes,Yes,0
3973,51,Female,62,127.5,3515.47,Month-to-month,Credit card,DSL,No,No,Yes,No,0,Yes,Yes,Yes,No phone service,1
3974,28,Male,52,40.32,7415.74,Month-to-month,Credit card,DSL,Yes,No,Yes,No,0,No,No,Yes,No phone service,0
3975,53,Female,48,64.7,4075.42,One year,Mailed check,No,No,No,Yes,Yes,0,Yes,No,No,No,0
3976,68,Male,67,114.25,2847.11,Month-to-month,Credit card,Fiber optic,No internet service,Yes,No,No,1,No,No,Yes,Yes,0
3977,34,Male,46,22.04,7775.42,One year,Mailed check,Fiber optic,No,Yes,No internet service,Yes,1,Yes,Yes,No,Yes,0
3978,52,Female,15,57.62,3463.68,Month-to-month,Electronic check,No,Yes,Yes,No internet service,No,0,No,No,Yes,Yes,0
3979,35,Female,71,103.39,1926.28,Month-to-month,Credit card,DSL,No internet service,No,No internet service,No,0,No,No,Yes,No,0
3980,57,Female,36,44.17,1503.84,Month-to-month,Credit card,Fiber optic,No,No internet service,Yes,Yes,0,Yes,No,Yes,No,0
3981,39,Male,14,59.35,7961.93,Month-to-month,Credit card,DSL,Yes,Yes,Yes,No,0,Yes,No,Yes,No phone service,0
3982,41,Female,3,83.19,6048.6,Two year,Electronic check,DSL,No internet service,No,No internet service,Yes,0,No,No,Yes,Yes,0
3983,36,Female,67,74.86,3328.41,Month-to-month,Mailed check,DSL,No internet service,Yes,No,No,0,No,No,Yes,Yes,0
3984,54,Female,19,33.78,6628.27,One year,Bank transfer,No,No,Yes,Yes,Yes,0,No,No,Yes,No phone service,0
3985,56,Female,54,141.97,4419.77,Month-to-month,Electronic check,Fiber optic,Yes,No internet service,Yes,Yes,0,Yes,Yes,Yes,No phone service,0
3986,38,Female,69,25.76,2607.38,Month-to-month,Electronic check,DSL,No,Yes,No,No,0,Yes,No,Yes,No phone service,0
3987,25,Male,10,117.47,5972.75,Month-to-month,Electronic check,Fiber optic,No internet service,Yes,No,No,0,No,Yes,Yes,No phone service,1
3988,45,Female,33,29.28,5992.57,Two year,Mailed check,DSL,No internet service,No internet service,Yes,No,0,No,Yes,No,Yes,0
3989,22,Female,13,80.75,4051.34,Month-to-month,Mailed check,DSL,Yes,Yes,No,Yes,0,No,Yes,Yes,No phone service,0
3990,34,Male,51,42.8,456.75,Two year,Mailed check,Fiber optic,No internet service,Yes,No,No,0,Yes,No,Yes,Yes,0
3991,54,Female,32,38.34,708.48,Month-to-month,Mailed check,DSL,Yes,No internet service,No,No,0,Yes,No,Yes,Yes,0
3992,53,Female,24,36.37,6331.12,Month-to-month,Mailed check,No,No,Yes,No,No,0,Yes,Yes,Yes,Yes,0
3993,36,Female,35,78.86,6605.46,One year,Credit card,Fiber optic,No internet service,Yes,No,Yes,0,Yes,No,Yes,No phone service,0
3994,44,Female,70,87.01,5458.49,One year,Bank transfer,DSL,No internet service,No,No internet service,Yes,0,Yes,No,Yes,No phone service,0
3995,51,Female,40,37.34,6728.64,One year,Bank transfer,DSL,Yes,No internet service,Yes,Yes,0,Yes,No,Yes,No phone service,0
3996,28,Male,54,147.32,5783.95,Month-to-month,Mailed check,Fiber optic,Yes,No,No internet service,No,0,Yes,No,Yes,No phone service,0
3997,62,Male,44,53.51,7185.78,Month-to-month,Mailed check,DSL,No,No internet service,No internet service,Yes,0,Yes,No,Yes,No,0
3998,64,Male,62,79.65,1288.15,Month-to-month,Credit card,Fiber optic,Yes,Yes,No internet service,Yes,0,No,No,Yes,No phone service,0
3999,29,Female,68,48.12,3163.16,Two year,Mailed check,Fiber optic,No internet service,No,Yes,No,0,No,Yes,Yes,No,0
4000,38,Male,33,84.21,3766.48,Month-to-month,Credit card,Fiber optic,No,No,Yes,No,1,Yes,No,Yes,No phone service,0
4001,28,Female,56,118.28,2451.54,Two year,Credit card,Fiber optic,No,No,Yes,No,0,Yes,No,Yes,No,0
4002,56,Female,36,87.74,5830.39,Month-to-month,Electronic check,No,No,No,No internet service,No,0,Yes,Yes,Yes,No phone service,0
4003,45,Female,54,57.13,7308.27,One year,Electronic check,DSL,Yes,No internet service,Yes,Yes,0,Yes,Yes,Yes,No phone service,0
4004,22,Male,19,52.29,3358.61,Month-to-month,Mailed check,DSL,Yes,Yes,No internet service,Yes,0,No,No,Yes,Yes,0
4005,34,Male,43,118.66,7538.18,Month-to-month,Credit card,Fiber optic,No internet service,Yes,No,Yes,1,No,No,Yes,No,0
4006,37,Male,12,35.37,4182.47,Month-to-month,Mailed check,DSL,No,No,Yes,Yes,0,No,No,No,No phone service,0
4007,58,Female,11,68.1,4227.87,Month-to-month,Electronic check,Fiber optic,No,Yes,No,No,0,No,No,Yes,No,1
4008,63,Male,70,39.69,4841.73,Two year,Electronic check,Fiber optic,No,Yes,No internet service,Yes,0,No,No,Yes,Yes,0
4009,29,Female,12,53.54,2219.82,One year,Electronic check,Fiber optic,No internet service,No internet service,Yes,No,0,Yes,No,Yes,No,0
4010,23,Male,41,39.85,3128.55,One year,Electronic check,DSL,Yes,Yes,Yes,No,0,Yes,No,Yes,No phone service,0
4011,34,Male,25,135.28,4470.58,Month-to-month,Electronic check,Fiber optic,No,Yes,No,Yes,0,Yes,Yes,Yes,Yes,1
4012,68,Female,3,115.15,7541.66,Two year,Mailed check,No,Yes,Yes,No internet service,No,0,Yes,No,Yes,No phone service,0
4013,36,Female,3,92.92,5177.27,Month-to-month,Mailed check,DSL,Yes,Yes,No internet service,No,0,No,Yes,Yes,Yes,0
4014,43,Male,28,49.18,2731.62,Two year,Electronic check,Fiber optic,Yes,No,Yes,No,0,No,No,Yes,Yes,0
4015,65,Male,23,86.33,182.7,Month-to-month,Mailed check,Fiber optic,Yes,No internet service,Yes,No,0,No,No,Yes,No,0
4016,61,Male,48,87.71,7855.16,Month-to-month,Electronic check,DSL,Yes,No internet service,Yes,No,0,Yes,No,No,No phone service,0
4017,61,Female,67,96.75,3994.58,Two year,Electronic check,DSL,No internet service,No internet service,Yes,Yes,0,No,No,Yes,No phone service,0
4018,69,Female,42,27.81,7514.11,Month-to-month,Electronic check,DSL,Yes,Yes,Yes,No,1,Yes,Yes,Yes,Yes,0
4019,49,Male,40,146.48,4439.83,Two year,Mailed check,Fiber optic,No,No,No internet service,Yes,1,No,No,Yes,No phone service,0
4020,23,Male,6,80.51,4883.17,Month-to-month,Mailed check,Fiber optic,No,No internet service,Yes,No,0,No,No,Yes,Yes,1
4021,53,Female,20,140.45,5724.11,One year,Credit card,No,No,No,No,No,1,No,No,Yes,No,0
4022,55,Male,11,21.28,2635.71,Two year,Mailed check,DSL,No internet service,No internet service,Yes,Yes,0,Yes,No,Yes,Yes,0
4023,28,Female,27,52.18,5621.97,One year,Mailed check,No,Yes,No,Yes,Yes,0,No,Yes,Yes,No phone service,0
4024,50,Female,21,33.52,4261.66,One year,Bank transfer,Fiber optic,No,Yes,No internet service,No,0,Yes,Yes,Yes,Yes,0
4025,41,Female,13,120.05,5412.59,Month-to-month,Electronic check,DSL,No,Yes,No internet service,Yes,0,Yes,No,No,No phone service,0
4026,40,Female,35,61.62,6703.08,Month-to-month,Electronic check,DSL,No,No internet service,No internet service,Yes,0,Yes,No,Yes,No,0
4027,32,Female,47,129.26,1555.41,Month-to-month,Mailed check,Fiber optic,Yes,No internet service,No,Yes,0,No,Yes,No,No,0
4028,44,Female,28,128.21,4947.05,Month-to-month,Mailed check,No,No,No internet service,No internet service,No,0,No,No,Yes,Yes,1
4029,28,Male,21,106.81,511.68,Two year,Credit card,Fiber optic,Yes,Yes,Yes,Yes,1,No,No,Yes,No,0
4030,68,Female,18,106.55,906.71,Month-to-month,Bank transfer,Fiber optic,No,Yes,No internet service,Yes,0,No,Yes,Yes,No,1
4031,67,Female,31,111.02,5429.29,One year,Electronic check,DSL,No,No internet service,No,Yes,0,Yes,No,Yes,Yes,0
4032,34,Male,60,107.59,660.41,Two year,Electronic check,DSL,Yes,No internet service,Yes,No,0,No,No,No,No phone service,0
4033,68,Female,37,70.3,4803.33,Month-to-month,Mailed check,DSL,No,Yes,Yes,Yes,0,Yes,Yes,Yes,Yes,0
4034,31,Male,21,108.77,1838.1,Two year,Mailed check,DSL,No internet service,No internet service,No,Yes,0,Yes,Yes,Yes,Yes,0
4035,44,Female,14,136.66,2502.27,Two year,Bank transfer,Fiber optic,Yes,No internet service,No internet service,No,0,No,No,Yes,No phone service,0
4036,35,Male,60,63.23,1124.13,Month-to-month,Electronic check,No,No,No internet service,No internet service,Yes,0,Yes,No,Yes,No,0
4037,45,Male,23,142.84,2064.47,Month-to-month,Bank transfer,DSL,No internet service,Yes,No internet service,No,0,Yes,No,No,Yes,0
4038,68,Female,29,21.77,6588.21,Month-to-month,Electronic check,Fiber optic,No internet service,Yes,No internet service,No,0,No,No,Yes,Yes,0
4039,64,Female,47,65.38,5147.14,One year,Mailed check,DSL,Yes,No,No,No,0,Yes,No,Yes,No phone service,0
4040,64,Female,30,37.17,7603.1,Month-to-month,Bank transfer,DSL,No,No,No,Yes,0,No,No,Yes,Yes,0
4041,21,Female,38,36.46,485.08,One year,Credit card,DSL,Yes,No,No internet service,Yes,0,No,No,No,No phone service,0
4042,24,Male,27,126.01,6360.05,Month-to-month,Mailed check,DSL,No internet service,No,No,No,1,Yes,No,Yes,Yes,1
4043,62,Male,15,139.39,5622.71,Two year,Credit card,DSL,No internet service,No internet service,Yes,Yes,0,No,No,No,Yes,0
4044,52,Male,59,121.11,2161.05,Two year,Credit card,Fiber optic,Yes,Yes,No internet service,Yes,0,Yes,No,Yes,No phone service,0
4045,65,Female,3,146.96,5860.42,Two year,Credit card,Fiber optic,Yes,Yes,Yes,No,0,No,No,Yes,No phone service,0
4046,26,Male,10,48.12,5760.73,Month-to-month,Electronic check,DSL,No,No,Yes,Yes,0,No,No,Yes,Yes,1
4047,25,Female,17,38.3,3728.83,Month-to-month,Credit card,Fiber optic,No internet service,No internet service,Yes,Yes,0,No,No,Yes,No phone service,0
4048,69,Female,11,87.69,5540.25,Month-to-month,Electronic check,Fiber optic,Yes,Yes,No internet service,Yes,1,No,Yes,Yes,Yes,0
4049,62,Male,48,127.77,3612.19,Month-to-month,Bank transfer,No,No internet service,Yes,No internet service,Yes,0,No,No,Yes,No phone service,0
4050,34,Female,5,25.18,2750.81,Month-to-month,Mailed check,No,Yes,No internet service,No internet service,No,1,Yes,No,Yes,No,0
4051,34,Male,69,149.42,3785.28,Two year,Electronic check,No,No,No internet service,No,Yes,0,No,No,Yes,No,0
4052,66,Female,64,98.29,7171.52,Two year,Electronic check,Fiber optic,No internet service,No,No internet service,No,1,Yes,Yes,Yes,No,0
4053,50,Male,14,147.26,3138.21,Month-to-month,Bank transfer,Fiber optic,No,No,Yes,No,1,No,No,Yes,No,1
4054,49,Female,50,67.46,3289.14,One year,Bank transfer,DSL,No,No internet service,No internet service,No,1,Yes,Yes,Yes,Yes,0
4055,25,Male,26,79.54,4906.39,Month-to-month,Mailed check,Fiber optic,No internet service,Yes,No,Yes,0,Yes,Yes,Yes,Yes,0
4056,36,Male,69,117.81,6048.7,Month-to-month,Bank transfer,DSL,Yes,No internet service,No internet service,No,0,Yes,Yes,Yes,No,0
4057,55,Female,7,123.05,5903.5,Two year,Electronic check,DSL,No,No internet service,No,Yes,0,Yes,No,Yes,No,0
4058,20,Female,16,50.29,256.41,Two year,Mailed check,DSL,No,Yes,Yes,No,0,Yes,No,Yes,No,0
4059,22,Male,55,140.87,5530.58,Month-to-month,Mailed check,Fiber optic,No internet service,Yes,Yes,Yes,0,No,Yes,Yes,No phone service,0
4060,30,Female,56,132.77,3659.38,Two year,Mailed check,DSL,No internet service,No,Yes,No,0,Yes,No,Yes,Yes,0
4061,64,Female,4,22.37,4240.31,Two year,Credit card,No,No internet service,No internet service,Yes,No,0,Yes,No,Yes,No,0
4062,63,Female,48,36.71,4537.14,Month-to-month,Credit card,DSL,No,No,Yes,No,0,Yes,No,Yes,No,0
4063,48,Male,17,84.49,5880.58,Month-to-month,Electronic check,No,Yes,No internet service,Yes,No,0,No,No,Yes,Yes,0
4064,33,Male,36,79.92,6667.53,One year,Credit card,DSL,Yes,No internet service,No,No,0,No,Yes,Yes,No,0
4065,67,Female,70,112.09,5205.46,Two year,Bank transfer,Fiber optic,No internet service,Yes,Yes,No,1,No,No,Yes,No,0
4066,49,Female,38,31.66,4554.87,Month-to-month,Mailed check,Fiber optic,No,No internet service,No internet service,No,0,No,No,Yes,Yes,0
4067,39,Male,62,103.83,3052.78,Month-to-month,Electronic check,Fiber optic,No,No internet service,No,No,1,Yes,No,Yes,Yes,1
4068,46,Female,48,100.13,1189.24,One year,Bank transfer,Fiber optic,No,Yes,No,No,1,No,No,No,No phone service,0
4069,39,Male,10,50.37,7672.76,One year,Mailed check,Fiber optic,No internet service,Yes,No internet service,Yes,0,No,No,Yes,Yes,0
4070,60,Female,36,90.51,3748.55,One year,Bank transfer,Fiber optic,No,Yes,No internet service,Yes,0,No,No,Yes,No,0
4071,20,Female,29,48.89,4573.08,Month-to-month,Credit card,Fiber optic,No,No internet service,No internet service,Yes,0,Yes,No,Yes,Yes,0
4072,27,Female,4,39.1,6033.48,Two year,Bank transfer,Fiber optic,Yes,Yes,No internet service,No,1,No,No,No,Yes,0
4073,59,Male,44,94.51,640.44,One year,Credit card,DSL,No internet service,No internet service,No internet service,Yes,0,Yes,No,Yes,No,0
4074,38,Male,56,147.07,6854.59,Two year,Bank transfer,DSL,No internet service,No,Yes,No,0,No,No,Yes,Yes,0
4075,33,Male,42,50.8,6396.5,Two year,Electronic check,DSL,No internet service,Yes,No,Yes,0,Yes,No,Yes,No phone service,0
4076,29,Male,13,66.19,6217.99,Two year,Credit card,No,No,No,No internet service,Yes,0,No,No,Yes,Yes,0
4077,19,Female,46,53.35,273.66,Two year,Credit card,Fiber optic,No,No,No internet service,No,0,Yes,Yes,No,Yes,0
4078,58,Female,33,54.64,4259.5,Two year,Mailed check,DSL,Yes,Yes,No,Yes,0,Yes,Yes,Yes,No,0
4079,41,Male,21,72.54,528.72,One year,Credit card,Fiber optic,No internet service,Yes,No,No,0,Yes,No,Yes,No phone service,0
4080,52,Female,57,111.24,4451.89,One year,Mailed check,Fiber optic,No,No internet service,Yes,Yes,0,No,No,Yes,No phone service,0
4081,47,Female,69,25.04,5775.74,One year,Credit card,DSL,Yes,Yes,No,Yes,1,Yes,Yes,Yes,Yes,0
4082,47,Male,70,144.43,1062.62,One year,Credit card,Fiber optic,No,No,No internet service,Yes,0,No,No,Yes,No phone service,0
4083,64,Female,67,26.02,5589.58,Month-to-month,Credit card,Fiber optic,No,No,No,No,1,No,No,Yes,No,0
4084,52,Female,48,134.56,3651.31,Month-to-month,Credit card,Fiber optic,No internet service,No,No internet service,Yes,0,Yes,No,Yes,Yes,0
4085,36,Male,33,136.27,6511.27,Month-to-month,Mailed check,No,No internet service,No internet service,No,No,0,Yes,Yes,Yes,No phone service,0
4086,67,Female,36,88.18,4315.35,Month-to-month,Electronic check,Fiber optic,No,No internet service,No,Yes,0,No,No,Yes,No,0
4087,25,Female,33,37.81,2755.36,Month-to-month,Bank transfer,Fiber optic,No,Yes,Yes,Yes,1,No,No,No,No,0
4088,43,Female,31,93.47,2722.73,Two year,Credit card,Fiber optic,No,Yes,No internet service,No,0,Yes,No,Yes,No,0
4089,66,Male,21,101.72,7190.14,Month-to-month,Credit card,Fiber optic,No,Yes,Yes,No,0,No,No,Yes,Yes,1
4090,57,Male,27,131.51,3677.69,Month-to-month,Electronic check,No,No,No,Yes,Yes,1,Yes,No,Yes,No,1
4091,24,Female,62,91.62,3305.46,One year,Mailed check,Fiber optic,No internet service,No,No internet service,Yes,0,Yes,No,Yes,No,0
4092,47,Female,26,73.39,415.0,Month-to-month,Bank transfer,DSL,No internet service,No,No,No,0,No,Yes,Yes,Yes,0
4093,24,Female,66,128.98,2978.16,Two year,Electronic check,No,No,Yes,Yes,No,0,No,Yes,Yes,Yes,0
4094,20,Male,12,147.52,6812.05,Month-to-month,Electronic check,Fiber optic,No,Yes,No,Yes,0,No,No,Yes,No,1
4095,18,Male,22,103.86,6111.8,Month-to-month,Electronic check,DSL,No internet service,No,No,No,0,Yes,No,Yes,Yes,0
4096,53,Male,17,133.67,1845.21,Two year,Electronic check,Fiber optic,No,Yes,Yes,Yes,0,No,No,Yes,No phone service,0
4097,42,Female,7,97.84,3363.15,One year,Credit card,Fiber optic,No internet service,No internet service,Yes,No,0,Yes,No,Yes,Yes,0
4098,54,Female,68,109.67,1652.98,Two year,Bank transfer,No,No internet service,Yes,Yes,No,0,Yes,No,Yes,No,0
4099,18,Female,37,109.46,7638.31,Month-to-month,Credit card,No,No internet service,No,No,Yes,0,Yes,No,Yes,Yes,0
4100,32,Female,38,111.62,4825.13,Month-to-month,Electronic check,DSL,No internet service,Yes,No internet service,Yes,0,No,Yes,Yes,Yes,0
4101,54,Female,11,61.73,6059.4,One year,Bank transfer,No,Yes,No internet service,No internet service,Yes,1,No,No,Yes,No,0
4102,30,Male,1,94.84,5739.09,Month-to-month,Electronic check,Fiber optic,No,No,Yes,Yes,0,No,No,Yes,No,1
4103,57,Female,25,97.24,7002.15,Month-to-month,Mailed check,Fiber optic,No,Yes,No,No,0,Yes,No,No,Yes,0
4104,25,Female,42,60.96,7599.69,Month-to-month,Electronic check,Fiber optic,No,Yes,Yes,No,0,No,No,Yes,No phone service,0
4105,22,Female,52,65.48,356.32,Two year,Electronic check,DSL,No internet service,Yes,No,No,1,Yes,Yes,Yes,No phone service,0
4106,26,Male,24,119.09,7804.88,One year,Mailed check,Fiber optic,No internet service,Yes,No internet service,No,0,No,No,Yes,No,0
4107,18,Female,53,95.75,6977.29,Month-to-month,Credit card,DSL,No internet service,No internet service,No internet service,No,0,No,No,Yes,No phone service,0
4108,53,Male,56,39.4,3125.28,Month-to-month,Bank transfer,Fiber optic,No,Yes,Yes,Yes,1,Yes,No,Yes,Yes,0
4109,52,Male,63,128.89,6712.85,Two year,Electronic check,No,No internet service,Yes,Yes,Yes,0,Yes,No,No,No,0
4110,19,Male,8,134.8,5918.81,Month-to-month,Electronic check,No,Yes,No,No internet service,No,0,Yes,Yes,Yes,Yes,1
4111,57,Male,59,80.6,6365.6,One year,Mailed check,DSL,No,No internet service,No,No,0,No,No,Yes,No phone service,0
4112,40,Male,45,47.16,1843.46,One year,Bank transfer,DSL,Yes,No,No internet service,Yes,0,Yes,No,Yes,No phone service,0
4113,26,Female,27,143.19,5223.65,One year,Mailed check,No,Yes,No internet service,No,No,0,No,No,Yes,No phone service,0
4114,51,Female,52,134.7,304.81,Month-to-month,Electronic check,Fiber optic,No,Yes,Yes,Yes,1,No,No,Yes,No,0
4115,63,Male,18,51.77,6801.01,Two year,Credit card,No,Yes,No internet service,No internet service,No,0,No,Yes,Yes,No phone service,0
4116,31,Male,16,32.43,7613.24,Month-to-month,Credit card,Fiber optic,Yes,No,Yes,No,0,No,Yes,Yes,No,0
4117,21,Male,66,77.28,5330.78,Month-to-month,Bank transfer,Fiber optic,No internet service,Yes,No internet service,No,1,Yes,No,Yes,No,0
4118,47,Female,5,107.93,4150.09,Month-to-month,Electronic check,DSL,Yes,No,Yes,Yes,1,No,No,Yes,No,1
4119,48,Female,3,42.8,5833.28,Month-to-month,Mailed check,DSL,No internet service,No,No internet service,Yes,0,Yes,Yes,Yes,No,1
4120,55,Male,70,86.72,2678.25,Month-to-month,Electronic check,DSL,Yes,No internet service,No internet service,No,0,No,No,Yes,No,0
4121,28,Female,7,75.3,5048.46,Two year,Mailed check,DSL,No,Yes,Yes,No,0,Yes,No,Yes,No,0
4122,52,Female,50,135.77,5779.89,Month-to-month,Mailed check,Fiber optic,No,No,No internet service,Yes,0,No,No,Yes,No phone service,1
4123,25,Male,14,75.84,1227.18,Two year,Bank transfer,Fiber optic,No,No,No internet service,Yes,0,No,No,Yes,No,0
4124,20,Male,38,89.39,1206.54,Month-to-month,Mailed check,Fiber optic,No,No internet service,No internet service,No,0,No,Yes,Yes,Yes,0
4125,31,Female,47,144.19,5757.49,Month-to-month,Bank transfer,No,No internet service,No,No internet service,Yes,0,Yes,No,Yes,Yes,0
4126,30,Female,33,58.96,3511.08,Month-to-month,Credit card,Fiber optic,Yes,Yes,Yes,No,0,No,Yes,Yes,Yes,0
4127,62,Female,43,57.57,7124.69,One year,Bank transfer,Fiber optic,Yes,Yes,Yes,No,0,Yes,No,Yes,No phone service,0
4128,49,Male,29,123.95,2564.32,One year,Bank transfer,No,No,No internet service,No internet service,No,0,Yes,No,No,No,0
4129,51,Male,57,56.08,435.2,Two year,Bank transfer,Fiber optic,No internet service,No,No internet service,Yes,0,Yes,No,Yes,No phone service,0
4130,62,Male,5,128.14,5234.02,One year,Credit card,DSL,No internet service,No internet service,Yes,Yes,0,Yes,No,No,No phone service,0
4131,36,Female,60,32.42,5505.49,Month-to-month,Bank transfer,Fiber optic,No,No internet service,No internet service,No,0,Yes,No,Yes,No,0
4132,55,Female,70,34.46,4473.37,Month-to-month,Mailed check,Fiber optic,Yes,No,No,No,0,No,Yes,Yes,No phone service,0
4133,33,Male,2,137.17,5498.33,Two year,Mailed check,Fiber optic,No,Yes,Yes,No,1,No,No,Yes,No,0
4134,19,Female,70,90.31,4237.66,Two year,Bank transfer,DSL,Yes,No internet service,No internet service,No,0,Yes,No,Yes,No,0
4135,57,Male,43,113.45,5571.8,Month-to-month,Mailed check,DSL,No,Yes,No,Yes,0,No,No,Yes,No,0
4136,34,Female,4,49.29,447.11,Month-to-month,Bank transfer,Fiber optic,Yes,Yes,No internet service,No,0,No,No,Yes,Yes,0
4137,51,Male,56,41.62,3010.34,One year,Credit card,DSL,No internet service,No,No internet service,Yes,0,Yes,No,Yes,No,0
4138,59,Female,59,128.54,1765.45,One year,Mailed check,Fiber optic,No,No,No internet service,No,0,Yes,No,Yes,No,0
4139,33,Female,9,66.62,884.68,One year,Bank transfer,Fiber optic,Yes,Yes,No,No,1,Yes,No,Yes,No phone service,0
4140,55,Male,3,79.15,1949.33,Month-to-month,Electronic check,Fiber optic,Yes,Yes,No,Yes,0,Yes,No,Yes,Yes,1
4141,19,Male,48,23.64,1611.35,Two year,Credit card,DSL,Yes,Yes,Yes,Yes,0,No,No,Yes,No phone service,0
4142,19,Male,43,70.16,7787.74,Month-to-month,Electronic check,DSL,Yes,No internet service,No internet service,Yes,0,No,Yes,Yes,No phone service,0
4143,43,Male,1,120.16,2363.71,Month-to-month,Bank transfer,Fiber optic,No internet service,Yes,No internet service,Yes,0,Yes,Yes,No,Yes,1
4144,30,Male,57,126.77,1924.58,Month-to-month,Mailed check,Fiber optic,Yes,No internet service,No,Yes,0,No,Yes,No,No phone service,0
4145,64,Female,53,110.84,6695.51,Month-to-month,Bank transfer,No,No internet service,No,No internet service,Yes,0,Yes,Yes,Yes,No phone service,0
4146,48,Male,16,109.98,3411.02,Two year,Mailed check,Fiber optic,Yes,No,No internet service,No,1,Yes,Yes,Yes,No,0
4147,51,Male,51,85.81,3429.58,One year,Bank transfer,Fiber optic,No internet service,Yes,No internet service,Yes,0,No,No,Yes,Yes,0
4148,56,Male,55,89.98,3604.36,Two year,Bank transfer,Fiber optic,No internet service,No,No,No,1,Yes,No,Yes,Yes,0
4149,20,Male,1,116.54,3390.62,Month-to-month,Mailed check,No,Yes,Yes,No internet service,Yes,0,No,Yes,Yes,Yes,1
4150,25,Male,28,52.15,2679.87,Two year,Mailed check,No,No internet service,No internet service,No internet service,Yes,0,No,No,Yes,No phone service,0
4151,40,Female,53,50.1,2362.08,One year,Bank transfer,No,No,Yes,Yes,Yes,0,No,No,Yes,No phone service,0
4152,31,Male,58,143.49,7067.48,Month-to-month,Electronic check,No,Yes,No,No internet service,No,0,No,Yes,Yes,Yes,1
4153,44,Male,60,23.6,1377.49,Two year,Credit card,Fiber optic,No,Yes,No,No,1,No,No,Yes,No phone service,0
4154,46,Male,59,38.13,1530.39,Month-to-month,Electronic check,DSL,No internet service,No,No,Yes,0,No,Yes,No,Yes,0
4155,56,Female,22,94.14,4616.58,Month-to-month,Electronic check,Fiber optic,No internet service,No internet service,No internet service,Yes,1,Yes,Yes,Yes,No phone service,0
4156,56,Female,8,115.92,2814.9,Month-to-month,Electronic check,DSL,No,No,Yes,No,0,No,Yes,No,Yes,1
4157,18,Male,49,89.93,3430.08,Month-to-month,Electronic check,DSL,Yes,No,No internet service,Yes,0,No,No,Yes,Yes,0
4158,34,Male,42,66.16,6471.72,Month-to-month,Mailed check,Fiber optic,No,No,No internet service,No,0,No,No,Yes,No phone service,0
4159,58,Female,27,147.14,7238.69,One year,Electronic check,Fiber optic,No internet service,No,No internet service,Yes,0,Yes,No,Yes,Yes,0
4160,47,Female,39,111.5,6345.37,Month-to-month,Credit card,Fiber optic,Yes,No,No,No,0,No,No,Yes,Yes,1
4161,30,Female,25,128.08,1955.93,Month-to-month,Mailed check,Fiber optic,No,No,No internet service,No,0,Yes,Yes,No,No,1
4162,38,Male,38,25.23,7841.77,One year,Electronic check,Fiber optic,No,Yes,No,Yes,0,No,No,Yes,Yes,0
4163,36,Male,24,50.67,2969.09,Month-to-month,Mailed check,No,Yes,No internet service,Yes,Yes,0,No,No,Yes,Yes,0
4164,36,Female,24,68.64,1435.63,One year,Electronic check,Fiber optic,No,Yes,No internet service,No,1,Yes,No,Yes,No,0
4165,42,Male,60,43.74,4046.02,Two year,Electronic check,Fiber optic,Yes,No internet service,No,Yes,0,Yes,No,Yes,Yes,0
4166,39,Female,50,29.48,5829.76,Month-to-month,Credit card,Fiber optic,Yes,Yes,No,Yes,0,No,No,Yes,Yes,0
4167,48,Female,66,49.26,757.84,One year,Mailed check,No,No,No internet service,No,Yes,1,No,No,Yes,No,0
4168,34,Female,14,89.37,5110.87,Month-to-month,Mailed check,Fiber optic,Yes,No internet service,No internet service,Yes,0,No,No,No,No phone service,0
4169,40,Male,53,110.45,6878.82,One year,Bank transfer,DSL,Yes,Yes,Yes,No,0,Yes,No,Yes,Yes,0
4170,49,Female,32,120.62,2168.07,Month-to-month,Electronic check,DSL,No internet service,Yes,No,No,0,No,No,Yes,No phone service,0
4171,27,Female,48,25.58,5575.67,Month-to-month,Electronic check,Fiber optic,No internet service,No internet service,No internet service,No,0,No,No,Yes,Yes,0
4172,27,Male,39,75.64,3259.28,Month-to-month,Credit card,DSL,No internet service,No,No,No,0,No,No,Yes,Yes,0
4173,53,Female,40,35.89,3371.67,One year,Credit card,Fiber optic,No,No internet service,No,No,0,No,Yes,Yes,No phone service,0
4174,25,Male,42,76.06,2318.43,Month-to-month,Mailed check,DSL,No,No,No internet service,Yes,0,No,No,No,No,0
4175,69,Female,8,76.42,5032.71,Month-to-month,Credit card,DSL,No,No internet service,No,No,0,Yes,No,Yes,No,1
4176,37,Male,26,84.77,2951.89,Two year,Mailed check,DSL,No,No,No,No,0,Yes,No,Yes,Yes,0
4177,49,Female,12,136.07,6664.13,Month-to-month,Electronic check,No,Yes,Yes,No internet service,Yes,0,No,No,Yes,No,0
4178,67,Female,43,124.66,7706.95,One year,Electronic check,Fiber optic,Yes,Yes,Yes,No,0,No,Yes,Yes,Yes,0
4179,31,Female,51,102.77,7487.19,Month-to-month,Mailed check,DSL,No internet service,No,Yes,Yes,0,Yes,No,Yes,Yes,0
4180,67,Female,63,135.1,1388.71,Two year,Credit card,Fiber optic,Yes,No,Yes,No,0,Yes,No,No,No phone service,0
4181,45,Female,49,108.2,212.1,Month-to-month,Credit card,Fiber optic,No,No,Yes,Yes,0,No,Yes,Yes,No phone service,1
4182,63,Male,27,126.45,3563.9,Month-to-month,Mailed check,Fiber optic,Yes,No,No internet service,No,0,Yes,No,Yes,No,1
4183,69,Male,9,93.29,5858.18,One year,Electronic check,Fiber optic,No internet service,Yes,No internet service,No,1,No,Yes,Yes,No phone service,0
4184,41,Female,39,88.28,7821.9,Two year,Mailed check,No,No,No internet service,Yes,No,0,No,No,Yes,Yes,0
4185,32,Female,65,114.13,6289.04,Two year,Credit card,Fiber optic,Yes,Yes,No internet service,Yes,1,No,Yes,Yes,No,0
4186,39,Female,71,22.56,4686.34,Month-to-month,Mailed check,No,No internet service,No internet service,Yes,Yes,0,Yes,No,Yes,No phone service,0
4187,47,Male,71,109.75,308.19,Two year,Electronic check,DSL,Yes,Yes,No,No,1,No,Yes,Yes,No,0
4188,21,Male,7,141.49,6621.77,One year,Bank transfer,No,No internet service,No,No,No,0,Yes,No,Yes,No,0
4189,30,Female,67,112.81,1499.45,Two year,Mailed check,Fiber optic,No internet service,Yes,No,Yes,0,Yes,No,Yes,Yes,0
4190,40,Male,10,24.78,539.29,Two year,Bank transfer,DSL,No internet service,Yes,Yes,Yes,0,Yes,No,Yes,No,0
4191,25,Female,71,69.13,6817.83,One year,Mailed check,DSL,No,No,No,No,0,Yes,No,Yes,Yes,0
4192,35,Female,53,125.25,4573.38,One year,Credit card,Fiber optic,Yes,No,Yes,Yes,0,Yes,Yes,Yes,Yes,0
4193,29,Female,57,144.62,1115.56,One year,Credit card,DSL,Yes,Yes,No internet service,Yes,0,Yes,Yes,Yes,No,0
4194,48,Male,27,68.12,3153.69,One year,Bank transfer,Fiber optic,No,Yes,No,Yes,0,Yes,Yes,Yes,No phone service,0
4195,31,Female,54,129.36,775.78,Month-to-month,Mailed check,Fiber optic,No,No internet service,No,Yes,0,Yes,No,No,No phone service,0
4196,51,Female,4,132.3,5140.29,Month-to-month,Credit card,DSL,Yes,No internet service,No,Yes,0,Yes,Yes,Yes,No,1
4197,35,Female,23,36.03,2331.18,Month-to-month,Bank transfer,DSL,No,Yes,No internet service,Yes,0,Yes,No,Yes,Yes,0
4198,51,Male,48,129.95,6942.14,Two year,Bank transfer,No,No,No internet service,Yes,Yes,1,Yes,Yes,Yes,Yes,0
4199,28,Male,42,62.15,2926.59,Month-to-month,Mailed check,DSL,Yes,No,No,Yes,0,Yes,No,Yes,No,0
4200,58,Male,3,97.12,4007.61,Month-to-month,Credit card,DSL,No internet service,Yes,No,No,0,No,No,Yes,No,1
4201,29,Female,3,90.07,601.83,Month-to-month,Bank transfer,DSL,No,Yes,Yes,Yes,0,Yes,No,Yes,No phone service,1
4202,66,Male,28,106.2,2277.18,One year,Electronic check,No,Yes,No internet service,No,Yes,0,No,No,Yes,Yes,0
4203,32,Female,63,116.26,5446.46,Two year,Electronic check,Fiber optic,Yes,Yes,No,Yes,0,Yes,No,Yes,Yes,0
4204,48,Male,31,77.31,5916.48,One year,Credit card,Fiber optic,Yes,Yes,No,Yes,0,No,No,Yes,No,0
4205,66,Female,10,135.48,2018.29,Month-to-month,Credit card,DSL,No,No,Yes,No,0,Yes,No,Yes,Yes,1
4206,46,Male,49,125.23,4080.18,Two year,Electronic check,Fiber optic,No internet service,Yes,No,No,0,Yes,No,No,No,0
4207,43,Female,21,122.1,6558.5,Month-to-month,Bank transfer,DSL,No internet service,No internet service,No internet service,No,0,No,Yes,Yes,Yes,0
4208,35,Male,53,79.57,3101.29,Two year,Mailed check,Fiber optic,Yes,No,Yes,Yes,0,Yes,Yes,Yes,No phone service,0
4209,49,Male,54,24.88,1156.79,Month-to-month,Bank transfer,DSL,No,No internet service,No,No,0,No,Yes,Yes,Yes,0
4210,39,Male,57,83.99,3511.78,One year,Credit card,Fiber optic,No,Yes,No internet service,No,0,Yes,Yes,Yes,No,0
4211,55,Female,20,136.8,4844.97,Month-to-month,Credit card,Fiber optic,No internet service,No internet service,No internet service,No,0,Yes,Yes,Yes,No,0
4212,34,Male,49,44.76,158.45,Two year,Mailed check,DSL,No internet service,No internet service,No internet service,Yes,1,Yes,Yes,Yes,Yes,0
4213,40,Male,7,147.74,2853.68,Month-to-month,Bank transfer,No,No,No,No internet service,Yes,0,No,No,Yes,No phone service,1
4214,41,Male,29,125.0,4898.74,Month-to-month,Mailed check,DSL,No internet service,Yes,No internet service,No,0,No,Yes,Yes,No phone service,0
4215,67,Male,48,112.28,7620.1,Two year,Bank transfer,DSL,Yes,No,No,No,0,No,Yes,Yes,No phone service,0
4216,25,Female,13,108.03,3327.53,Month-to-month,Bank transfer,No,No internet service,Yes,No internet service,Yes,0,Yes,No,Yes,No,0
4217,58,Male,3,96.31,1387.48,One year,Electronic check,DSL,No,No,Yes,Yes,0,No,Yes,Yes,No,0
4218,23,Female,2,113.69,4320.33,One year,Bank transfer,DSL,Yes,Yes,No,No,0,Yes,No,Yes,No phone service,0
4219,22,Female,16,74.85,2357.44,One year,Credit card,Fiber optic,No,No,No,Yes,0,Yes,No,No,Yes,0
4220,61,Female,6,129.89,1796.76,Month-to-month,Credit card,DSL,No internet service,Yes,No internet service,No,0,No,No,Yes,Yes,1
4221,46,Female,45,110.52,4764.19,Two year,Credit card,No,No internet service,No,No internet service,Yes,0,No,No,No,Yes,0
4222,45,Male,71,120.26,7335.48,Two year,Electronic check,DSL,Yes,No internet service,No,No,0,Yes,No,Yes,Yes,0
4223,28,Female,5,123.02,6698.27,Month-to-month,Mailed check,DSL,Yes,No,Yes,No,0,Yes,Yes,Yes,No,1
4224,18,Female,56,31.97,1540.11,Month-to-month,Credit card,No,Yes,No internet service,No,No,1,Yes,Yes,Yes,No phone service,0
4225,60,Female,71,27.23,6150.45,Month-to-month,Credit card,DSL,Yes,No,No,No,0,No,No,Yes,No phone service,0
4226,36,Female,32,124.13,1915.96,Month-to-month,Mailed check,No,No internet service,No internet service,No internet service,No,0,No,No,Yes,Yes,0
4227,26,Male,49,53.72,2396.54,One year,Electronic check,DSL,No,Yes,Yes,No,0,No,Yes,No,No phone service,0
4228,44,Male,13,95.66,7368.41,Two year,Bank transfer,DSL,No internet service,No internet service,No internet service,Yes,0,No,Yes,Yes,No,0
4229,51,Female,30,77.68,7297.3,One year,Mailed check,DSL,No internet service,Yes,No internet service,Yes,0,No,No,Yes,Yes,0
4230,61,Female,25,22.87,1432.18,One year,Bank transfer,DSL,Yes,No internet service,No internet service,No,1,No,No,Yes,No phone service,0
4231,21,Female,60,25.24,607.12,Month-to-month,Bank transfer,Fiber optic,Yes,Yes,No internet service,Yes,0,Yes,No,Yes,No,0
4232,53,Male,59,127.53,2415.63,Month-to-month,Bank transfer,DSL,No,No internet service,Yes,Yes,0,No,No,Yes,No phone service,0
4233,35,Male,28,99.0,4696.02,One year,Mailed check,Fiber optic,No,No,No internet service,Yes,0,No,No,Yes,No,0
4234,32,Male,58,88.1,7027.44,One year,Mailed check,DSL,No internet service,Yes,No internet service,No,0,Yes,Yes,Yes,No phone service,0
4235,68,Male,20,142.77,1038.82,One year,Bank transfer,Fiber optic,No,Yes,Yes,No,0,Yes,No,No,No phone service,0
4236,30,Male,34,42.5,3378.17,Month-to-month,Electronic check,DSL,Yes,No internet service,No,Yes,0,Yes,Yes,Yes,No,0
4237,36,Female,5,53.54,2246.82,One year,Electronic check,Fiber optic,Yes,No,No internet service,Yes,0,No,No,Yes,No phone service,0
4238,66,Male,60,118.38,217.94,Month-to-month,Electronic check,DSL,Yes,Yes,No,No,0,Yes,Yes,Yes,Yes,0
4239,23,Male,43,120.78,6328.73,Month-to-month,Credit card,DSL,No internet service,Yes,No internet service,No,0,No,Yes,Yes,No phone service,0
4240,65,Female,57,72.64,6524.95,One year,Bank transfer,No,No,No,No internet service,Yes,0,No,No,Yes,No phone service,0
4241,29,Male,57,143.63,1847.71,Month-to-month,Credit card,Fiber optic,Yes,No,Yes,Yes,0,Yes,No,Yes,No,1
4242,68,Male,54,141.97,1294.8,Two year,Electronic check,DSL,No internet service,No,Yes,Yes,0,No,No,Yes,Yes,0
4243,54,Male,45,21.61,1242.03,Month-to-month,Mailed check,DSL,No internet service,Yes,No,Yes,0,Yes,No,Yes,No phone service,0
4244,34,Female,37,42.4,3765.18,One year,Electronic check,DSL,No internet service,No internet service,No internet service,Yes,1,No,No,Yes,No phone service,0
4245,40,Male,48,126.63,2047.32,Two year,Credit card,Fiber optic,No,No internet service,Yes,Yes,0,Yes,Yes,Yes,No phone service,0
4246,43,Female,54,63.58,4139.71,Month-to-month,Credit card,DSL,No,Yes,No internet service,Yes,0,No,No,Yes,No phone service,0
4247,46,Female,48,32.41,3140.33,Two year,Electronic check,Fiber optic,No,Yes,No internet service,Yes,0,No,No,Yes,No,0
4248,50,Male,6,122.05,1766.03,One year,Bank transfer,Fiber optic,No internet service,Yes,No,Yes,0,Yes,Yes,Yes,No phone service,0
4249,44,Male,34,79.1,6034.42,Two year,Mailed check,No,No internet service,Yes,No internet service,No,0,Yes,No,No,No,0
4250,42,Male,63,84.01,1287.87,Month-to-month,Mailed check,DSL,No,No,Yes,No,0,No,Yes,Yes,Yes,0
4251,27,Male,48,44.23,6411.33,Month-to-month,Electronic check,Fiber optic,Yes,Yes,No,No,0,No,No,Yes,No,0
4252,64,Female,23,105.92,4535.43,Month-to-month,Bank transfer,DSL,No,Yes,Yes,Yes,0,No,No,No,Yes,0
4253,40,Male,13,91.66,6673.09,One year,Bank transfer,Fiber optic,No internet service,Yes,No,Yes,0,Yes,Yes,No,Yes,0
4254,38,Female,47,46.87,137.6,Month-to-month,Electronic check,Fiber optic,No internet service,No,No,No,1,Yes,No,Yes,Yes,0
4255,38,Female,44,64.24,6018.59,Month-to-month,Mailed check,DSL,No internet service,No,No internet service,Yes,0,Yes,No,Yes,No phone service,0
4256,60,Female,32,97.59,506.97,Month-to-month,Mailed check,Fiber optic,No internet service,No,No,Yes,0,Yes,No,Yes,No,0
4257,30,Female,26,140.23,7605.78,Month-to-month,Mailed check,Fiber optic,No internet service,Yes,No,No,0,No,No,Yes,Yes,0
4258,54,Female,53,139.65,5651.64,One year,Bank transfer,DSL,No internet service,No,No internet service,No,1,No,No,Yes,No,0
4259,50,Male,14,57.43,2629.36,Month-to-month,Electronic check,DSL,No,Yes,No,No,0,No,No,No,Yes,0
4260,41,Female,52,115.63,2626.82,Month-to-month,Bank transfer,DSL,No internet service,Yes,No,Yes,0,No,Yes,Yes,Yes,0
4261,61,Female,36,120.82,6905.79,Month-to-month,Mailed check,DSL,No internet service,No internet service,Yes,No,1,Yes,No,Yes,Yes,0
4262,28,Male,8,125.15,7232.44,One year,Bank transfer,DSL,No internet service,No,Yes,No,0,Yes,No,Yes,No phone service,0
4263,34,Male,40,94.2,7143.43,Two year,Mailed check,Fiber optic,No internet service,No internet service,No internet service,Yes,0,Yes,Yes,Yes,No,0
4264,21,Female,22,21.37,6489.05,One year,Electronic check,DSL,No internet service,No internet service,No,No,1,Yes,Yes,Yes,No phone service,0
4265,64,Female,16,119.02,6570.35,Month-to-month,Mailed check,DSL,Yes,No,No internet service,Yes,0,No,Yes,Yes,No,0
4266,42,Male,60,33.86,4624.87,Month-to-month,Credit card,Fiber optic,No,No,No internet service,Yes,0,No,Yes,Yes,Yes,0
4267,47,Female,60,35.19,323.03,Month-to-month,Credit card,Fiber optic,No,No internet service,No internet service,Yes,1,Yes,Yes,Yes,No,0
4268,26,Male,10,98.73,785.51,One year,Electronic check,No,Yes,Yes,Yes,Yes,0,No,Yes,Yes,No,0
4269,38,Male,25,147.86,5231.47,Month-to-month,Bank transfer,No,Yes,No internet service,No internet service,Yes,0,No,No,Yes,No,0
4270,37,Female,31,51.53,3269.2,Two year,Bank transfer,Fiber optic,No internet service,No,No,No,0,No,No,Yes,No phone service,0
4271,36,Male,21,103.96,4581.75,Two year,Bank transfer,DSL,No,Yes,Yes,No,0,Yes,No,No,Yes,0
4272,36,Female,33,59.47,1925.51,Month-to-month,Mailed check,Fiber optic,No,No internet service,Yes,Yes,0,No,No,Yes,No,0
4273,29,Female,31,136.83,5230.4,Month-to-month,Credit card,Fiber optic,Yes,No internet service,Yes,Yes,0,Yes,No,Yes,No,0
4274,54,Female,21,97.16,2018.35,Month-to-month,Electronic check,Fiber optic,No,No internet service,No,No,0,Yes,No,Yes,No,0
4275,59,Male,36,46.97,3740.42,Month-to-month,Bank transfer,DSL,No,No,No internet service,No,0,No,Yes,Yes,Yes,0
4276,34,Female,65,54.08,3881.89,One year,Bank transfer,Fiber optic,No internet service,No internet service,No internet service,Yes,0,Yes,No,Yes,No,0
4277,54,Male,4,76.22,1503.58,One year,Electronic check,Fiber optic,No internet service,No,Yes,No,0,Yes,No,Yes,No,0
4278,65,Female,68,35.87,7022.04,Month-to-month,Mailed check,Fiber optic,No internet service,Yes,Yes,Yes,0,Yes,No,Yes,Yes,0
4279,56,Female,4,30.24,4253.99,Two year,Bank transfer,Fiber optic,No,Yes,No internet service,Yes,1,Yes,No,Yes,No phone service,0
4280,45,Male,9,108.41,6947.59,One year,Mailed check,DSL,No,No internet service,No,No,0,Yes,No,Yes,No,0
4281,58,Female,30,72.93,2174.03,Two year,Mailed check,Fiber optic,No internet service,No,Yes,Yes,0,Yes,Yes,Yes,No,0
4282,52,Female,45,114.41,1461.45,One year,Mailed check,Fiber optic,No internet service,No internet service,Yes,Yes,0,Yes,Yes,Yes,Yes,0
4283,64,Male,4,34.31,242.33,One year,Bank transfer,DSL,No,Yes,No,No,0,Yes,No,Yes,No,0
4284,65,Male,69,99.28,841.53,Month-to-month,Bank transfer,No,No,No,Yes,No,0,Yes,No,Yes,Yes,0
4285,35,Male,23,77.63,1265.02,One year,Electronic check,No,Yes,Yes,No,No,1,Yes,No,No,No phone service,0
4286,31,Female,16,27.54,722.96,Month-to-month,Electronic check,DSL,No internet service,Yes,No internet service,Yes,0,No,No,Yes,Yes,0
4287,52,Male,22,90.82,7185.35,One year,Mailed check,DSL,No internet service,No,No internet service,No,0,No,Yes,Yes,No,0
4288,61,Male,48,30.76,7300.36,Month-to-month,Bank transfer,Fiber optic,No internet service,No,Yes,Yes,0,Yes,Yes,Yes,Yes,0
4289,58,Female,62,127.6,7505.17,Month-to-month,Mailed check,Fiber optic,No,No,No internet service,Yes,0,Yes,Yes,Yes,Yes,1
4290,24,Male,60,102.15,7682.9,Month-to-month,Electronic check,Fiber optic,No,No internet service,No,Yes,0,No,No,Yes,Yes,0
4291,58,Female,5,92.41,3985.5,Month-to-month,Mailed check,Fiber optic,Yes,No internet service,Yes,Yes,0,Yes,No,Yes,Yes,0
4292,30,Female,7,37.35,4287.19,Month-to-month,Credit card,No,Yes,No,No,No,1,Yes,Yes,Yes,No phone service,1
4293,35,Male,51,57.37,1133.56,Two year,Mailed check,Fiber optic,No internet service,No,No internet service,Yes,0,No,No,Yes,Yes,0
4294,54,Female,65,84.07,1182.71,Month-to-month,Bank transfer,DSL,Yes,No internet service,No internet service,No,0,No,Yes,Yes,Yes,0
4295,30,Male,9,102.33,6204.78,One year,Mailed check,Fiber optic,No,No,No internet service,No,1,No,No,Yes,No,1
4296,53,Male,45,43.82,6860.26,Month-to-month,Mailed check,Fiber optic,Yes,Yes,Yes,No,0,Yes,No,Yes,No,0
4297,48,Male,47,21.15,6299.24,Month-to-month,Bank transfer,No,Yes,No,No,No,0,No,Yes,Yes,Yes,0
4298,19,Male,67,64.82,6693.15,Month-to-month,Credit card,DSL,No,No internet service,Yes,No,0,No,No,Yes,Yes,0
4299,33,Female,24,82.77,2284.91,Month-to-month,Bank transfer,Fiber optic,No internet service,No,No internet service,No,0,No,No,Yes,No phone service,0
4300,26,Female,10,43.98,3781.92,Month-to-month,Electronic check,Fiber optic,No internet service,No,No internet service,No,0,Yes,Yes,Yes,No,1
4301,26,Male,48,83.98,3727.68,Month-to-month,Credit card,Fiber optic,Yes,Yes,Yes,No,0,No,Yes,Yes,No phone service,0
4302,55,Male,35,64.0,7962.74,Month-to-month,Credit card,DSL,No,No,No,No,0,No,Yes,Yes,Yes,0
4303,28,Female,54,79.16,7598.51,Two year,Bank transfer,No,No,No internet service,No internet service,Yes,0,Yes,No,Yes,No phone service,0
4304,39,Male,71,65.17,4828.04,Month-to-month,Mailed check,Fiber optic,Yes,No internet service,No,No,0,Yes,Yes,Yes,No phone service,0
4305,50,Female,16,101.7,1189.99,Two year,Electronic check,No,No internet service,Yes,No internet service,Yes,0,Yes,Yes,Yes,No,0
4306,53,Male,53,25.58,2142.91,Two year,Electronic check,DSL,No internet service,Yes,Yes,Yes,1,Yes,No,No,No,0
4307,62,Female,40,42.22,2973.72,One year,Credit card,Fiber optic,No internet service,No internet service,No internet service,Yes,1,Yes,Yes,Yes,No,0
4308,40,Female,20,76.26,6998.37,Two year,Electronic check,No,No,No,Yes,No,0,Yes,No,Yes,No,0
4309,62,Female,69,66.32,1448.0,Month-to-month,Credit card,No,No,No internet service,Yes,No,1,Yes,No,Yes,Yes,0
4310,62,Male,45,70.91,1836.0,Two year,Credit card,No,No,Yes,Yes,Yes,1,No,Yes,No,No,0
4311,51,Male,6,124.49,2860.14,Month-to-month,Electronic check,DSL,No internet service,No internet service,No internet service,No,1,No,No,Yes,Yes,1
4312,26,Male,69,135.22,7422.59,Month-to-month,Credit card,Fiber optic,Yes,Yes,No,Yes,0,Yes,No,Yes,No,0
4313,41,Male,49,52.33,4080.12,One year,Mailed check,DSL,No,No internet service,No,No,0,No,No,Yes,Yes,0
4314,25,Male,39,128.73,5210.0,Two year,Credit card,DSL,No,No,No internet service,No,0,No,No,Yes,No phone service,0
4315,24,Female,2,79.64,3159.06,Two year,Mailed check,DSL,Yes,No,Yes,Yes,0,Yes,No,Yes,No,0
4316,53,Female,39,55.6,1589.32,Month-to-month,Mailed check,Fiber optic,No internet service,Yes,No,No,1,No,No,Yes,No,0
4317,35,Female,21,148.11,1860.12,Month-to-month,Mailed check,Fiber optic,No,No,No,No,0,No,Yes,Yes,No phone service,1
4318,20,Female,40,127.22,6441.1,One year,Electronic check,Fiber optic,No internet service,Yes,No internet service,Yes,0,No,No,Yes,No,0
4319,45,Female,54,149.25,7158.51,One year,Mailed check,Fiber optic,No,No,Yes,Yes,0,No,No,Yes,Yes,0
4320,23,Female,12,41.86,3995.3,Month-to-month,Electronic check,DSL,No,No internet service,No,No,0,No,Yes,Yes,No phone service,0
4321,61,Female,37,38.7,2920.26,Month-to-month,Bank transfer,No,Yes,No,No internet service,No,0,No,Yes,Yes,No,0
4322,61,Male,38,85.44,6481.9,Two year,Mailed check,DSL,Yes,No internet service,No internet service,Yes,1,No,No,Yes,No,0
4323,38,Female,15,103.02,5417.45,One year,Credit card,Fiber optic,Yes,Yes,Yes,Yes,0,Yes,Yes,Yes,Yes,0
4324,45,Male,7,42.24,422.9,Month-to-month,Bank transfer,Fiber optic,Yes,No,No internet service,Yes,0,Yes,No,Yes,No,1
4325,57,Female,50,131.86,2870.85,One year,Bank transfer,No,No internet service,No,Yes,Yes,0,No,No,Yes,Yes,0
4326,18,Female,65,89.16,5489.17,One year,Mailed check,No,No internet service,No internet service,No,No,0,No,No,Yes,No,0
4327,53,Male,67,73.42,4632.07,Two year,Electronic check,DSL,No internet service,Yes,No internet service,Yes,0,Yes,No,Yes,No phone service,0
4328,38,Female,44,98.27,7826.73,One year,Bank transfer,DSL,Yes,No,No,Yes,0,No,No,Yes,Yes,0
4329,60,Male,31,102.54,6942.31,Month-to-month,Mailed check,Fiber optic,No,Yes,Yes,Yes,0,Yes,No,Yes,Yes,0
4330,52,Female,43,25.56,571.93,Two year,Bank transfer,Fiber optic,No internet service,Yes,Yes,No,0,No,Yes,Yes,No,0
4331,30,Male,48,149.99,5833.58,Month-to-month,Bank transfer,Fiber optic,Yes,No,Yes,Yes,0,No,No,Yes,Yes,1
4332,66,Female,61,67.31,2756.98,Two year,Mailed check,DSL,Yes,No internet service,No internet service,No,0,Yes,No,Yes,Yes,0
4333,27,Male,10,28.0,5488.45,One year,Credit card,Fiber optic,Yes,Yes,No internet service,Yes,0,Yes,No,Yes,No phone service,0
4334,61,Male,29,130.8,4976.07,Two year,Credit card,DSL,No internet service,Yes,No internet service,No,0,No,Yes,Yes,Yes,0
4335,64,Female,48,149.09,4074.1,Month-to-month,Credit card,DSL,No,No,No,Yes,0,No,No,Yes,No phone service,1
4336,27,Female,62,126.13,6838.3,One year,Bank transfer,DSL,No internet service,Yes,No,No,0,Yes,No,Yes,Yes,0
4337,63,Male,13,130.74,5698.65,Two year,Electronic check,No,Yes,No,No internet service,No,0,No,Yes,Yes,No phone service,0
4338,30,Female,44,101.37,7127.49,One year,Electronic check,DSL,Yes,Yes,No,Yes,0,No,No,No,No phone service,0
4339,54,Male,47,139.9,2324.67,Month-to-month,Bank transfer,Fiber optic,Yes,No internet service,Yes,Yes,0,No,Yes,Yes,No phone service,0
4340,55,Female,64,24.65,2850.21,Month-to-month,Bank transfer,DSL,No internet service,No internet service,No internet service,No,1,Yes,No,Yes,No phone service,0
4341,41,Male,53,119.67,5013.42,One year,Mailed check,Fiber optic,No,No internet service,Yes,Yes,0,No,No,Yes,No phone service,0
4342,19,Female,44,107.19,7735.07,Month-to-month,Electronic check,No,No internet service,No internet service,Yes,Yes,0,Yes,No,Yes,No,0
4343,39,Male,28,26.45,3035.5,One year,Bank transfer,DSL,Yes,No,Yes,No,0,No,No,Yes,Yes,0
4344,34,Female,2,90.72,355.12,Month-to-month,Credit card,No,Yes,No,No,Yes,0,No,No,No,No,1
4345,53,Male,57,86.96,3622.51,Two year,Electronic check,No,Yes,No,Yes,Yes,1,No,Yes,Yes,Yes,0
4346,31,Male,57,109.9,4397.04,Month-to-month,Bank transfer,Fiber optic,No internet service,No,No,Yes,0,No,Yes,Yes,Yes,1
4347,27,Female,34,30.08,6427.8,Month-to-month,Mailed check,DSL,No internet service,No,Yes,Yes,0,Yes,No,Yes,No phone service,0
4348,52,Female,58,124.69,5855.94,Month-to-month,Mailed check,No,No internet service,No internet service,No internet service,No,0,Yes,No,Yes,Yes,0
4349,42,Male,52,38.12,7720.84,One year,Electronic check,No,Yes,Yes,Yes,No,0,No,No,Yes,No,0
4350,20,Male,29,74.43,6283.19,One year,Credit card,No,No internet service,Yes,Yes,No,0,No,Yes,Yes,Yes,0
4351,64,Male,35,134.57,2459.16,One year,Electronic check,No,No,No internet service,No internet service,No,0,No,No,Yes,Yes,0
4352,55,Male,48,92.87,5166.9,One year,Bank transfer,Fiber optic,No,No internet service,No,Yes,0,Yes,No,Yes,No,0
4353,34,Female,33,69.35,5410.71,Month-to-month,Credit card,Fiber optic,No,No,No internet service,No,0,No,No,Yes,No,0
4354,29,Male,9,26.27,7984.36,Two year,Bank transfer,Fiber optic,No internet service,No,Yes,Yes,1,Yes,No,Yes,No,0
4355,69,Male,48,107.4,1196.03,Two year,Credit card,Fiber optic,Yes,Yes,Yes,Yes,0,Yes,No,Yes,No phone service,0
4356,41,Male,67,148.25,1611.47,Month-to-month,Credit card,Fiber optic,Yes,Yes,No,No,0,No,No,Yes,No phone service,0
4357,46,Female,36,138.53,1328.56,Two year,Bank transfer,Fiber optic,Yes,No,Yes,Yes,1,Yes,Yes,Yes,Yes,0
4358,60,Male,71,113.25,4753.57,One year,Electronic check,Fiber optic,Yes,No,Yes,No,0,No,No,Yes,Yes,0
4359,42,Female,44,33.69,1168.88,One year,Mailed check,No,Yes,No internet service,No,Yes,0,Yes,No,Yes,No phone service,0
4360,53,Female,60,51.13,5282.46,One year,Credit card,DSL,No internet service,No,No,Yes,0,No,No,Yes,No,0
4361,43,Female,63,44.29,6449.82,Two year,Credit card,Fiber optic,No,No internet service,No,No,0,Yes,No,Yes,No,0
4362,55,Female,5,66.21,3519.06,Two year,Mailed check,DSL,No internet service,No,No,Yes,1,No,No,Yes,No,0
4363,18,Female,40,50.62,4529.41,One year,Electronic check,DSL,Yes,Yes,Yes,Yes,0,Yes,No,No,No phone service,0
4364,37,Female,19,51.78,7310.5,Month-to-month,Mailed check,Fiber optic,No internet service,No internet service,No,No,1,Yes,Yes,Yes,No,0
4365,45,Female,47,100.17,4599.57,One year,Electronic check,No,No internet service,Yes,No,No,0,No,Yes,Yes,Yes,0
4366,33,Male,65,61.43,1747.98,Month-to-month,Credit card,Fiber optic,No internet service,No internet service,Yes,Yes,0,No,Yes,Yes,No phone service,0
4367,64,Male,67,108.03,2811.23,One year,Credit card,DSL,Yes,No internet service,No,No,0,Yes,No,Yes,No,0
4368,34,Female,18,143.23,4285.78,Two year,Bank transfer,Fiber optic,Yes,Yes,Yes,Yes,0,Yes,No,Yes,Yes,0
4369,57,Male,50,103.0,1323.69,Month-to-month,Electronic check,Fiber optic,Yes,Yes,No,No,0,Yes,Yes,Yes,Yes,0
4370,45,Male,30,117.72,4938.91,Month-to-month,Mailed check,Fiber optic,No internet service,No,No,No,1,Yes,No,No,No,1
4371,29,Female,66,117.71,7994.04,One year,Electronic check,Fiber optic,No internet service,No internet service,No internet service,Yes,0,Yes,No,Yes,No phone service,0
4372,44,Male,5,62.99,5255.03,Month-to-month,Electronic check,DSL,No,No,Yes,No,0,No,Yes,No,No phone service,1
4373,59,Female,42,21.94,3042.05,Month-to-month,Electronic check,DSL,No,No internet service,No,Yes,0,Yes,Yes,Yes,No,0
4374,64,Male,5,27.16,2720.8,One year,Electronic check,Fiber optic,Yes,No,No internet service,No,0,Yes,No,Yes,No phone service,0
4375,47,Female,50,56.67,7459.67,Two year,Mailed check,Fiber optic,No,Yes,No internet service,Yes,0,Yes,Yes,Yes,Yes,0
4376,58,Female,58,109.64,6984.96,One year,Bank transfer,DSL,Yes,Yes,Yes,Yes,0,Yes,No,Yes,No,0
4377,51,Male,8,137.87,3831.63,Month-to-month,Credit card,No,Yes,No,No internet service,No,0,No,Yes,Yes,No phone service,1
4378,54,Male,31,144.64,2891.98,One year,Mailed check,DSL,No internet service,Yes,Yes,No,0,No,No,Yes,No phone service,0
4379,23,Female,12,23.36,5712.67,Month-to-month,Mailed check,DSL,No,No,No internet service,Yes,1,Yes,No,Yes,No phone service,0
4380,24,Female,21,148.71,2584.57,Two year,Credit card,Fiber optic,Yes,No internet service,Yes,No,0,Yes,No,Yes,No,0
4381,49,Female,62,61.92,1043.29,One year,Bank transfer,Fiber optic,Yes,No internet service,No,Yes,1,Yes,No,Yes,No,0
4382,49,Male,33,129.58,2550.2,Two year,Mailed check,DSL,No,Yes,Yes,Yes,0,Yes,No,Yes,Yes,0
4383,42,Male,26,43.44,3530.94,Two year,Credit card,Fiber optic,No,Yes,No internet service,Yes,0,No,No,Yes,No,0
4384,50,Male,40,28.18,2117.75,Month-to-month,Bank transfer,DSL,No,Yes,Yes,No,0,No,Yes,Yes,No,0
4385,24,Male,65,69.19,1812.83,Two year,Bank transfer,No,No,No internet service,No,No,0,No,No,Yes,No phone service,0
4386,69,Female,59,131.66,148.51,Two year,Electronic check,Fiber optic,No,No,No,Yes,0,Yes,No,Yes,No phone service,0
4387,29,Female,15,48.71,5083.66,One year,Mailed check,DSL,No,Yes,No internet service,No,0,Yes,No,Yes,No,0
4388,33,Female,1,40.01,4954.15,Month-to-month,Bank transfer,DSL,No,No,No internet service,No,0,Yes,No,Yes,No phone service,1
4389,33,Female,11,138.27,1585.4,One year,Mailed check,Fiber optic,Yes,Yes,No internet service,No,1,Yes,No,No,No phone service,0
4390,60,Male,55,141.98,7554.84,Month-to-month,Credit card,Fiber optic,No internet service,Yes,No,Yes,0,No,No,Yes,No,0
4391,53,Female,2,21.63,3335.61,One year,Mailed check,No,Yes,Yes,No,Yes,0,Yes,No,Yes,No,0
4392,30,Female,65,114.57,301.29,Month-to-month,Bank transfer,No,Yes,No,No internet service,No,0,Yes,No,Yes,No phone service,1
4393,24,Male,44,60.2,1836.2,One year,Credit card,Fiber optic,No internet service,No,No,Yes,0,No,No,No,Yes,0
4394,53,Male,16,68.71,5567.33,Two year,Credit card,No,No internet service,No,No,Yes,0,Yes,No,Yes,Yes,0
4395,64,Female,22,80.98,1692.8,Month-to-month,Electronic check,Fiber optic,No internet service,No internet service,No internet service,Yes,0,Yes,No,Yes,No,0
4396,68,Male,18,75.48,525.91,One year,Credit card,Fiber optic,No,No internet service,No,No,0,Yes,No,Yes,Yes,0
4397,26,Female,47,86.95,4979.88,Month-to-month,Bank transfer,Fiber optic,No,No internet service,No internet service,Yes,1,Yes,No,Yes,No phone service,0
4398,49,Male,30,95.71,4195.0,One year,Electronic check,DSL,No,No,No,Yes,0,No,Yes,Yes,No phone service,0
4399,28,Male,10,80.53,6114.0,One year,Bank transfer,DSL,Yes,No internet service,Yes,No,0,No,No,Yes,No,0
4400,25,Female,58,111.2,6203.79,Month-to-month,Bank transfer,No,No internet service,Yes,Yes,No,0,Yes,Yes,Yes,Yes,0
4401,50,Male,62,113.42,7683.49,One year,Electronic check,Fiber optic,No internet service,No,No,Yes,0,No,No,Yes,No phone service,0
4402,40,Female,6,77.25,550.44,Two year,Electronic check,No,Yes,Yes,No,No,0,Yes,No,No,No phone service,0
4403,42,Male,67,38.52,408.02,Month-to-month,Mailed check,DSL,No,Yes,Yes,Yes,1,No,No,Yes,Yes,0
4404,25,Male,41,103.28,7898.86,One year,Bank transfer,DSL,No internet service,No,No internet service,No,0,No,No,Yes,No phone service,0
4405,62,Male,43,120.48,5194.3,One year,Mailed check,Fiber optic,Yes,Yes,No internet service,Yes,0,No,Yes,Yes,No phone service,0
4406,39,Male,18,102.95,5751.43,Month-to-month,Credit card,Fiber optic,No,No,Yes,No,0,Yes,No,Yes,Yes,1
4407,21,Male,58,96.45,862.21,Two year,Credit card,No,Yes,No internet service,No internet service,Yes,0,Yes,No,Yes,Yes,0
4408,57,Female,60,49.82,651.52,One year,Mailed check,DSL,No,No,No internet service,Yes,1,Yes,No,Yes,No,0
4409,20,Male,27,103.87,1366.0,Month-to-month,Electronic check,Fiber optic,Yes,No,Yes,Yes,0,Yes,No,Yes,Yes,0
4410,46,Female,68,63.53,3474.85,Month-to-month,Credit card,Fiber optic,No,Yes,Yes,Yes,0,No,No,No,No,0
4411,58,Male,22,139.54,970.39,Month-to-month,Electronic check,Fiber optic,Yes,Yes,No,No,0,No,No,Yes,Yes,0
4412,46,Female,24,104.98,3626.04,One year,Mailed check,Fiber optic,Yes,Yes,Yes,Yes,0,Yes,No,Yes,No,0
4413,51,Male,40,56.16,4536.13,One year,Electronic check,Fiber optic,Yes,Yes,Yes,Yes,0,No,No,Yes,No phone service,0
4414,51,Female,66,81.48,102.63,One year,Bank transfer,Fiber optic,Yes,Yes,No internet service,No,0,No,Yes,Yes,No,0
4415,45,Female,40,130.06,1002.54,One year,Credit card,DSL,No internet service,Yes,No internet service,No,0,No,No,Yes,No,0
4416,30,Male,6,63.61,3064.04,Month-to-month,Electronic check,No,No internet service,Yes,No,Yes,0,Yes,No,No,No phone service,1
4417,32,Male,18,88.31,521.31,One year,Electronic check,No,No internet service,Yes,No internet service,No,0,Yes,Yes,Yes,Yes,0
4418,40,Male,30,108.36,1154.88,Two year,Bank transfer,Fiber optic,No internet service,Yes,No internet service,Yes,0,No,No,Yes,Yes,0
4419,61,Female,21,118.09,1931.19,Two year,Electronic check,Fiber optic,Yes,No,No internet service,No,0,Yes,No,Yes,No,0
4420,43,Female,62,42.61,3493.85,Month-to-month,Mailed check,Fiber optic,No internet service,Yes,Yes,No,1,Yes,No,Yes,Yes,0
4421,21,Male,10,93.47,5747.21,One year,Mailed check,No,No internet service,Yes,No internet service,Yes,0,No,No,Yes,No,0
4422,43,Male,13,138.59,1148.24,Month-to-month,Mailed check,DSL,Yes,No,Yes,Yes,0,Yes,No,Yes,No phone service,1
4423,57,Female,9,145.89,5929.87,Month-to-month,Credit card,Fiber optic,No internet service,No internet service,No internet service,Yes,0,No,Yes,Yes,Yes,1
4424,26,Female,68,105.3,6854.98,One year,Electronic check,DSL,No internet service,No internet service,Yes,Yes,0,Yes,Yes,Yes,Yes,0
4425,22,Male,39,147.88,5246.68,Month-to-month,Credit card,DSL,No,No,No internet service,Yes,0,Yes,Yes,Yes,Yes,1
4426,49,Female,24,94.2,445.43,Month-to-month,Credit card,Fiber optic,No internet service,No internet service,No,No,0,No,No,Yes,No phone service,0
4427,37,Male,34,77.54,3581.16,One year,Electronic check,No,No,Yes,No,No,1,Yes,No,Yes,No,0
4428,67,Male,61,91.71,5314.52,Two year,Electronic check,Fiber optic,No internet service,Yes,No,No,1,Yes,No,Yes,No,0
4429,28,Male,41,35.04,7830.25,Two year,Mailed check,Fiber optic,Yes,Yes,No internet service,No,0,No,No,Yes,No phone service,0
4430,32,Female,5,72.22,7619.29,One year,Credit card,Fiber optic,No internet service,No internet service,No,Yes,0,Yes,No,No,No,0
4431,49,Female,50,79.59,3226.05,Month-to-month,Credit card,No,Yes,No,Yes,No,0,Yes,No,Yes,No,0
4432,45,Female,4,130.32,4965.86,Month-to-month,Electronic check,Fiber optic,No internet service,Yes,No,No,0,No,No,Yes,No phone service,1
4433,39,Female,51,118.62,7137.44,One year,Credit card,DSL,No internet service,No,No,No,0,No,No,No,Yes,0
4434,58,Male,52,98.19,6665.27,Two year,Bank transfer,No,Yes,No,No,No,0,No,No,Yes,No,0
4435,34,Female,39,65.15,3887.43,Two year,Electronic check,DSL,Yes,Yes,No,Yes,0,No,No,No,No phone service,0
4436,43,Male,8,44.31,2163.81,One year,Mailed check,DSL,Yes,No,Yes,Yes,1,No,No,Yes,No,0
4437,61,Male,45,65.21,1183.09,Month-to-month,Bank transfer,Fiber optic,Yes,No,No,No,1,No,Yes,Yes,Yes,0
4438,24,Male,28,108.37,3955.04,Month-to-month,Bank transfer,Fiber optic,No,Yes,No internet service,No,0,No,No,Yes,Yes,0
4439,59,Female,27,54.19,5810.48,Month-to-month,Mailed check,Fiber optic,No,No,No,No,0,No,No,No,Yes,0
4440,43,Male,65,75.5,7761.18,Two year,Bank transfer,No,Yes,No internet service,No internet service,No,0,Yes,No,Yes,Yes,0
4441,42,Male,34,70.28,6908.34,Month-to-month,Bank transfer,DSL,No,Yes,No internet service,Yes,1,Yes,No,Yes,Yes,0
4442,27,Female,62,119.53,1713.5,One year,Bank transfer,DSL,No internet service,Yes,No,No,0,No,No,No,Yes,0
4443,62,Male,62,134.89,5786.25,Month-to-month,Credit card,DSL,No internet service,Yes,No,Yes,0,Yes,No,Yes,Yes,0
4444,36,Female,38,110.92,2383.9,One year,Bank transfer,DSL,No internet service,Yes,No internet service,No,0,No,No,Yes,Yes,0
4445,28,Female,26,64.41,5499.43,One year,Bank transfer,Fiber optic,No,Yes,Yes,Yes,0,No,No,Yes,No,0
4446,30,Female,24,76.31,5359.86,One year,Electronic check,Fiber optic,No,Yes,Yes,No,0,Yes,Yes,Yes,No phone service,0
4447,25,Male,39,38.64,2252.2,One year,Mailed check,No,No internet service,Yes,No,Yes,0,No,No,Yes,No phone service,0
4448,57,Female,21,41.85,1951.67,One year,Credit card,Fiber optic,Yes,No internet service,Yes,Yes,0,Yes,No,Yes,No,0
4449,21,Female,47,41.36,921.11,Month-to-month,Credit card,Fiber optic,No internet service,No,Yes,Yes,0,No,Yes,Yes,No phone service,0
4450,64,Female,48,36.98,499.26,Month-to-month,Mailed check,DSL,No,No internet service,No,No,0,No,No,Yes,No phone service,0
4451,48,Female,13,43.35,6881.76,Two year,Credit card,Fiber optic,No internet service,No,No internet service,No,0,Yes,Yes,No,Yes,0
4452,45,Male,3,46.35,493.81,Month-to-month,Credit card,Fiber optic,No internet service,Yes,No internet service,Yes,0,No,Yes,No,No,1
4453,28,Female,32,34.54,801.06,Month-to-month,Credit card,DSL,No,No internet service,Yes,Yes,0,No,No,Yes,Yes,0
4454,60,Male,35,103.23,1986.93,Month-to-month,Electronic check,Fiber optic,No,Yes,No internet service,No,1,Yes,No,Yes,Yes,0
4455,18,Female,19,148.75,7112.5,Month-to-month,Electronic check,DSL,No,No,No,No,0,No,No,Yes,Yes,1
4456,66,Male,14,134.29,2730.23,Month-to-month,Credit card,No,No,No internet service,Yes,Yes,0,No,No,Yes,No,1
4457,64,Female,48,25.93,1615.22,One year,Mailed check,Fiber optic,No internet service,No internet service,No internet service,No,0,Yes,No,Yes,No,0
4458,69,Male,68,75.0,5752.89,Two year,Mailed check,No,No,No,Yes,Yes,0,No,Yes,Yes,No,0
4459,55,Female,45,131.71,2620.65,One year,Electronic check,Fiber optic,Yes,No,No internet service,No,1,No,No,Yes,Yes,0
4460,41,Male,19,37.51,2733.6,Month-to-month,Electronic check,Fiber optic,No,No internet service,Yes,No,0,Yes,Yes,Yes,No,0
4461,64,Male,64,130.19,5937.92,One year,Bank transfer,Fiber optic,No,No internet service,No internet service,Yes,0,No,No,Yes,Yes,0
4462,48,Male,66,97.05,2088.06,Two year,Electronic check,No,No internet service,No internet service,No internet service,No,0,No,No,Yes,No phone service,0
4463,58,Female,66,141.07,7184.4,Two year,Credit card,Fiber optic,Yes,No,No,No,0,No,No,Yes,Yes,0
4464,63,Male,45,133.89,4535.23,Month-to-month,Electronic check,Fiber optic,Yes,Yes,No,No,0,No,Yes,Yes,No phone service,0
4465,67,Male,67,108.01,4348.87,Month-to-month,Bank transfer,DSL,Yes,No internet service,No,Yes,0,No,No,Yes,No phone service,0
4466,43,Male,69,105.52,2191.54,Two year,Bank transfer,DSL,No,No,Yes,Yes,0,Yes,No,Yes,No,0
4467,66,Male,3,47.71,6697.25,One year,Mailed check,DSL,No internet service,No internet service,Yes,No,0,Yes,Yes,Yes,Yes,0
4468,67,Female,38,35.18,4624.72,One year,Mailed check,Fiber optic,No internet service,No,Yes,Yes,1,No,Yes,Yes,No,0
4469,22,Male,42,74.0,1328.58,Month-to-month,Credit card,DSL,No,No internet service,No internet service,No,0,No,No,Yes,No,0
4470,37,Male,40,44.26,1729.76,One year,Electronic check,Fiber optic,Yes,No,No internet service,Yes,0,No,No,Yes,No phone service,0
4471,69,Male,50,33.31,3799.22,Month-to-month,Bank transfer,Fiber optic,Yes,No,No internet service,Yes,0,No,No,No,No phone service,0
4472,58,Female,35,59.3,6259.17,Month-to-month,Bank transfer,DSL,No internet service,No internet service,Yes,No,0,Yes,No,Yes,Yes,0
4473,28,Male,24,131.86,7520.43,Month-to-month,Mailed check,Fiber optic,No,No,No,No,1,No,No,Yes,No phone service,1
4474,50,Male,17,22.23,5341.64,Month-to-month,Mailed check,DSL,Yes,No,Yes,No,0,Yes,No,Yes,Yes,0
4475,67,Male,40,58.04,4098.53,Month-to-month,Electronic check,Fiber optic,No,No,Yes,Yes,0,No,No,Yes,Yes,0
4476,55,Male,66,75.13,2080.78,Month-to-month,Bank transfer,Fiber optic,No internet service,No,No,No,0,No,Yes,Yes,No,0
4477,44,Female,44,86.37,5415.66,Month-to-month,Mailed check,DSL,No,No,No,No,1,No,No,Yes,No phone service,0
4478,51,Male,23,43.61,7859.69,Month-to-month,Electronic check,No,No,No,Yes,No,0,No,No,No,No,0
4479,32,Male,6,145.35,3862.16,Month-to-month,Electronic check,Fiber optic,No,No,No internet service,Yes,0,No,Yes,Yes,No phone service,1
4480,49,Female,66,95.25,1380.92,Month-to-month,Electronic check,Fiber optic,No,No,No internet service,Yes,0,No,No,Yes,No phone service,0
4481,38,Female,21,87.87,916.39,Month-to-month,Mailed check,No,Yes,No internet service,No,Yes,0,Yes,No,Yes,No,0
4482,63,Female,35,21.15,2227.12,Month-to-month,Mailed check,DSL,No internet service,No,Yes,No,0,Yes,No,Yes,Yes,0
4483,22,Male,29,83.14,4598.59,Month-to-month,Mailed check,Fiber optic,Yes,Yes,No internet service,No,0,Yes,No,Yes,No,0
4484,23,Female,7,128.9,7579.76,Month-to-month,Credit card,Fiber optic,Yes,No internet service,No internet service,Yes,0,No,No,Yes,No phone service,1
4485,55,Male,53,48.55,2463.4,Month-to-month,Credit card,Fiber optic,Yes,No internet service,No,No,0,No,Yes,Yes,No,0
4486,39,Female,37,65.66,2512.59,Two year,Credit card,DSL,Yes,Yes,Yes,Yes,0,Yes,No,No,No,0
4487,35,Male,23,22.67,3901.32,One year,Mailed check,DSL,No internet service,No,No,Yes,0,Yes,Yes,Yes,No phone service,0
4488,31,Female,8,147.0,7356.48,Two year,Mailed check,Fiber optic,No internet service,Yes,Yes,Yes,0,Yes,No,No,No phone service,0
4489,27,Male,48,28.66,3410.53,One year,Credit card,DSL,Yes,Yes,Yes,Yes,0,No,No,Yes,Yes,0
4490,63,Female,10,136.77,1863.51,Two year,Bank transfer,DSL,No,Yes,Yes,Yes,0,No,Yes,Yes,No phone service,0
4491,30,Male,24,60.69,1388.73,Month-to-month,Bank transfer,DSL,No,No internet service,Yes,No,0,No,No,Yes,No phone service,0
4492,48,Male,47,96.38,3710.42,One year,Bank transfer,Fiber optic,No,No,Yes,No,0,Yes,Yes,Yes,No phone service,0
4493,47,Male,53,108.31,6425.35,One year,Bank transfer,DSL,No,No internet service,Yes,Yes,0,No,No,Yes,No phone service,0
4494,20,Male,39,38.31,2401.68,Two year,Credit card,Fiber optic,No,No,No internet service,No,0,No,No,Yes,No phone service,0
4495,47,Male,67,77.69,4148.93,Month-to-month,Electronic check,No,No internet service,Yes,No internet service,Yes,0,Yes,No,Yes,Yes,0
4496,23,Male,66,62.31,4863.77,Two year,Electronic check,Fiber optic,No,No internet service,No internet service,No,1,Yes,No,Yes,No phone service,0
4497,46,Male,6,27.36,3658.72,One year,Bank transfer,No,No internet service,No,No internet service,Yes,0,Yes,No,Yes,No,0
4498,25,Male,21,128.32,1614.35,One year,Mailed check,Fiber optic,No,No,Yes,No,0,No,No,Yes,No,0
4499,61,Female,36,25.87,7381.79,Two year,Bank transfer,Fiber optic,No,Yes,No internet service,Yes,0,Yes,No,Yes,No phone service,0
4500,62,Male,3,104.92,4567.05,Two year,Bank transfer,DSL,Yes,No internet service,Yes,Yes,0,No,Yes,Yes,No,0
4501,60,Male,42,60.83,5860.16,One year,Electronic check,DSL,Yes,No internet service,No,Yes,0,No,No,Yes,Yes,0
4502,61,Female,45,44.98,5124.74,Month-to-month,Mailed check,DSL,Yes,No internet service,No,Yes,0,No,No,Yes,No,0
4503,50,Male,44,106.72,7984.58,Month-to-month,Electronic check,DSL,No internet service,No internet service,No internet service,Yes,0,No,Yes,Yes,Yes,0
4504,34,Female,33,94.69,3704.85,Month-to-month,Mailed check,No,No internet service,No internet service,Yes,No,1,No,No,Yes,Yes,0
4505,65,Male,60,60.98,3457.28,Month-to-month,Credit card,No,Yes,No internet service,No internet service,Yes,0,Yes,No,Yes,No,0
4506,28,Female,70,86.68,2945.1,Month-to-month,Electronic check,DSL,Yes,No internet service,Yes,No,0,Yes,No,Yes,No,0
4507,30,Female,26,52.01,2956.86,One year,Credit card,Fiber optic,No,Yes,No internet service,Yes,0,Yes,No,Yes,No phone service,0
4508,67,Male,21,132.28,2278.58,Two year,Credit card,Fiber optic,No internet service,No,No,Yes,0,Yes,Yes,Yes,No phone service,0
4509,28,Female,2,60.8,7846.98,Month-to-month,Bank transfer,Fiber optic,No,Yes,No,No,0,No,No,Yes,No phone service,1
4510,48,Male,47,51.87,6979.18,One year,Mailed check,Fiber optic,No,No,No internet service,Yes,0,Yes,No,Yes,No,0
4511,45,Male,30,117.74,2601.72,Month-to-month,Electronic check,DSL,Yes,No,No internet service,Yes,1,No,No,Yes,Yes,0
4512,61,Male,27,22.29,2511.31,Two year,Bank transfer,Fiber optic,No,No,Yes,Yes,0,Yes,No,Yes,Yes,0
4513,23,Male,71,54.84,917.92,Month-to-month,Electronic check,Fiber optic,No,No internet service,No,Yes,0,No,No,Yes,No phone service,0
4514,58,Female,20,68.8,7028.54,One year,Credit card,Fiber optic,Yes,No internet service,No internet service,Yes,0,No,No,Yes,Yes,0
4515,33,Male,50,134.69,3036.95,Two year,Electronic check,Fiber optic,Yes,No,Yes,Yes,0,No,No,Yes,No,0
4516,21,Female,23,143.56,4623.66,Month-to-month,Electronic check,No,No,No,No,No,0,Yes,Yes,Yes,No,1
4517,52,Female,13,113.14,7212.98,One year,Bank transfer,No,No,No internet service,Yes,Yes,0,No,No,Yes,Yes,0
4518,65,Male,4,84.03,3324.0,Two year,Mailed check,Fiber optic,No,No internet service,No,No,0,Yes,Yes,Yes,No,0
4519,43,Male,14,103.28,6474.26,Month-to-month,Electronic check,DSL,No internet service,No,No,Yes,0,No,Yes,Yes,Yes,0
4520,29,Male,20,73.82,3499.26,Two year,Credit card,Fiber optic,No,No,Yes,Yes,1,No,No,Yes,No phone service,0
4521,28,Male,13,58.85,5637.43,Two year,Credit card,Fiber optic,Yes,Yes,Yes,No,1,No,No,Yes,No,0
4522,54,Female,3,143.59,3506.36,Month-to-month,Bank transfer,DSL,No,No internet service,No,No,0,Yes,No,Yes,No,1
4523,42,Male,47,35.0,3202.8,Month-to-month,Credit card,Fiber optic,No internet service,No internet service,No,Yes,0,No,No,No,No phone service,0
4524,35,Female,3,65.03,7926.6,One year,Electronic check,DSL,No,No,Yes,No,0,Yes,Yes,Yes,Yes,0
4525,36,Male,1,136.88,4937.56,Two year,Mailed check,DSL,No internet service,Yes,No internet service,Yes,0,Yes,No,Yes,No,0
4526,40,Male,24,114.01,3002.39,Month-to-month,Electronic check,DSL,No internet service,No internet service,Yes,Yes,1,Yes,Yes,Yes,No,0
4527,55,Male,35,23.78,2136.77,One year,Bank transfer,DSL,Yes,Yes,No internet service,Yes,0,No,No,Yes,Yes,0
4528,35,Male,14,23.0,414.15,Month-to-month,Credit card,Fiber optic,No,Yes,Yes,No,0,No,No,Yes,No phone service,0
4529,43,Female,67,87.15,5681.87,Two year,Electronic check,No,No internet service,No internet service,No internet service,No,0,Yes,No,Yes,No,0
4530,23,Female,13,82.95,3040.04,One year,Electronic check,Fiber optic,No,No,No internet service,No,0,Yes,No,Yes,No phone service,0
4531,21,Male,47,77.59,6587.91,One year,Credit card,Fiber optic,No internet service,Yes,No,No,0,No,No,Yes,Yes,0
4532,61,Female,50,59.3,2974.56,One year,Mailed check,Fiber optic,Yes,No,Yes,Yes,0,No,Yes,No,Yes,0
4533,68,Female,26,148.26,3049.3,Two year,Mailed check,DSL,Yes,No internet service,Yes,No,0,No,No,Yes,No phone service,0
4534,46,Male,3,55.36,6255.53,Month-to-month,Mailed check,DSL,No,Yes,Yes,No,0,No,Yes,No,Yes,1
4535,51,Male,51,83.71,3966.79,One year,Credit card,DSL,No,No,No internet service,No,0,No,No,Yes,No phone service,0
4536,34,Female,40,72.64,7090.67,Month-to-month,Electronic check,Fiber optic,No,Yes,No internet service,Yes,1,Yes,No,Yes,No,0
4537,60,Female,68,42.13,4762.07,One year,Bank transfer,Fiber optic,No,Yes,No,Yes,0,No,No,Yes,No phone service,0
4538,60,Female,36,46.34,2001.09,One year,Electronic check,DSL,No,Yes,No internet service,Yes,0,Yes,No,Yes,No phone service,0
4539,33,Female,51,139.38,4589.35,Month-to-month,Credit card,Fiber optic,No internet service,No internet service,Yes,No,0,No,No,Yes,No phone service,0
4540,19,Male,1,131.58,131.61,One year,Credit card,No,No,No,No internet service,Yes,0,No,No,Yes,No,1
4541,51,Male,33,45.88,2567.94,One year,Electronic check,DSL,No internet service,Yes,No internet service,Yes,0,No,No,Yes,Yes,0
4542,25,Female,7,133.84,1742.82,Two year,Credit card,Fiber optic,No internet service,No,No,Yes,0,Yes,Yes,Yes,No,0
4543,30,Male,52,47.19,5268.08,Month-to-month,Electronic check,Fiber optic,No internet service,No internet service,No internet service,No,0,Yes,No,Yes,No phone service,0
4544,59,Female,11,101.45,1174.7,Month-to-month,Electronic check,Fiber optic,No,Yes,Yes,No,0,Yes,No,Yes,No,1
4545,25,Female,27,30.57,2391.77,Two year,Mailed check,Fiber optic,Yes,Yes,Yes,Yes,0,Yes,Yes,Yes,Yes,0
4546,47,Male,14,134.45,2717.34,Two year,Credit card,Fiber optic,Yes,Yes,Yes,Yes,0,No,Yes,Yes,No,0
4547,49,Female,46,26.7,126.02,Month-to-month,Credit card,Fiber optic,No,No,Yes,Yes,0,No,No,Yes,No phone service,0
4548,53,Female,10,92.14,469.46,Two year,Mailed check,Fiber optic,No,No,No,Yes,0,No,No,Yes,No,0
4549,64,Male,24,121.36,2557.9,One year,Mailed check,DSL,No,Yes,No,Yes,1,No,No,Yes,No,0
4550,47,Male,61,35.19,1856.62,Two year,Mailed check,DSL,No internet service,No,Yes,No,1,No,Yes,Yes,No phone service,0
4551,18,Female,18,72.58,1023.56,One year,Bank transfer,Fiber optic,Yes,No,Yes,Yes,0,Yes,No,Yes,No phone service,0
4552,60,Female,9,25.45,1317.88,Month-to-month,Credit card,DSL,Yes,Yes,No internet service,Yes,0,No,No,Yes,Yes,0
4553,56,Male,17,108.76,6700.74,Month-to-month,Electronic check,DSL,Yes,Yes,No internet service,Yes,0,Yes,No,Yes,No,0
4554,34,Female,58,59.97,5498.22,Two year,Electronic check,DSL,Yes,Yes,No internet service,No,0,Yes,Yes,No,Yes,0
4555,37,Female,13,92.72,3924.53,Month-to-month,Electronic check,Fiber optic,No internet service,No internet service,No internet service,No,0,Yes,No,Yes,No phone service,0
4556,41,Male,50,141.26,7280.11,Two year,Credit card,DSL,No,Yes,No internet service,Yes,1,Yes,No,Yes,No phone service,0
4557,67,Male,6,59.76,333.47,One year,Bank transfer,Fiber optic,No internet service,Yes,Yes,No,0,Yes,No,Yes,Yes,0
4558,39,Male,51,26.32,2824.99,Month-to-month,Credit card,DSL,No,Yes,No internet service,No,0,Yes,No,Yes,Yes,0
4559,46,Male,36,107.83,6604.73,One year,Credit card,Fiber optic,No,Yes,No internet service,No,0,No,Yes,Yes,No,0
4560,39,Male,71,122.29,5063.48,One year,Credit card,Fiber optic,Yes,Yes,No internet service,Yes,0,No,Yes,Yes,Yes,0
4561,61,Male,25,144.52,7855.33,One year,Credit card,No,Yes,Yes,No,Yes,1,No,Yes,Yes,No,0
4562,26,Female,11,40.51,7561.67,Month-to-month,Credit card,Fiber optic,No,Yes,No,Yes,0,No,Yes,Yes,No phone service,1
4563,54,Female,44,70.98,1442.55,Two year,Bank transfer,No,No,Yes,No,Yes,0,Yes,Yes,Yes,No phone service,0
4564,27,Male,14,129.74,7778.7,One year,Mailed check,DSL,Yes,No internet service,Yes,Yes,0,No,No,Yes,No,0
4565,53,Male,29,124.89,7569.72,Two year,Electronic check,Fiber optic,Yes,No,No,No,0,Yes,No,Yes,No,0
4566,54,Female,50,101.22,3051.53,One year,Credit card,DSL,Yes,No internet service,No internet service,No,0,Yes,No,Yes,No phone service,0
4567,45,Female,5,55.02,7864.75,Month-to-month,Credit card,Fiber optic,Yes,No internet service,No internet service,No,0,No,No,Yes,No,0
4568,45,Female,69,56.92,383.17,One year,Credit card,DSL,Yes,Yes,No internet service,Yes,0,Yes,No,Yes,Yes,0
4569,59,Male,57,36.12,5319.93,Two year,Electronic check,Fiber optic,No internet service,Yes,Yes,No,0,No,Yes,Yes,No,0
4570,60,Male,26,139.84,2202.57,Month-to-month,Bank transfer,Fiber optic,No internet service,Yes,No,Yes,1,No,Yes,Yes,No phone service,0
4571,38,Female,6,42.48,1122.76,Two year,Electronic check,No,No internet service,Yes,No,Yes,0,No,Yes,Yes,No,0
4572,41,Male,16,94.48,4662.53,Month-to-month,Bank transfer,DSL,Yes,No,No internet service,No,1,No,No,Yes,Yes,0
4573,59,Male,60,95.97,2520.17,Two year,Mailed check,Fiber optic,No,No,No internet service,No,0,No,Yes,Yes,No,0
4574,57,Male,12,68.05,5367.92,Two year,Credit card,No,No,No internet service,No,Yes,0,No,Yes,Yes,No,0
4575,19,Female,3,65.83,4365.85,One year,Bank transfer,DSL,Yes,No,No,No,0,No,Yes,Yes,No,0
4576,25,Female,63,106.92,3201.46,Month-to-month,Electronic check,No,No internet service,No internet service,No internet service,No,0,No,No,Yes,No phone service,0
4577,65,Male,64,70.48,1536.4,One year,Bank transfer,DSL,No,Yes,No,No,0,Yes,No,Yes,No,0
4578,44,Male,62,53.17,4849.88,Two year,Bank transfer,No,Yes,No internet service,No,Yes,0,No,No,Yes,Yes,0
4579,39,Male,6,71.89,6650.92,One year,Mailed check,No,No internet service,No internet service,Yes,Yes,0,Yes,No,Yes,No phone service,0
4580,54,Male,19,125.0,4840.04,One year,Credit card,No,No internet service,No,No internet service,No,0,Yes,Yes,Yes,No,0
4581,44,Male,18,145.64,4923.13,One year,Credit card,Fiber optic,No internet service,No internet service,No,No,0,No,No,Yes,No phone service,0
4582,46,Female,43,102.67,4143.52,One year,Electronic check,No,No internet service,Yes,Yes,Yes,1,No,No,Yes,No,0
4583,20,Male,3,121.67,3167.1,One year,Electronic check,DSL,No internet service,Yes,Yes,Yes,1,No,Yes,Yes,No phone service,0
4584,61,Male,38,89.27,3713.92,Month-to-month,Mailed check,Fiber optic,No internet service,Yes,Yes,Yes,0,No,No,Yes,No,0
4585,30,Male,68,101.23,7917.38,Month-to-month,Bank transfer,DSL,No internet service,Yes,Yes,Yes,1,No,No,Yes,Yes,0
4586,62,Female,44,148.45,6022.38,Two year,Bank transfer,Fiber optic,No internet service,No,Yes,No,0,Yes,Yes,Yes,No phone service,0
4587,27,Female,63,76.99,3501.42,Two year,Electronic check,Fiber optic,No internet service,No internet service,Yes,Yes,0,No,Yes,Yes,No,0
4588,53,Male,42,28.61,3712.64,Month-to-month,Credit card,DSL,No internet service,No internet service,Yes,Yes,0,No,Yes,Yes,No,0
4589,26,Female,64,144.41,4047.09,Two year,Bank transfer,No,Yes,No internet service,No internet service,No,0,Yes,No,Yes,No,0
4590,44,Female,54,123.1,5308.58,Month-to-month,Mailed check,Fiber optic,No,No internet service,No internet service,No,0,Yes,No,Yes,No phone service,0
4591,51,Female,71,71.78,3781.07,Month-to-month,Electronic check,No,Yes,Yes,No internet service,No,0,Yes,No,Yes,No phone service,0
4592,68,Female,37,147.71,5520.82,Month-to-month,Bank transfer,No,No,No,Yes,Yes,0,Yes,Yes,Yes,No,1
4593,18,Female,4,64.92,2700.58,Two year,Credit card,Fiber optic,Yes,No internet service,No,Yes,0,Yes,Yes,Yes,No,0
4594,49,Female,2,68.38,3344.05,Two year,Credit card,DSL,No,No internet service,Yes,No,0,No,Yes,Yes,No,0
4595,42,Male,44,99.27,6926.02,One year,Mailed check,Fiber optic,No,No,No internet service,Yes,0,No,Yes,Yes,No phone service,0
4596,46,Female,67,55.67,2698.35,Month-to-month,Mailed check,DSL,No,No internet service,No internet service,Yes,0,Yes,No,Yes,Yes,0
4597,24,Female,68,110.81,7719.05,One year,Electronic check,DSL,Yes,No,Yes,Yes,0,Yes,No,Yes,Yes,0
4598,66,Male,62,39.87,1462.79,One year,Electronic check,DSL,No,No internet service,No internet service,No,0,No,No,Yes,No,0
4599,20,Male,1,34.04,2009.27,Month-to-month,Credit card,Fiber optic,No internet service,No,No,No,0,Yes,No,Yes,No phone service,1
4600,37,Male,17,89.53,3763.07,Month-to-month,Credit card,DSL,No,No internet service,No,Yes,0,Yes,No,Yes,No,0
4601,37,Male,16,92.21,6399.53,One year,Bank transfer,Fiber optic,Yes,Yes,No,Yes,0,Yes,No,Yes,No,0
4602,47,Female,9,33.87,5879.45,Month-to-month,Bank transfer,Fiber optic,Yes,No internet service,Yes,Yes,1,Yes,No,Yes,No phone service,1
4603,52,Female,53,145.34,1478.28,Month-to-month,Bank transfer,DSL,No internet service,Yes,No internet service,Yes,0,No,No,No,Yes,0
4604,52,Female,59,94.53,1969.81,One year,Mailed check,Fiber optic,No,No,No internet service,Yes,0,Yes,No,Yes,No phone service,0
4605,66,Female,9,39.63,4644.58,One year,Mailed check,Fiber optic,Yes,Yes,No,No,1,Yes,No,Yes,No,0
4606,56,Male,12,60.49,2431.8,Two year,Bank transfer,No,No,No internet service,No internet service,No,0,Yes,No,Yes,Yes,0
4607,44,Female,41,124.03,3436.37,Month-to-month,Credit card,DSL,No internet service,Yes,Yes,Yes,0,Yes,No,Yes,No phone service,0
4608,43,Female,15,88.02,3944.09,One year,Electronic check,Fiber optic,No internet service,Yes,No,No,0,Yes,No,Yes,Yes,0
4609,31,Male,66,44.46,4794.54,Month-to-month,Mailed check,Fiber optic,Yes,No internet service,Yes,Yes,0,No,No,Yes,No phone service,0
4610,34,Female,11,33.37,2083.31,Month-to-month,Mailed check,No,No,No,Yes,Yes,0,No,No,No,No phone service,1
4611,35,Female,8,76.0,1388.81,One year,Bank transfer,Fiber optic,No internet service,Yes,No internet service,Yes,0,No,No,Yes,Yes,0
4612,62,Female,55,63.86,3248.65,Month-to-month,Electronic check,Fiber optic,No internet service,No internet service,Yes,No,0,No,No,Yes,Yes,0
4613,69,Female,6,105.27,748.01,Month-to-month,Mailed check,DSL,Yes,Yes,No,No,0,No,Yes,Yes,No,1
4614,46,Male,53,140.28,4261.44,One year,Electronic check,DSL,No internet service,No,Yes,No,0,Yes,Yes,Yes,No,0
4615,37,Male,20,52.2,6732.88,Month-to-month,Mailed check,DSL,Yes,No,No internet service,No,0,Yes,No,No,Yes,0
4616,44,Male,39,131.18,1039.91,Two year,Electronic check,Fiber optic,No internet service,No,Yes,No,0,No,No,Yes,No,0
4617,35,Male,34,139.66,990.57,Month-to-month,Electronic check,Fiber optic,No internet service,Yes,Yes,No,0,No,No,Yes,No,0
4618,21,Male,57,137.26,733.72,Month-to-month,Mailed check,DSL,Yes,No internet service,No internet service,Yes,0,Yes,Yes,Yes,No phone service,0
4619,18,Female,19,143.77,6798.1,Month-to-month,Electronic check,Fiber optic,Yes,No,No internet service,Yes,1,No,No,No,No,0
4620,67,Female,71,129.47,737.57,Month-to-month,Credit card,DSL,No,No internet service,No internet service,Yes,0,No,No,Yes,No phone service,0
4621,18,Male,31,97.15,7869.35,Two year,Mailed check,Fiber optic,No internet service,No,No internet service,Yes,0,No,Yes,Yes,No,0
4622,43,Male,40,73.28,2930.82,One year,Mailed check,No,No,Yes,No internet service,No,0,No,No,Yes,Yes,0
4623,62,Male,14,83.92,2697.22,Month-to-month,Credit card,No,No,Yes,No internet service,No,0,Yes,No,Yes,No phone service,0
4624,37,Female,37,133.44,823.89,One year,Electronic check,DSL,Yes,No,No internet service,Yes,0,No,Yes,Yes,No,0
4625,69,Male,44,59.18,4726.57,Two year,Credit card,Fiber optic,No internet service,No internet service,Yes,No,0,No,No,Yes,Yes,0
4626,40,Female,9,40.7,4728.47,Month-to-month,Mailed check,No,Yes,No internet service,Yes,No,0,No,No,No,No phone service,1
4627,27,Female,58,38.31,4001.07,Month-to-month,Credit card,Fiber optic,No internet service,No,Yes,No,0,No,Yes,Yes,No,0
4628,28,Female,20,127.51,2557.06,Month-to-month,Electronic check,Fiber optic,Yes,Yes,No,No,1,Yes,Yes,Yes,Yes,0
4629,58,Female,50,118.99,3011.79,Two year,Credit card,Fiber optic,No internet service,No internet service,No internet service,No,1,Yes,No,Yes,No phone service,0
4630,58,Male,20,84.69,2631.98,Month-to-month,Mailed check,Fiber optic,No,No internet service,Yes,No,0,Yes,No,Yes,No,0
4631,22,Female,36,55.73,3466.56,Month-to-month,Electronic check,Fiber optic,No internet service,Yes,No internet service,Yes,1,Yes,No,Yes,No,0
4632,18,Female,27,108.09,2800.13,One year,Mailed check,DSL,No internet service,No internet service,No,No,1,No,No,Yes,No phone service,0
4633,34,Male,32,25.0,5436.59,One year,Mailed check,Fiber optic,Yes,No,No internet service,No,0,Yes,No,Yes,Yes,0
4634,39,Female,1,93.87,2436.71,Two year,Bank transfer,No,No internet service,Yes,Yes,Yes,0,No,No,Yes,No phone service,0
4635,51,Female,17,71.8,2871.62,Month-to-month,Mailed check,No,No internet service,No,No,Yes,1,Yes,No,Yes,Yes,0
4636,62,Female,9,147.12,3540.13,One year,Mailed check,DSL,No internet service,Yes,No internet service,Yes,0,Yes,No,Yes,Yes,0
4637,58,Male,45,85.98,131.3,Two year,Electronic check,Fiber optic,No internet service,No,No,Yes,0,No,Yes,No,No phone service,0
4638,46,Female,66,91.79,3987.45,Month-to-month,Electronic check,DSL,No,No,No internet service,Yes,0,No,No,Yes,Yes,0
4639,21,Female,32,112.61,2120.98,Month-to-month,Electronic check,No,Yes,No,No,Yes,0,Yes,No,Yes,No,1
4640,22,Male,45,82.99,543.59,One year,Credit card,DSL,No internet service,No internet service,Yes,Yes,0,Yes,No,Yes,No phone service,0
4641,28,Male,9,49.19,7297.07,One year,Credit card,Fiber optic,Yes,No internet service,No internet service,Yes,0,No,No,Yes,Yes,0
4642,68,Female,30,89.85,2647.11,Month-to-month,Electronic check,DSL,No,No,No internet service,Yes,0,No,Yes,Yes,No,0
4643,38,Female,38,142.75,3466.07,Month-to-month,Credit card,Fiber optic,No,No,No internet service,No,0,No,Yes,Yes,Yes,1
4644,52,Male,60,73.29,6636.01,One year,Bank transfer,DSL,No internet service,Yes,Yes,No,0,No,No,Yes,No phone service,0
4645,29,Female,1,108.35,1417.63,One year,Credit card,Fiber optic,Yes,No internet service,No,Yes,0,No,No,Yes,No,0
4646,43,Male,5,147.14,6817.44,Two year,Bank transfer,Fiber optic,Yes,No,Yes,Yes,0,No,No,Yes,Yes,0
4647,68,Female,63,127.89,2008.94,Two year,Electronic check,Fiber optic,Yes,No internet service,No,Yes,0,No,No,Yes,No phone service,0
4648,36,Male,36,105.67,4753.4,Month-to-month,Electronic check,DSL,No,Yes,No internet service,No,0,No,Yes,Yes,Yes,1
4649,62,Female,65,115.68,5516.86,Two year,Credit card,DSL,No,No,No,Yes,0,Yes,No,Yes,No phone service,0
4650,24,Male,24,141.74,7249.61,Month-to-month,Electronic check,DSL,No internet service,No internet service,No,No,0,No,No,Yes,No,0
4651,64,Male,4,144.77,4900.34,Two year,Electronic check,Fiber optic,Yes,Yes,No internet service,No,0,No,Yes,Yes,No phone service,0
4652,24,Male,68,145.97,3680.53,One year,Mailed check,Fiber optic,Yes,No,No internet service,No,0,Yes,Yes,Yes,No,0
4653,43,Male,25,101.33,4620.93,One year,Electronic check,DSL,No,No internet service,No,No,1,No,No,No,Yes,0
4654,57,Male,7,70.01,1696.45,One year,Mailed check,Fiber optic,No internet service,Yes,No internet service,Yes,0,No,No,Yes,Yes,0
4655,22,Female,13,37.31,5543.69,Month-to-month,Electronic check,DSL,No internet service,Yes,No internet service,Yes,0,No,Yes,Yes,No,0
4656,38,Female,68,70.12,1576.36,Month-to-month,Bank transfer,Fiber optic,No internet service,No internet service,No,Yes,0,Yes,Yes,Yes,Yes,0
4657,31,Male,43,142.58,4502.26,Month-to-month,Bank transfer,No,No,No,Yes,Yes,0,No,No,Yes,No,1
4658,21,Female,57,135.67,5216.07,Two year,Electronic check,DSL,Yes,No internet service,Yes,Yes,0,Yes,Yes,Yes,Yes,0
4659,40,Female,36,88.08,7198.81,Month-to-month,Bank transfer,Fiber optic,No internet service,Yes,No internet service,No,0,No,No,Yes,Yes,0
4660,59,Female,14,89.81,3656.5,Month-to-month,Bank transfer,Fiber optic,No internet service,Yes,No,No,0,Yes,No,Yes,No phone service,0
4661,37,Female,27,60.16,6225.13,Two year,Bank transfer,Fiber optic,Yes,No,No internet service,Yes,0,Yes,Yes,Yes,No phone service,0
4662,32,Female,37,79.09,1423.49,Month-to-month,Credit card,Fiber optic,No internet service,No internet service,Yes,No,0,No,No,Yes,No phone service,0
4663,67,Female,71,112.88,1333.95,Two year,Bank transfer,Fiber optic,No,No,Yes,No,1,Yes,No,Yes,No,0
4664,69,Male,25,72.32,4245.9,Month-to-month,Mailed check,DSL,No internet service,No,No,Yes,0,Yes,No,Yes,No phone service,0
4665,62,Female,67,44.44,4811.09,Month-to-month,Credit card,Fiber optic,Yes,Yes,No,No,0,Yes,No,No,No phone service,0
4666,46,Female,4,90.31,5095.49,Month-to-month,Mailed check,Fiber optic,No,No internet service,Yes,No,0,Yes,No,Yes,No phone service,1
4667,25,Female,16,49.29,5990.82,Two year,Mailed check,No,No internet service,No internet service,No,Yes,1,Yes,No,Yes,Yes,0
4668,58,Male,19,146.66,2429.96,Month-to-month,Mailed check,Fiber optic,Yes,Yes,Yes,No,0,No,Yes,Yes,No,0
4669,65,Female,29,70.74,5018.6,Month-to-month,Credit card,Fiber optic,Yes,Yes,No internet service,Yes,0,No,No,Yes,No phone service,0
4670,36,Female,51,138.26,1586.3,One year,Electronic check,Fiber optic,Yes,No internet service,Yes,No,0,No,No,Yes,No phone service,0
4671,65,Female,18,49.32,1830.08,Two year,Bank transfer,Fiber optic,Yes,No,Yes,No,0,Yes,No,Yes,No phone service,0
4672,56,Male,58,44.6,631.74,Month-to-month,Bank transfer,Fiber optic,No internet service,No,No,Yes,0,No,No,Yes,Yes,0
4673,63,Female,44,100.2,6001.3,One year,Electronic check,No,No internet service,No internet service,No,No,0,Yes,No,Yes,No,0
4674,45,Male,16,121.32,4105.24,One year,Electronic check,No,No,No,No,No,0,Yes,No,Yes,No phone service,0
4675,63,Female,65,93.68,1981.67,One year,Mailed check,DSL,No,No,No internet service,Yes,0,Yes,Yes,Yes,No phone service,0
4676,44,Male,2,49.87,4494.28,Month-to-month,Credit card,DSL,Yes,Yes,No,No,0,Yes,Yes,Yes,No phone service,1
4677,21,Male,56,24.93,2898.5,Month-to-month,Mailed check,Fiber optic,Yes,No,No internet service,No,1,Yes,No,Yes,Yes,0
4678,32,Male,28,100.38,6713.96,Month-to-month,Bank transfer,Fiber optic,No,Yes,No,Yes,1,Yes,No,Yes,Yes,1
4679,52,Female,65,37.03,4272.37,One year,Electronic check,Fiber optic,No internet service,No,No,Yes,0,No,No,Yes,No phone service,0
4680,54,Male,5,64.61,335.5,Month-to-month,Bank transfer,Fiber optic,No internet service,No internet service,Yes,No,0,Yes,Yes,Yes,Yes,1
4681,18,Male,22,107.85,7882.25,One year,Electronic check,Fiber optic,No internet service,Yes,Yes,No,0,No,No,Yes,No,0
4682,20,Male,13,32.74,686.96,Month-to-month,Credit card,DSL,Yes,No internet service,Yes,Yes,0,No,No,Yes,No phone service,0
4683,64,Male,65,36.54,5598.07,Month-to-month,Mailed check,Fiber optic,No,Yes,No internet service,No,0,Yes,No,Yes,No,0
4684,41,Female,16,28.02,3554.32,One year,Bank transfer,DSL,No,No,No,Yes,0,Yes,No,No,No,0
4685,44,Female,64,149.49,2069.61,Two year,Credit card,Fiber optic,No,No internet service,Yes,No,0,Yes,No,Yes,No,0
4686,57,Female,32,70.32,5444.02,One year,Bank transfer,No,No internet service,Yes,No,Yes,0,No,Yes,Yes,Yes,0
4687,53,Female,51,137.75,1094.59,Month-to-month,Electronic check,DSL,No,No internet service,Yes,Yes,0,Yes,No,Yes,Yes,0
4688,51,Male,58,58.17,6880.15,Month-to-month,Bank transfer,DSL,No,No internet service,No,Yes,1,Yes,No,Yes,No,0
4689,46,Female,46,117.92,2079.83,One year,Credit card,DSL,No internet service,No,Yes,Yes,0,No,No,Yes,Yes,0
4690,41,Male,52,48.48,2955.48,One year,Credit card,Fiber optic,Yes,Yes,Yes,No,0,No,Yes,Yes,Yes,0
4691,41,Female,63,84.78,5097.88,One year,Mailed check,DSL,Yes,No,Yes,No,0,Yes,No,No,No phone service,0
4692,59,Female,60,127.2,108.13,Month-to-month,Bank transfer,Fiber optic,No internet service,No internet service,Yes,Yes,0,Yes,Yes,Yes,No phone service,0
4693,21,Female,65,126.12,3834.71,Two year,Electronic check,Fiber optic,No,Yes,Yes,Yes,0,No,Yes,Yes,No phone service,0
4694,20,Male,55,123.26,7164.57,Two year,Bank transfer,DSL,Yes,No internet service,No,Yes,0,Yes,Yes,Yes,No phone service,0
4695,51,Female,57,127.09,5475.28,Month-to-month,Mailed check,Fiber optic,Yes,No internet service,Yes,No,0,No,No,Yes,No,0
4696,66,Female,71,47.49,3164.41,One year,Electronic check,No,Yes,Yes,No,Yes,0,Yes,Yes,Yes,Yes,0
4697,40,Female,26,82.69,5317.35,Month-to-month,Electronic check,DSL,No internet service,No internet service,Yes,No,0,No,No,Yes,No,0
4698,69,Male,12,83.03,7498.9,Month-to-month,Mailed check,No,Yes,Yes,No,No,0,Yes,No,Yes,No phone service,0
4699,40,Female,71,135.77,1583.66,Month-to-month,Electronic check,DSL,No,Yes,Yes,Yes,0,No,Yes,No,No phone service,0
4700,62,Female,46,58.6,4301.28,One year,Credit card,DSL,No internet service,Yes,Yes,No,0,Yes,No,Yes,Yes,0
4701,22,Male,47,141.09,1954.43,Month-to-month,Credit card,Fiber optic,No internet service,No internet service,Yes,No,0,No,No,Yes,Yes,0
4702,48,Male,38,78.6,6848.37,Two year,Electronic check,DSL,Yes,No,No internet service,Yes,0,No,No,No,Yes,0
4703,58,Female,21,107.07,5796.3,Month-to-month,Bank transfer,DSL,No,No internet service,No,No,0,Yes,No,Yes,No phone service,0
4704,23,Female,14,54.95,6428.5,Month-to-month,Electronic check,DSL,No internet service,No internet service,No,Yes,0,No,Yes,Yes,Yes,0
4705,54,Female,2,73.34,7549.79,Month-to-month,Bank transfer,No,Yes,Yes,Yes,No,1,Yes,Yes,No,Yes,1
4706,27,Male,70,112.27,1935.24,One year,Mailed check,DSL,No,No,Yes,Yes,0,No,No,Yes,No phone service,0
4707,57,Male,33,86.66,484.88,Month-to-month,Credit card,Fiber optic,No,Yes,Yes,No,0,No,No,Yes,No,0
4708,24,Male,6,140.99,2398.14,Month-to-month,Credit card,Fiber optic,No internet service,No internet service,No internet service,No,1,Yes,Yes,Yes,No,1
4709,56,Female,37,115.83,3253.2,Month-to-month,Mailed check,DSL,Yes,No,Yes,No,0,No,No,Yes,No phone service,0
4710,55,Male,14,93.37,5038.76,Month-to-month,Mailed check,DSL,No,Yes,Yes,Yes,0,Yes,No,Yes,No,0
4711,38,Female,37,135.27,6401.87,Month-to-month,Credit card,DSL,No internet service,No internet service,No,No,1,Yes,No,No,No phone service,0
4712,37,Male,8,106.52,2863.45,Month-to-month,Mailed check,DSL,No internet service,No internet service,No internet service,No,0,Yes,No,Yes,No,1
4713,20,Male,13,104.15,3840.63,Month-to-month,Electronic check,DSL,No internet service,No,No,No,0,Yes,No,Yes,Yes,1
4714,68,Male,40,52.03,6305.19,One year,Electronic check,DSL,No internet service,No internet service,No internet service,Yes,0,No,No,Yes,No,0
4715,39,Female,58,71.33,1880.1,Month-to-month,Bank transfer,DSL,No internet service,No internet service,No internet service,Yes,1,Yes,No,Yes,No phone service,0
4716,64,Female,18,108.83,1815.34,One year,Bank transfer,DSL,No,No internet service,No,Yes,0,No,No,Yes,No phone service,0
4717,21,Female,57,135.93,4754.94,Month-to-month,Bank transfer,Fiber optic,No internet service,No internet service,No,No,0,No,No,Yes,No,0
4718,45,Female,38,61.02,3544.85,Month-to-month,Electronic check,DSL,Yes,No,No internet service,No,0,No,No,Yes,No phone service,0
4719,29,Male,32,48.01,7596.28,One year,Credit card,No,Yes,No internet service,No internet service,Yes,0,No,No,Yes,No,0
4720,55,Female,66,97.18,2920.54,One year,Bank transfer,DSL,No,No internet service,Yes,Yes,0,Yes,No,Yes,No phone service,0
4721,68,Male,25,28.74,6100.49,Two year,Electronic check,Fiber optic,No internet service,No internet service,Yes,No,0,Yes,Yes,Yes,Yes,0
4722,53,Female,58,112.89,4706.43,Month-to-month,Credit card,No,No internet service,No,No,No,0,Yes,No,No,No,0
4723,64,Female,33,111.41,531.15,Two year,Mailed check,DSL,No,No,No internet service,No,0,Yes,No,Yes,No,0
4724,58,Male,66,66.15,766.65,One year,Electronic check,Fiber optic,No internet service,Yes,No,Yes,0,No,No,Yes,Yes,0
4725,22,Male,30,136.05,1704.94,Two year,Mailed check,Fiber optic,No internet service,No,Yes,No,0,No,Yes,Yes,No phone service,0
4726,30,Female,34,85.28,1230.91,Two year,Bank transfer,No,Yes,No internet service,Yes,Yes,0,Yes,No,Yes,No,0
4727,40,Female,69,103.95,2702.03,Month-to-month,Credit card,Fiber optic,No internet service,No,Yes,Yes,0,No,Yes,Yes,Yes,1
4728,67,Male,48,47.25,4674.01,Month-to-month,Electronic check,DSL,No,No,No internet service,Yes,0,Yes,No,Yes,No phone service,0
4729,47,Male,40,74.25,4858.66,One year,Bank transfer,Fiber optic,Yes,No,No,Yes,0,No,Yes,Yes,Yes,0
4730,54,Male,51,132.11,4743.37,Month-to-month,Bank transfer,Fiber optic,No,No internet service,No internet service,No,1,Yes,No,Yes,Yes,1
4731,42,Male,13,47.68,1029.11,Two year,Credit card,DSL,No,Yes,No internet service,Yes,0,No,No,Yes,No,0
4732,65,Male,31,70.77,4841.78,Month-to-month,Mailed check,Fiber optic,No internet service,Yes,Yes,No,1,Yes,No,Yes,No phone service,0
4733,44,Female,39,61.35,3337.0,Two year,Bank transfer,Fiber optic,No internet service,Yes,Yes,Yes,0,Yes,No,Yes,No,0
4734,68,Female,63,39.64,7234.12,Month-to-month,Credit card,DSL,Yes,Yes,No,Yes,0,No,No,Yes,No phone service,0
4735,31,Female,48,57.66,7304.68,Month-to-month,Credit card,No,No,No,No internet service,Yes,0,No,No,Yes,No phone service,1
4736,65,Female,48,50.26,6168.57,Two year,Electronic check,Fiber optic,No,Yes,No,Yes,0,No,No,Yes,Yes,0
4737,64,Male,61,140.07,5654.55,Month-to-month,Bank transfer,Fiber optic,No internet service,No,No,No,0,No,No,Yes,Yes,1
4738,53,Male,12,116.34,1008.13,Month-to-month,Mailed check,Fiber optic,No,No,No,No,0,No,Yes,Yes,No,1
4739,56,Male,56,61.09,769.08,Month-to-month,Mailed check,No,No,Yes,No,No,0,Yes,No,Yes,No phone service,0
4740,33,Female,18,119.23,6742.59,Two year,Bank transfer,Fiber optic,No,No internet service,Yes,No,0,No,No,No,Yes,0
4741,39,Male,27,22.88,3473.42,One year,Mailed check,Fiber optic,No,Yes,No,Yes,0,Yes,Yes,Yes,No phone service,0
4742,38,Male,28,88.45,3665.76,Two year,Credit card,No,No,Yes,Yes,No,1,No,No,Yes,Yes,0
4743,38,Female,52,52.54,6797.57,One year,Credit card,DSL,Yes,No,No,No,0,Yes,No,Yes,Yes,0
4744,25,Female,16,34.86,5009.3,Month-to-month,Bank transfer,DSL,No,No,Yes,Yes,0,No,Yes,Yes,No,0
4745,66,Female,58,134.89,1517.32,Month-to-month,Mailed check,Fiber optic,No,Yes,No,Yes,0,No,No,Yes,No phone service,0
4746,33,Male,9,45.91,1767.0,Month-to-month,Credit card,Fiber optic,Yes,Yes,No internet service,Yes,0,Yes,No,Yes,Yes,0
4747,48,Male,26,126.91,150.38,One year,Bank transfer,Fiber optic,No internet service,No internet service,No internet service,No,1,No,Yes,Yes,No phone service,0
4748,59,Female,28,73.72,5714.29,One year,Credit card,Fiber optic,No internet service,No internet service,Yes,No,1,No,No,Yes,No phone service,0
4749,27,Female,36,21.86,3936.33,Month-to-month,Bank transfer,Fiber optic,Yes,No internet service,Yes,Yes,1,Yes,No,Yes,No phone service,0
4750,49,Male,9,115.23,7604.71,Month-to-month,Electronic check,Fiber optic,Yes,No,No,No,0,Yes,Yes,Yes,Yes,1
4751,51,Female,47,97.53,5740.7,Month-to-month,Electronic check,No,No internet service,No internet service,No internet service,Yes,0,Yes,Yes,Yes,No phone service,0
4752,26,Male,51,64.74,914.91,Month-to-month,Bank transfer,Fiber optic,No,No,No,Yes,0,Yes,No,Yes,No,0
4753,34,Female,57,56.6,1376.18,Month-to-month,Electronic check,No,No,No,Yes,No,0,Yes,No,Yes,No,0
4754,28,Female,32,29.58,4063.62,Month-to-month,Electronic check,No,Yes,Yes,No,Yes,1,Yes,No,Yes,Yes,0
4755,49,Female,67,142.39,7406.51,Month-to-month,Mailed check,DSL,No,No internet service,No internet service,No,0,Yes,Yes,Yes,No,1
4756,27,Male,57,84.22,2053.28,Two year,Electronic check,Fiber optic,Yes,Yes,No internet service,Yes,0,Yes,No,Yes,No,0
4757,39,Male,54,31.12,6622.08,Month-to-month,Mailed check,DSL,No internet service,Yes,No internet service,Yes,0,No,No,Yes,Yes,0
4758,34,Female,16,132.93,2566.95,Two year,Electronic check,No,No,No,No internet service,Yes,0,Yes,No,Yes,No phone service,0
4759,21,Male,62,56.25,2232.19,Month-to-month,Electronic check,Fiber optic,No internet service,No internet service,No internet service,Yes,0,No,No,Yes,Yes,0
4760,65,Female,56,46.47,7221.0,One year,Credit card,DSL,No,Yes,Yes,No,0,No,No,Yes,Yes,0
4761,69,Female,23,56.52,473.21,Month-to-month,Bank transfer,No,No,No,No,Yes,0,Yes,No,Yes,No,0
4762,64,Male,17,93.39,5319.85,One year,Electronic check,Fiber optic,No,Yes,No,Yes,0,No,No,Yes,Yes,0
4763,42,Male,38,29.63,441.02,Month-to-month,Bank transfer,No,Yes,No internet service,No,No,0,No,No,Yes,No phone service,0
4764,38,Male,30,82.63,6426.03,Month-to-month,Bank transfer,DSL,No internet service,No,Yes,Yes,0,No,Yes,Yes,Yes,0
4765,54,Male,58,136.45,6652.29,Two year,Credit card,No,Yes,No internet service,Yes,No,0,No,Yes,Yes,Yes,0
4766,55,Female,22,44.46,7157.52,One year,Bank transfer,Fiber optic,Yes,Yes,Yes,No,0,No,No,Yes,No phone service,0
4767,66,Male,17,63.05,1570.11,Month-to-month,Bank transfer,Fiber optic,No internet service,No,Yes,No,0,No,No,Yes,Yes,0
4768,18,Male,15,71.5,1083.54,Month-to-month,Electronic check,No,No internet service,Yes,No,Yes,1,Yes,No,Yes,No phone service,0
4769,42,Female,48,96.21,4077.93,Month-to-month,Credit card,Fiber optic,Yes,Yes,No internet service,No,0,No,No,Yes,No phone service,0
4770,68,Female,32,139.5,2245.9,One year,Bank transfer,Fiber optic,Yes,No internet service,No internet service,Yes,0,No,No,Yes,No,0
4771,53,Female,40,71.29,4889.75,One year,Electronic check,DSL,Yes,No,Yes,No,1,No,No,Yes,Yes,0
4772,34,Female,57,28.99,4158.6,Month-to-month,Credit card,No,No internet service,Yes,No,No,1,Yes,No,Yes,No phone service,0
4773,58,Male,58,65.23,1244.33,Month-to-month,Electronic check,Fiber optic,Yes,No internet service,No,No,0,No,No,Yes,Yes,0
4774,41,Male,16,44.71,5940.24,Month-to-month,Credit card,No,No internet service,No internet service,Yes,Yes,0,Yes,No,Yes,No,0
4775,19,Female,28,104.73,6449.9,Month-to-month,Credit card,Fiber optic,Yes,No,No,No,0,Yes,No,No,No,0
4776,57,Female,1,23.8,7708.04,One year,Mailed check,DSL,No internet service,Yes,No internet service,No,0,No,No,Yes,No,0
4777,32,Male,41,57.95,3224.76,One year,Mailed check,DSL,Yes,No,Yes,Yes,0,No,No,Yes,No phone service,0
4778,49,Male,48,90.87,2768.11,One year,Mailed check,Fiber optic,No,No,No,No,1,Yes,No,Yes,No,0
4779,56,Male,31,56.05,1618.87,Month-to-month,Bank transfer,DSL,No,Yes,No,No,0,Yes,No,Yes,Yes,0
4780,23,Male,36,91.63,1528.83,Two year,Electronic check,DSL,No internet service,No,No,No,1,No,Yes,No,Yes,0
4781,18,Male,33,34.91,2636.32,Month-to-month,Credit card,Fiber optic,No internet service,No,Yes,Yes,0,Yes,No,Yes,No phone service,0
4782,64,Female,33,142.56,7856.35,One year,Electronic check,DSL,No,No,No internet service,No,0,Yes,Yes,Yes,Yes,0
4783,40,Female,23,57.82,828.84,Two year,Bank transfer,No,No internet service,No internet service,No,Yes,0,Yes,Yes,Yes,No phone service,0
4784,56,Female,60,139.99,2148.99,One year,Mailed check,Fiber optic,No internet service,Yes,Yes,Yes,1,No,No,Yes,No,0
4785,34,Female,30,62.36,779.23,Month-to-month,Mailed check,No,No,No,Yes,Yes,0,No,No,Yes,No phone service,0
4786,51,Male,45,121.64,2261.69,Month-to-month,Electronic check,DSL,Yes,No internet service,No,No,0,No,No,Yes,No phone service,0
4787,58,Female,39,52.0,829.97,Two year,Electronic check,DSL,No internet service,No internet service,Yes,No,0,No,No,Yes,Yes,0
4788,46,Male,45,107.07,4115.64,Month-to-month,Credit card,Fiber optic,No internet service,No,No internet service,Yes,0,No,Yes,Yes,Yes,1
4789,26,Male,12,62.08,3563.01,One year,Electronic check,Fiber optic,Yes,Yes,No internet service,Yes,0,Yes,No,No,No,0
4790,30,Male,32,86.19,1475.0,Month-to-month,Credit card,DSL,Yes,No internet service,Yes,Yes,0,No,No,Yes,Yes,0
4791,23,Male,56,107.6,1480.98,Month-to-month,Credit card,Fiber optic,No internet service,No,No,No,0,Yes,No,Yes,Yes,0
4792,23,Male,24,96.55,5046.26,Month-to-month,Mailed check,No,No internet service,Yes,No internet service,No,0,No,No,Yes,Yes,0
4793,37,Male,13,94.92,3158.26,Month-to-month,Electronic check,DSL,Yes,Yes,No,No,1,Yes,Yes,Yes,Yes,0
4794,69,Male,20,28.54,543.94,Two year,Mailed check,Fiber optic,No internet service,No,Yes,Yes,0,Yes,No,Yes,Yes,0
4795,20,Female,56,52.38,7369.52,Two year,Credit card,Fiber optic,Yes,No internet service,No internet service,Yes,0,No,No,Yes,No,0
4796,34,Male,53,94.34,3299.12,One year,Mailed check,DSL,Yes,Yes,No,Yes,0,No,No,Yes,No,0
4797,66,Female,68,22.38,4769.28,Month-to-month,Mailed check,Fiber optic,No internet service,Yes,Yes,No,1,Yes,No,Yes,No,0
4798,29,Female,54,52.58,7094.75,Month-to-month,Credit card,Fiber optic,No internet service,Yes,No,No,0,No,Yes,Yes,No,0
4799,65,Male,34,49.79,3277.06,One year,Bank transfer,DSL,Yes,Yes,No internet service,No,0,Yes,No,No,No,0
4800,64,Male,28,52.48,6583.21,Month-to-month,Bank transfer,DSL,No internet service,No internet service,Yes,Yes,0,Yes,No,Yes,Yes,0
4801,62,Female,50,89.63,7326.54,One year,Electronic check,No,Yes,No internet service,Yes,No,0,Yes,Yes,Yes,No phone service,0
4802,18,Female,2,95.65,1475.13,Month-to-month,Mailed check,DSL,No,No,No,No,0,No,Yes,No,No,1
4803,34,Female,26,138.17,7150.69,One year,Electronic check,Fiber optic,No,No,No,Yes,0,Yes,Yes,Yes,No phone service,0
4804,20,Female,51,70.18,1046.68,Two year,Mailed check,Fiber optic,Yes,No internet service,Yes,No,0,Yes,Yes,Yes,No,0
4805,43,Male,47,140.46,2273.51,Month-to-month,Electronic check,DSL,Yes,No,No internet service,No,0,No,No,Yes,No phone service,0
4806,32,Male,26,104.75,6484.87,Two year,Electronic check,No,No internet service,Yes,No internet service,No,0,Yes,No,Yes,Yes,0
4807,53,Male,61,138.65,7215.41,One year,Credit card,DSL,Yes,No internet service,No,No,0,Yes,No,Yes,Yes,0
4808,49,Female,23,128.35,5504.7,One year,Bank transfer,DSL,Yes,Yes,No,Yes,0,Yes,No,Yes,Yes,0
4809,49,Male,37,109.39,928.12,Month-to-month,Bank transfer,Fiber optic,No internet service,No internet service,No,Yes,0,No,No,Yes,No phone service,0
4810,21,Female,41,66.29,4231.64,Month-to-month,Bank transfer,DSL,No internet service,No internet service,No internet service,Yes,1,No,Yes,Yes,No,0
4811,35,Male,52,51.34,4623.81,Two year,Credit card,Fiber optic,No,No,No internet service,Yes,0,No,No,Yes,Yes,0
4812,66,Female,49,48.91,2326.69,One year,Bank transfer,No,Yes,No internet service,No,No,0,Yes,No,Yes,No phone service,0
4813,36,Male,27,143.78,7931.24,One year,Credit card,DSL,Yes,No,No,Yes,0,No,No,Yes,No,0
4814,60,Male,6,144.61,2751.46,One year,Mailed check,Fiber optic,No,No internet service,Yes,Yes,0,No,No,Yes,Yes,0
4815,69,Female,66,114.23,1761.01,Month-to-month,Credit card,DSL,Yes,Yes,Yes,Yes,0,No,Yes,Yes,No,0
4816,52,Female,24,134.89,970.07,Two year,Electronic check,No,No internet service,Yes,Yes,Yes,0,No,No,Yes,No,0
4817,57,Female,38,139.47,3090.16,Month-to-month,Electronic check,DSL,Yes,Yes,Yes,No,0,Yes,No,Yes,Yes,0
4818,31,Female,28,86.5,5571.69,Two year,Mailed check,DSL,No internet service,Yes,No,Yes,0,No,No,Yes,Yes,0
4819,50,Female,28,101.78,1928.2,Month-to-month,Mailed check,Fiber optic,Yes,Yes,No internet service,No,0,Yes,No,Yes,No,0
4820,31,Male,66,74.44,6179.4,Month-to-month,Electronic check,Fiber optic,No,Yes,No internet service,No,0,Yes,No,Yes,Yes,0
4821,51,Female,61,74.4,1169.67,Month-to-month,Bank transfer,DSL,No internet service,No internet service,Yes,No,0,No,No,Yes,Yes,0
4822,21,Male,46,25.0,3579.7,Two year,Bank transfer,No,No internet service,No,No internet service,Yes,0,No,No,Yes,Yes,0
4823,41,Male,69,76.4,5648.75,Two year,Bank transfer,DSL,No,No internet service,Yes,No,0,No,No,Yes,No phone service,0
4824,46,Male,43,107.55,1168.94,Two year,Mailed check,Fiber optic,No internet service,Yes,No,Yes,0,Yes,Yes,Yes,Yes,0
4825,36,Male,59,74.86,4822.95,Month-to-month,Electronic check,DSL,No,Yes,Yes,Yes,0,Yes,Yes,Yes,Yes,0
4826,23,Male,2,133.41,6411.72,Month-to-month,Credit card,No,Yes,No internet service,No internet service,No,0,Yes,No,Yes,No,1
4827,50,Female,15,63.23,4804.84,One year,Mailed check,DSL,No,No,No internet service,No,0,No,No,Yes,No,0
4828,66,Female,37,37.25,4140.57,Month-to-month,Electronic check,DSL,Yes,No,No internet service,No,0,No,Yes,Yes,Yes,0
4829,57,Male,71,125.5,6722.57,One year,Bank transfer,DSL,No internet service,No,No,No,1,Yes,No,Yes,No,0
4830,36,Male,20,107.61,7884.82,One year,Bank transfer,No,No internet service,No,Yes,No,0,Yes,No,Yes,No phone service,0
4831,18,Female,35,51.44,1532.37,Month-to-month,Bank transfer,DSL,No,Yes,No,No,0,No,No,Yes,Yes,0
4832,22,Female,34,89.74,5561.64,One year,Electronic check,DSL,Yes,Yes,No,Yes,0,No,No,Yes,No,0
4833,44,Male,31,72.24,737.19,Two year,Bank transfer,Fiber optic,No,No,Yes,Yes,1,Yes,No,Yes,No,0
4834,33,Female,19,142.05,438.44,Two year,Electronic check,Fiber optic,No internet service,No internet service,No internet service,No,0,Yes,Yes,Yes,Yes,0
4835,23,Female,68,98.95,2318.47,One year,Mailed check,Fiber optic,No internet service,No internet service,No internet service,Yes,0,Yes,No,Yes,No,0
4836,57,Female,24,40.59,7770.27,One year,Credit card,Fiber optic,Yes,Yes,No internet service,Yes,0,No,Yes,Yes,No,0
4837,30,Male,39,85.28,4462.35,Month-to-month,Bank transfer,DSL,Yes,No internet service,No internet service,Yes,0,No,No,No,No,0
4838,65,Female,54,132.13,2219.34,Month-to-month,Mailed check,Fiber optic,No internet service,Yes,No,Yes,1,Yes,No,Yes,Yes,0
4839,52,Male,39,107.29,1147.43,Month-to-month,Mailed check,DSL,No internet service,Yes,Yes,Yes,0,No,No,No,Yes,0
4840,36,Male,17,129.52,7369.45,Month-to-month,Electronic check,Fiber optic,Yes,No,Yes,No,0,Yes,No,Yes,No,0
4841,29,Male,19,52.55,2962.7,Month-to-month,Mailed check,Fiber optic,No,No,Yes,No,0,Yes,Yes,Yes,No,0
4842,33,Male,48,135.49,2522.91,Month-to-month,Electronic check,Fiber optic,No,No,No,Yes,0,Yes,No,Yes,No,1
4843,60,Male,35,118.23,6877.91,Two year,Electronic check,DSL,Yes,No,No internet service,Yes,0,Yes,No,Yes,Yes,0
4844,27,Female,32,114.76,4874.78,One year,Mailed check,DSL,Yes,No,No internet service,No,0,Yes,No,Yes,No,0
4845,42,Male,47,65.05,1432.23,Month-to-month,Electronic check,No,Yes,No,Yes,No,0,Yes,No,Yes,No,0
4846,37,Male,47,135.4,3429.93,Month-to-month,Electronic check,No,No internet service,No internet service,No internet service,Yes,0,Yes,No,Yes,No,0
4847,48,Male,64,102.94,7433.03,Month-to-month,Electronic check,DSL,No,No,No,No,0,No,Yes,Yes,No phone service,1
4848,21,Female,46,130.74,7219.51,Month-to-month,Mailed check,DSL,Yes,No,No internet service,No,0,Yes,No,Yes,No phone service,1
4849,61,Female,35,66.93,653.87,Month-to-month,Credit card,No,No,Yes,No internet service,Yes,0,No,No,Yes,No,0
4850,40,Female,17,38.93,2222.04,Two year,Electronic check,Fiber optic,No internet service,Yes,No internet service,Yes,0,Yes,No,No,No,0
4851,19,Female,42,63.2,1320.86,One year,Bank transfer,Fiber optic,No internet service,No,Yes,No,0,Yes,Yes,Yes,No phone service,0
4852,39,Female,29,79.18,4317.11,One year,Mailed check,Fiber optic,Yes,Yes,No,Yes,0,Yes,Yes,Yes,No,0
4853,68,Female,70,89.34,6024.87,Month-to-month,Mailed check,DSL,Yes,No internet service,Yes,Yes,0,Yes,No,Yes,No,0
4854,54,Female,17,86.41,2434.79,Month-to-month,Electronic check,Fiber optic,Yes,No internet service,No,Yes,0,Yes,No,Yes,Yes,0
4855,25,Male,14,90.99,6088.17,Month-to-month,Mailed check,No,Yes,No internet service,Yes,Yes,0,Yes,No,Yes,No phone service,0
4856,24,Male,24,129.42,5382.85,One year,Bank transfer,DSL,No,No internet service,No,No,0,No,Yes,No,No phone service,0
4857,31,Female,57,42.11,5852.96,One year,Credit card,Fiber optic,Yes,No,No,Yes,0,Yes,No,Yes,No phone service,0
4858,20,Male,50,61.09,7591.13,Month-to-month,Mailed check,Fiber optic,No,No internet service,Yes,No,0,Yes,Yes,Yes,Yes,0
4859,67,Male,57,135.52,3454.43,Two year,Mailed check,No,No internet service,No internet service,Yes,Yes,0,No,No,No,Yes,0
4860,33,Female,61,92.86,2806.29,Month-to-month,Mailed check,DSL,No internet service,No internet service,No internet service,Yes,0,No,Yes,Yes,No phone service,0
4861,36,Male,39,95.84,5502.39,One year,Electronic check,No,No,No internet service,No,Yes,0,No,No,Yes,Yes,0
4862,68,Male,55,82.15,6479.7,One year,Bank transfer,DSL,No,Yes,No,Yes,0,Yes,Yes,Yes,Yes,0
4863,35,Female,36,91.37,1612.42,Month-to-month,Credit card,Fiber optic,Yes,No internet service,No,Yes,0,Yes,No,No,Yes,0
4864,69,Male,37,45.75,6789.72,One year,Bank transfer,DSL,Yes,No internet service,No,Yes,0,No,No,No,No,0
4865,33,Female,14,91.09,557.03,Month-to-month,Bank transfer,No,Yes,Yes,No,Yes,0,No,Yes,Yes,No phone service,0
4866,25,Female,27,149.63,150.51,Month-to-month,Mailed check,DSL,No internet service,Yes,No internet service,Yes,0,Yes,No,Yes,No,0
4867,50,Male,31,93.59,1351.57,Month-to-month,Credit card,No,No,No,No internet service,No,0,No,Yes,Yes,No phone service,0
4868,66,Male,44,25.77,7831.47,Month-to-month,Bank transfer,Fiber optic,No,Yes,No internet service,No,0,Yes,No,Yes,Yes,0
4869,29,Male,68,123.54,4236.17,Month-to-month,Credit card,No,No,Yes,No,No,0,No,No,Yes,No phone service,0
4870,28,Female,48,71.54,467.88,One year,Electronic check,DSL,No,Yes,Yes,No,0,Yes,No,Yes,No phone service,0
4871,22,Female,57,39.98,7977.69,Month-to-month,Mailed check,DSL,Yes,No internet service,Yes,No,0,Yes,No,No,No,0
4872,44,Female,22,132.13,5984.8,Month-to-month,Electronic check,Fiber optic,Yes,No,No,Yes,0,No,No,Yes,No,1
4873,29,Male,4,45.74,6720.24,One year,Credit card,Fiber optic,No,No,No internet service,Yes,0,Yes,No,Yes,Yes,0
4874,34,Male,46,139.7,1782.23,Two year,Mailed check,Fiber optic,Yes,No internet service,Yes,Yes,0,No,Yes,Yes,Yes,0
4875,23,Female,59,77.43,933.05,One year,Electronic check,Fiber optic,No internet service,No,Yes,Yes,0,Yes,Yes,Yes,No,0
4876,50,Male,34,116.56,4169.17,Two year,Mailed check,DSL,Yes,No internet service,No internet service,No,0,No,No,Yes,No phone service,0
4877,22,Male,11,91.11,6200.19,One year,Electronic check,Fiber optic,No internet service,Yes,No,No,0,No,No,Yes,No phone service,0
4878,45,Female,31,53.36,5138.47,Month-to-month,Bank transfer,DSL,No internet service,No internet service,No,No,0,No,No,No,Yes,0
4879,31,Female,11,107.24,5085.37,One year,Mailed check,DSL,No,No internet service,No,No,0,No,No,Yes,Yes,0
4880,22,Male,56,144.53,6081.06,Month-to-month,Credit card,No,No,Yes,No,Yes,0,No,No,Yes,Yes,0
4881,50,Female,38,120.05,1893.46,Month-to-month,Mailed check,Fiber optic,Yes,Yes,No,Yes,0,Yes,No,No,No phone service,0
4882,67,Male,21,98.52,5326.0,Month-to-month,Credit card,Fiber optic,No,No,Yes,Yes,0,No,Yes,Yes,No phone service,0
4883,65,Female,10,148.78,3197.67,Month-to-month,Electronic check,DSL,No internet service,No internet service,No internet service,No,0,Yes,No,Yes,Yes,1
4884,58,Female,26,54.49,651.05,One year,Electronic check,DSL,No internet service,Yes,Yes,No,0,Yes,No,Yes,No phone service,0
4885,36,Female,8,28.1,1696.93,One year,Credit card,Fiber optic,Yes,No,Yes,Yes,1,No,No,Yes,No phone service,0
4886,39,Male,8,24.18,6372.63,Month-to-month,Electronic check,DSL,No internet service,No internet service,Yes,Yes,1,Yes,No,Yes,No phone service,0
4887,22,Male,60,112.39,7177.85,Two year,Mailed check,DSL,No,Yes,No internet service,Yes,0,Yes,No,Yes,No phone service,0
4888,19,Female,34,127.93,2334.29,One year,Electronic check,DSL,Yes,Yes,Yes,No,0,Yes,No,No,No phone service,0
4889,47,Female,16,102.56,1603.85,Month-to-month,Credit card,DSL,Yes,No internet service,Yes,No,0,No,No,Yes,No phone service,0
4890,64,Female,13,137.65,311.12,Two year,Credit card,DSL,Yes,Yes,No,Yes,1,Yes,No,Yes,Yes,0
4891,56,Male,22,110.74,7586.81,Month-to-month,Bank transfer,No,No,No internet service,No internet service,No,0,Yes,No,Yes,Yes,0
4892,21,Female,27,68.22,5502.45,One year,Credit card,Fiber optic,No internet service,No internet service,No,Yes,0,Yes,No,Yes,No,0
4893,50,Female,64,43.56,7660.54,Month-to-month,Electronic check,Fiber optic,No,No internet service,No,Yes,0,No,Yes,Yes,Yes,0
4894,30,Female,2,140.2,6924.41,One year,Credit card,DSL,Yes,Yes,Yes,Yes,0,No,No,Yes,No,0
4895,37,Female,26,33.47,2789.69,Two year,Electronic check,No,No internet service,Yes,No,No,1,No,No,Yes,No phone service,0
4896,24,Male,69,90.59,990.2,One year,Electronic check,DSL,Yes,No internet service,Yes,No,1,No,Yes,Yes,No phone service,0
4897,32,Male,30,60.82,4042.55,Month-to-month,Bank transfer,DSL,No,No,No,No,0,No,No,Yes,No phone service,0
4898,40,Female,8,55.28,311.83,Month-to-month,Electronic check,DSL,Yes,No internet service,No internet service,No,0,No,Yes,Yes,Yes,1
4899,31,Male,38,103.96,1284.34,Month-to-month,Credit card,Fiber optic,No,No internet service,No internet service,No,0,No,No,Yes,No phone service,1
4900,40,Male,61,50.06,1944.12,One year,Credit card,No,Yes,No internet service,No,Yes,0,No,No,No,Yes,0
4901,36,Male,65,139.13,5358.61,Month-to-month,Credit card,Fiber optic,Yes,No,Yes,Yes,0,No,No,Yes,Yes,1
4902,46,Female,67,72.79,4128.03,Month-to-month,Electronic check,No,Yes,Yes,Yes,No,0,No,No,No,Yes,0
4903,37,Male,46,108.06,2489.11,One year,Credit card,No,No,Yes,Yes,No,0,Yes,No,Yes,No phone service,0
4904,46,Male,43,114.61,4561.67,Month-to-month,Mailed check,DSL,No,No internet service,No,Yes,0,No,No,Yes,Yes,1
4905,41,Male,59,108.78,1089.1,Two year,Mailed check,DSL,No,No internet service,Yes,No,0,Yes,No,No,No,0
4906,35,Female,46,137.44,6070.09,Month-to-month,Credit card,No,No,Yes,No,No,0,Yes,No,Yes,No,0
4907,27,Female,35,50.05,5725.08,Month-to-month,Electronic check,DSL,No,No internet service,No internet service,No,0,Yes,No,Yes,No phone service,0
4908,58,Male,39,31.19,1810.37,Month-to-month,Credit card,Fiber optic,No internet service,Yes,Yes,No,0,Yes,No,Yes,No,0
4909,25,Male,51,27.21,4890.49,Two year,Mailed check,No,Yes,No,No,Yes,0,Yes,No,Yes,Yes,0
4910,43,Female,4,134.12,4076.09,Month-to-month,Electronic check,Fiber optic,No,No internet service,Yes,No,0,Yes,No,Yes,No,1
4911,46,Female,51,146.53,580.45,Month-to-month,Credit card,Fiber optic,No internet service,Yes,No,Yes,0,No,No,Yes,No phone service,0
4912,27,Male,5,59.33,2297.42,One year,Electronic check,No,No internet service,Yes,Yes,No,1,Yes,No,Yes,No,0
4913,34,Male,55,110.16,7995.91,One year,Credit card,Fiber optic,Yes,No,No internet service,No,1,Yes,No,Yes,No,0
4914,19,Female,20,21.16,886.33,Month-to-month,Bank transfer,Fiber optic,Yes,No internet service,No,Yes,1,No,Yes,Yes,No,0
4915,23,Female,24,44.52,4100.65,One year,Electronic check,DSL,Yes,No,No,Yes,0,Yes,No,Yes,Yes,0
4916,22,Male,36,109.61,6809.74,Month-to-month,Mailed check,Fiber optic,No,Yes,No internet service,No,0,Yes,No,Yes,Yes,1
4917,45,Female,34,28.57,2475.15,Month-to-month,Mailed check,No,Yes,Yes,No internet service,Yes,0,No,No,Yes,No,0
4918,58,Male,54,80.91,2159.6,One year,Mailed check,Fiber optic,Yes,No,Yes,Yes,0,Yes,Yes,Yes,Yes,0
4919,22,Male,34,106.14,7137.27,Month-to-month,Mailed check,Fiber optic,Yes,No,No,Yes,1,No,No,Yes,No,1
4920,35,Male,17,119.57,2508.16,Two year,Credit card,Fiber optic,No internet service,No,No,No,0,No,Yes,Yes,No,0
4921,43,Female,5,79.0,5246.8,Month-to-month,Credit card,No,No,No internet service,Yes,No,0,Yes,No,Yes,No,1
4922,37,Male,18,101.94,5948.47,One year,Electronic check,DSL,Yes,Yes,Yes,No,0,Yes,Yes,Yes,No phone service,0
4923,58,Male,55,90.14,6330.08,Month-to-month,Bank transfer,Fiber optic,No internet service,No internet service,No,No,0,Yes,No,Yes,No phone service,0
4924,66,Female,53,26.8,7958.6,Two year,Bank transfer,No,No,No internet service,No internet service,Yes,1,Yes,No,Yes,Yes,0
4925,44,Female,50,116.56,6445.22,Month-to-month,Electronic check,DSL,Yes,No,Yes,No,0,No,No,Yes,No phone service,1
4926,66,Male,45,42.41,5290.4,Two year,Mailed check,No,No internet service,No internet service,No,No,0,No,No,Yes,Yes,0
4927,29,Male,13,24.13,7174.16,Month-to-month,Bank transfer,No,No,No internet service,Yes,No,0,No,Yes,Yes,No,0
4928,24,Female,16,78.65,7255.38,One year,Bank transfer,No,Yes,No,No internet service,Yes,0,Yes,Yes,Yes,No phone service,0
4929,20,Female,13,132.53,7788.02,One year,Electronic check,Fiber optic,Yes,No,No,Yes,0,Yes,No,No,No,0
4930,27,Female,20,39.61,6234.08,Month-to-month,Mailed check,Fiber optic,No internet service,No,No,No,1,Yes,No,Yes,Yes,0
4931,51,Male,66,21.67,1639.93,Month-to-month,Credit card,Fiber optic,Yes,Yes,No,Yes,0,Yes,No,Yes,No,0
4932,42,Male,47,34.3,5707.47,Two year,Credit card,DSL,No internet service,Yes,No internet service,Yes,0,Yes,Yes,Yes,No phone service,0
4933,52,Male,19,67.28,693.51,Month-to-month,Bank transfer,DSL,No internet service,No internet service,Yes,No,0,No,No,Yes,Yes,0
4934,33,Female,45,95.42,2611.91,One year,Credit card,No,No internet service,No internet service,No internet service,Yes,0,No,No,Yes,No phone service,0
4935,19,Male,37,45.09,1014.88,Month-to-month,Electronic check,Fiber optic,No,Yes,No internet service,Yes,0,No,No,Yes,No phone service,0
4936,41,Female,54,124.26,7604.55,Two year,Bank transfer,DSL,No internet service,No internet service,No internet service,No,1,No,Yes,No,No phone service,0
4937,27,Male,6,117.93,2776.16,One year,Bank transfer,DSL,No,No,No,No,0,No,No,Yes,No phone service,1
4938,55,Female,14,110.46,5734.4,Month-to-month,Mailed check,Fiber optic,Yes,Yes,No internet service,Yes,0,Yes,No,No,No,0
4939,39,Male,4,83.37,4613.42,Month-to-month,Credit card,No,No,No internet service,No,No,0,No,No,Yes,Yes,1
4940,43,Male,55,67.48,949.34,Month-to-month,Mailed check,Fiber optic,No internet service,No internet service,No,Yes,0,No,Yes,Yes,No phone service,0
4941,60,Female,34,68.83,4534.62,Month-to-month,Bank transfer,DSL,Yes,No internet service,Yes,Yes,0,No,No,Yes,No phone service,0
4942,56,Female,27,85.4,5322.09,Month-to-month,Credit card,Fiber optic,No internet service,Yes,Yes,No,1,Yes,No,Yes,No,0
4943,44,Male,7,30.05,7063.99,Two year,Mailed check,DSL,No internet service,Yes,No internet service,Yes,0,Yes,No,Yes,No phone service,0
4944,46,Female,3,108.7,653.68,Two year,Credit card,DSL,Yes,Yes,No,Yes,0,No,Yes,No,Yes,0
4945,64,Female,47,65.7,2435.51,Month-to-month,Bank transfer,Fiber optic,No internet service,No,No,Yes,0,Yes,No,Yes,No phone service,0
4946,55,Male,2,49.22,5569.49,One year,Bank transfer,Fiber optic,No,No internet service,Yes,No,1,Yes,No,Yes,No phone service,0
4947,37,Female,25,56.18,371.22,Month-to-month,Bank transfer,Fiber optic,Yes,No internet service,No,Yes,0,No,No,Yes,No phone service,0
4948,44,Male,60,43.44,1708.07,Month-to-month,Electronic check,No,Yes,No,No internet service,Yes,0,Yes,No,Yes,Yes,0
4949,58,Male,24,137.2,1827.5,Month-to-month,Mailed check,Fiber optic,Yes,Yes,No,Yes,1,Yes,No,Yes,No phone service,0
4950,37,Female,15,41.97,5387.68,One year,Mailed check,No,No internet service,Yes,No internet service,No,0,Yes,No,Yes,Yes,0
4951,61,Female,14,134.78,2359.09,Two year,Bank transfer,No,No internet service,Yes,Yes,No,0,No,No,Yes,Yes,0
4952,36,Male,54,94.39,4836.81,Month-to-month,Mailed check,Fiber optic,Yes,No,Yes,No,0,No,No,Yes,No phone service,0
4953,37,Male,6,132.77,7726.25,Month-to-month,Bank transfer,DSL,No,No internet service,No,Yes,0,No,No,Yes,No,1
4954,52,Male,18,81.63,6366.62,Month-to-month,Mailed check,No,No internet service,No,No,No,0,Yes,No,Yes,No phone service,0
4955,64,Male,20,140.59,2729.93,Two year,Credit card,No,No internet service,No internet service,Yes,No,0,No,No,Yes,No,0
4956,19,Male,62,47.49,3831.96,Month-to-month,Mailed check,Fiber optic,No internet service,No internet service,No internet service,Yes,0,Yes,No,Yes,No phone service,0
4957,47,Male,40,92.11,1685.32,One year,Bank transfer,Fiber optic,No,No internet service,No internet service,No,1,Yes,No,Yes,No,0
4958,51,Female,39,36.36,224.19,Two year,Mailed check,DSL,No internet service,No,No internet service,Yes,0,No,No,Yes,Yes,0
4959,39,Female,52,78.14,2388.75,Month-to-month,Credit card,DSL,No internet service,Yes,Yes,Yes,0,No,No,No,Yes,0
4960,20,Female,32,94.09,3018.33,One year,Credit card,Fiber optic,No,Yes,Yes,Yes,0,Yes,No,Yes,No phone service,0
4961,23,Male,27,98.74,4558.5,Month-to-month,Credit card,DSL,No,No,Yes,Yes,0,Yes,Yes,Yes,No phone service,0
4962,32,Female,52,67.52,7558.13,Two year,Bank transfer,DSL,No internet service,No internet service,No,Yes,0,No,No,Yes,No,0
4963,44,Male,63,29.92,7588.03,Month-to-month,Electronic check,Fiber optic,Yes,No,Yes,No,0,No,Yes,Yes,No,0
4964,27,Male,63,105.19,653.78,Two year,Bank transfer,No,Yes,Yes,No internet service,Yes,0,Yes,No,Yes,Yes,0
4965,26,Female,17,83.5,4955.7,Two year,Credit card,No,No,No,No internet service,Yes,0,Yes,No,Yes,No,0
4966,50,Male,49,37.79,434.59,One year,Mailed check,No,No internet service,No internet service,Yes,Yes,1,No,No,Yes,Yes,0
4967,49,Male,23,141.66,5219.84,Month-to-month,Credit card,Fiber optic,No,Yes,Yes,Yes,0,Yes,No,Yes,Yes,1
4968,65,Male,13,144.24,1029.85,One year,Electronic check,Fiber optic,No,No internet service,No internet service,Yes,1,Yes,Yes,No,No,0
4969,23,Male,23,131.36,7576.58,Month-to-month,Electronic check,No,Yes,No,Yes,Yes,0,Yes,Yes,No,No phone service,1
4970,58,Male,57,129.7,6928.28,Month-to-month,Credit card,Fiber optic,No,No internet service,No,Yes,0,Yes,Yes,No,No,0
4971,53,Male,62,32.83,276.4,Month-to-month,Bank transfer,DSL,No,No,Yes,No,0,No,No,Yes,No phone service,0
4972,19,Female,54,149.14,6278.84,One year,Electronic check,Fiber optic,No internet service,Yes,No internet service,No,0,No,Yes,Yes,Yes,0
4973,46,Male,20,72.05,5123.59,Two year,Credit card,No,No internet service,Yes,No internet service,No,0,No,No,Yes,Yes,0
4974,21,Male,52,41.21,4013.42,Two year,Bank transfer,DSL,No,Yes,Yes,Yes,0,Yes,No,No,No phone service,0
4975,18,Male,23,125.57,4860.81,One year,Mailed check,DSL,No,No internet service,No internet service,No,0,Yes,No,Yes,Yes,0
4976,36,Male,35,49.34,5458.18,One year,Bank transfer,Fiber optic,No internet service,No,Yes,No,0,No,No,Yes,Yes,0
4977,43,Female,67,88.4,7087.21,Two year,Electronic check,No,Yes,No,No internet service,Yes,0,Yes,Yes,Yes,No,0
4978,42,Female,34,36.64,6162.13,Two year,Bank transfer,DSL,No internet service,No,No internet service,No,0,Yes,No,No,No,0
4979,27,Male,33,81.7,4645.48,Month-to-month,Bank transfer,Fiber optic,No internet service,No internet service,No internet service,Yes,0,Yes,No,No,Yes,0
4980,32,Male,46,92.56,6614.46,Month-to-month,Mailed check,DSL,No internet service,No,Yes,Yes,1,No,No,Yes,No,0
4981,39,Male,45,77.97,7896.69,Month-to-month,Credit card,Fiber optic,No internet service,Yes,Yes,Yes,0,Yes,No,Yes,Yes,0
4982,68,Female,19,29.03,2471.44,One year,Bank transfer,Fiber optic,No internet service,No,Yes,Yes,0,Yes,No,Yes,Yes,0
4983,65,Female,15,83.04,1035.52,One year,Mailed check,DSL,Yes,No internet service,No,No,0,No,No,Yes,No phone service,0
4984,38,Female,66,80.96,5878.44,Two year,Electronic check,No,No internet service,Yes,No,Yes,0,No,No,Yes,No,0
4985,39,Female,39,54.01,7830.91,Two year,Credit card,No,No internet service,Yes,No,No,0,No,No,Yes,No,0
4986,53,Male,18,139.81,1021.98,Month-to-month,Electronic check,DSL,Yes,No internet service,No internet service,No,0,Yes,No,Yes,Yes,0
4987,51,Female,70,74.31,3510.49,Month-to-month,Credit card,DSL,No,Yes,No internet service,Yes,1,No,No,Yes,No phone service,0
4988,47,Female,59,132.34,591.91,Month-to-month,Bank transfer,DSL,Yes,No,Yes,No,0,Yes,No,Yes,No,0
4989,42,Male,32,34.26,6234.6,Month-to-month,Bank transfer,No,No internet service,No internet service,No internet service,Yes,0,No,Yes,Yes,No,0
4990,62,Male,21,61.45,7594.8,Month-to-month,Credit card,DSL,No,No,No,Yes,0,No,No,Yes,Yes,0
4991,45,Female,40,42.92,4042.05,Two year,Electronic check,DSL,Yes,No internet service,No,Yes,0,No,Yes,Yes,No,0
4992,18,Female,27,73.09,3335.22,Month-to-month,Electronic check,Fiber optic,No,No internet service,Yes,No,0,No,Yes,Yes,No,0
4993,66,Female,2,34.51,7270.98,One year,Electronic check,DSL,Yes,No internet service,No internet service,Yes,0,Yes,Yes,Yes,Yes,0
4994,62,Female,39,77.33,1153.77,Month-to-month,Bank transfer,DSL,Yes,No,No internet service,No,1,Yes,No,Yes,No phone service,0
4995,21,Male,56,66.0,7143.52,Month-to-month,Credit card,Fiber optic,No,No internet service,No,No,0,Yes,Yes,No,No,0
4996,24,Male,13,49.03,3197.8,Two year,Credit card,DSL,No,Yes,Yes,Yes,0,No,Yes,Yes,Yes,0
4997,66,Female,56,103.48,4519.31,One year,Electronic check,No,No,No,No,Yes,1,Yes,Yes,Yes,Yes,0
4998,26,Female,66,143.62,4273.51,Month-to-month,Bank transfer,No,No,No internet service,No internet service,No,1,No,Yes,Yes,No phone service,0
4999,53,Female,56,46.92,4966.24,Two year,Credit card,Fiber optic,No internet service,No internet service,No,No,0,No,No,Yes,No phone service,0
5000,36,Female,28,112.53,7542.77,Month-to-month,Credit card,Fiber optic,Yes,No,No,Yes,0,Yes,No,Yes,Yes,1
